rho,tauL,J_z0,rho_m_DT,gap
0.5,0.3,0.1376553029,0.08964714046,0.0480081624
0.5,0.4,0.1270329836,0.08964714046,0.0373858431
0.5,0.49,0.117866456,0.08964714046,0.02821931556
0.6,0.3,0.1460857849,0.1075765685,0.03850921639
0.6,0.4,0.1333390018,0.1075765685,0.02576243323
0.6,0.49,0.1223391687,0.1075765685,0.01476260018
0.7,0.3,0.154516267,0.1255059966,0.02901027039
0.7,0.4,0.13964502,0.1255059966,0.01413902337
0.7,0.49,0.1268118815,0.1255059966,0.001305884811
0.8,0.3,0.1629467491,0.1434354247,0.01951132438
0.8,0.4,0.1459510382,0.1434354247,0.002515613503
0.8,0.49,0.1312845942,0.1434354247,-0.01215083056
0.9,0.3,0.1713772312,0.1613648528,0.01001237838
0.9,0.4,0.1522570565,0.1613648528,-0.009107796362
0.9,0.49,0.1357573069,0.1613648528,-0.02560754594
