cL,k,a3_right,v,xp,pool_belief,edge_belief,tauL,vH,brH,regretH,brL,regretL,UH1,UH1_identity,E,OH,ok
2.9,0.0224,0.02241178511,0.72,0.220438177,0.3299673874,0.5200987084,0.333,0.7424448929,1,0,0.7200000022,3.469446952e-18,0.0126,0.0126,0.1217287579,0.08267467337,True
2.9,0.0224,0.02241178511,0.73,0.1912851444,0.327717432,0.5140675724,0.333,0.7424448929,1,0,0.7300000045,3.469446952e-18,0.01287559055,0.01287559055,0.1227170376,0.08328715442,True
2.9,0.0224,0.02241178511,0.74,0.1616853388,0.3254627978,0.507920672,0.333,0.7424448929,1,0,0.74,0,0.01315555556,0.01315555556,0.1237181464,0.0838999546,True
2.9,0.022,0.02241178511,0.735,0.2234095726,0.3293992383,0.5227117534,0.333,0.7424448929,1,0,0.735,0,0.0127826087,0.0127826087,0.1213164723,0.08261174399,True
2.9,0.022,0.02241178511,0.74,0.2087889731,0.3282636715,0.51968706,0.333,0.7424448929,1,0,0.74,0,0.01292063492,0.01292063492,0.1218118431,0.08292048498,True
2.8,0.025,0.02241178511,0.69,0.01437727477,0.3202220453,0.4649021373,0.321,0.7424448929,1,0,0.69,-3.469446952e-18,0.01316793893,0.01316793893,0.1307650607,0.08681834387,True
nan,0.0224,nan,0.7424448919,0.1543789608,0.3249109252,0.5064000021,nan,0.7424448929,nan,nan,nan,nan,nan,nan,0.1239649242,0.08404982691,threshold c_L=2.832591
nan,0.022412,nan,0.7424448919,0.1529627019,0.3248285104,0.5060459923,nan,0.7424448929,nan,nan,nan,nan,nan,nan,0.124022187,0.08407881467,threshold c_L=2.831904
nan,0.022,nan,0.7424448919,0.2015993194,0.3277079089,0.5181974003,nan,0.7424448929,nan,nan,nan,nan,nan,nan,0.1220552148,0.08307148198,threshold c_L=2.855899
nan,0.021,nan,0.7424448919,0.3198858253,0.3351192454,0.547632186,nan,0.7424448929,nan,nan,nan,nan,nan,nan,0.1172618589,0.08051689432,threshold c_L=2.917660
nan,0.02,nan,0.7424448919,0.4388427602,0.3431247276,0.5769011771,nan,0.7424448929,nan,nan,nan,nan,nan,nan,0.112413997,0.07779084022,threshold c_L=2.984373
nan,0.019,nan,0.7424448919,0.5588982812,0.3517292293,0.6059024966,nan,0.7424448929,nan,nan,nan,nan,nan,nan,0.1074761532,0.07487019721,threshold c_L=3.056077
nan,0.015,nan,0.7424448919,1.060081542,0.3924449257,0.7049999999,nan,0.7424448929,nan,nan,nan,nan,nan,nan,0.08602889793,0.06065037303,threshold c_L=3.395374
nan,0.01,nan,0.7424448919,1.871011758,0.4389699387,0.7049999999,nan,0.7424448929,nan,nan,nan,nan,nan,nan,0.05735259862,0.04043358202,threshold c_L=3.783083
nan,0.0075,nan,0.7424448919,2.446375903,0.4573981759,0.7049999999,nan,0.7424448929,nan,nan,nan,nan,nan,nan,0.04301444897,0.03032518652,threshold c_L=3.936651
nan,0.005,nan,0.7424448919,3.257306119,0.4734387174,0.7049999999,nan,0.7424448929,nan,nan,nan,nan,nan,nan,0.02867629931,0.02021679101,threshold c_L=4.070323
