k,kind,v,xp,Mv,pool_belief,cL_threshold,E,OH,valid
0.0167,x'=1 member,0.6737136553,1,0.6978028149,0.3895703598,3.371419665,0.08956684992,0.0625,True
0.018,x'=1 member,0.6044329579,1,0.6904484077,0.3919008422,3.390840352,0.09052088368,0.0625,True
0.02,x'=1 member,0.5025457326,1,0.6794559871,0.3955329577,3.421107981,0.09198535474,0.0625,True
0.022,x'=1 member,0.4057025784,1,0.6688196363,0.3992289152,3.451907627,0.09344821326,0.0625,True
0.0224,x'=1 member,0.3868833259,1,0.666732104,0.3999764463,3.458137052,0.09374079878,0.0625,True
0.015,v->v_H limit,0.7424448929,1.060081539,0.705,0.3924449255,3.395374379,0.08602889802,0.0606503731,True
0.0125,v->v_H limit,0.7424448929,1.424724653,0.705,0.4175780097,3.604816747,0.07169074835,0.05054197759,True
0.01,v->v_H limit,0.7424448929,1.871011755,0.705,0.4389699386,3.783082822,0.05735259868,0.04043358207,True
0.0075,v->v_H limit,0.7424448929,2.4463759,0.705,0.4573981758,3.936651465,0.04301444901,0.03032518655,True
0.005,v->v_H limit,0.7424448929,3.257306117,0.705,0.4734387174,4.070322645,0.02867629934,0.02021679103,True
0.02,corner v=0,0,1.906078743,0.6224593312,0.4580148342,3.941790285,0.06382877896,0.03973081906,True
