name,referee_value,note_value
s_M,-0.2171548219,-0.2172
s_D,1.708333333,41/24=1.7083
s_D - 41/24,-1.972152263e-31,0
s_m,3.633821489,3.6338
wL+M*DT,0.9457057191,0.9457
wL+m*DT,0.6376276142,(S) lower edge
d(3),0.7626276142,0.7626
tau_0,0.705,0.705
x*,0.8712224465,0.8712
J closed (S.2),0.09550289242,0.09550
J quadrature,0.09550289242,0.09550
J closed - quad,-1.232595164e-32,0
J closed-quad at x=-1,0.0,0
J closed-quad at x=-0.5,0.0,0
J closed-quad at x=0,0.0,0
J closed-quad at x=0.5,0.0,0
J closed-quad at x=1,-1.232595164e-32,0
DT*m/2,0.08964714046,0.08965
(1-1/b)J - k,0.02775144621,>0
m - 1/4,0.01894142137,>0
mubar*,0.3683819013,0.3684
backstop top c-B(mubar*),2.805150822,2.8051
p^2/r,0.08333333333,0.0833
rho_N,0.06,0.060
rho_U,0.2230969097,0.223
frak_r(k),1.220997512,1.2210
frak_r(2k),1.325657137,1.3257
r_C,3.592658519,3.5927
r_hand,2.124148133,2.1241
r_pool_forced,1.714048474,1.714 (CSV)
r_test_s0,2.015516441,2.0155
r_test_sD,1.843422123,1.8434
B_r0(1/2),4.804166667,
B_r0(M),6.879842898,
DT(r0),0.01666666667,
B_r1(1/2),4.291666667,
B_r1(M),6.217154822,
DT(r1),0.6666666667,
B_r2(1/2),4.134722222,
B_r2(M),5.997311098,
DT(r2),0.9388888889,
d(1),0.75,3/4
d(10),0.03921275655,4.05m-1.05
4.05m-1.05,0.03921275655,
"min d on [1,10] grid",0.03921275655,>0
max |d - d_closed| on grid,7.888609052e-31,0
s where minimal-pool N = t0,0.9357448216,near 0.93
s where W = 0 (above s_D),1.768330209,just above s_D
"argmax W on [s_M,s_m) at r=3",0.0832213303,p^2/r = 0.0833
