value_law,r,p,accepted_continuations_found,E_min_found,E_max_found,R_T_min_found,R_T_max_found,search_unresolved,global_envelope_certified,p_exact,event_id,candidates_evaluated,candidates_accepted_raw,candidates_rejected,candidates_unresolved,duplicates_merged,search_outcome
binary,1.2,0,1,0.25000000000000006,0.25000000000000006,0.1479166666666667,0.1479166666666667,false,false,0,reserve_zero,1,1,0,0,0,analytically unique continuation
binary,1.2,0.00000001,1,0.25000000000000006,0.25000000000000006,0.14791667416666662,0.14791667416666662,false,false,0.00000001,offset:reserve_zero+0.00000001,1,1,0,0,0,analytically unique continuation
binary,1.2,0.000001,1,0.25000000000000006,0.25000000000000006,0.14791741666614586,0.14791741666614586,false,false,0.000001,offset:reserve_zero+0.000001,1,1,0,0,0,analytically unique continuation
binary,1.2,0.0001,1,0.25000000000000006,0.25000000000000006,0.14799166145833337,0.14799166145833337,false,false,0.0001,offset:reserve_zero+0.0001,1,1,0,0,0,analytically unique continuation
binary,1.2,0.4999,1,0.25000000000000006,0.25000000000000006,0.39268541145833336,0.39268541145833336,false,false,0.4999,offset:declared_reserve_0.5-0.0001,1,1,0,0,0,analytically unique continuation
binary,1.2,0.499999,1,0.25000000000000006,0.25000000000000006,0.3927081041661459,0.3927081041661459,false,false,0.499999,offset:declared_reserve_0.5-0.000001,1,1,0,0,0,analytically unique continuation
binary,1.2,0.49999999,1,0.25000000000000006,0.25000000000000006,0.3927083310416666,0.3927083310416666,false,false,0.49999999,offset:declared_reserve_0.5-0.00000001,1,1,0,0,0,analytically unique continuation
binary,1.2,0.5,1,0.25000000000000006,0.25000000000000006,0.3927083333333333,0.3927083333333333,false,false,0.5,declared_reserve_0.5,1,1,0,0,0,analytically unique continuation
binary,1.2,0.50000001,1,0.25000000000000006,0.25000000000000006,0.39270833562499996,0.39270833562499996,false,false,0.50000001,offset:declared_reserve_0.5+0.00000001,1,1,0,0,0,analytically unique continuation
binary,1.2,0.500001,1,0.25000000000000006,0.25000000000000006,0.3927085624994792,0.3927085624994792,false,false,0.500001,offset:declared_reserve_0.5+0.000001,1,1,0,0,0,analytically unique continuation
binary,1.2,0.5001,1,0.25000000000000006,0.25000000000000006,0.39273124479166666,0.39273124479166666,false,false,0.5001,offset:declared_reserve_0.5+0.0001,1,1,0,0,0,analytically unique continuation
binary,1.2,0.9999,1,0.25000000000000006,0.25000000000000006,0.3771124947916667,0.3771124947916667,false,false,0.9999,offset:reserve_equals_ell-0.0001,1,1,0,0,0,analytically unique continuation
binary,1.2,0.999999,1,0.25000000000000006,0.25000000000000006,0.3770836249994792,0.3770836249994792,false,false,0.999999,offset:reserve_equals_ell-0.000001,1,1,0,0,0,analytically unique continuation
binary,1.2,0.99999999,1,0.25000000000000006,0.25000000000000006,0.37708333624999996,0.37708333624999996,false,false,0.99999999,offset:reserve_equals_ell-0.00000001,1,1,0,0,0,analytically unique continuation
binary,1.2,1,1,0.25000000000000006,0.25000000000000006,0.3770833333333333,0.3770833333333333,false,false,1,reserve_equals_ell,1,1,0,0,0,analytically unique continuation
binary,1.2,1.00000001,1,0.5439123261765344,0.5439123261765344,0.45457921689607605,0.45457921689607605,false,false,1.00000001,offset:reserve_equals_ell+0.00000001,2,1,1,0,0,analytically unique continuation
binary,1.2,1.000001,1,0.5439122927887583,0.5439122927887583,0.4545790409409546,0.4545790409409546,false,false,1.000001,offset:reserve_equals_ell+0.000001,2,1,1,0,0,analytically unique continuation
binary,1.2,1.0001,1,0.5439089537897557,0.5439089537897557,0.4545614409018799,0.4545614409018799,false,false,1.0001,offset:reserve_equals_ell+0.0001,2,1,1,0,0,analytically unique continuation
binary,1.2,1.0099,1,0.5435762505803402,0.5435762505803402,0.4527747959519388,0.4527747959519388,false,false,1.0099,offset:declared_reserve_1.01-0.0001,2,1,1,0,0,analytically unique continuation
binary,1.2,1.009999,1,0.5435728675501224,0.5435728675501224,0.4527562979052102,0.4527562979052102,false,false,1.009999,offset:declared_reserve_1.01-0.000001,2,1,1,0,0,analytically unique continuation
binary,1.2,1.00999999,1,0.5435728337175864,0.5435728337175864,0.4527561128793037,0.4527561128793037,false,false,1.00999999,offset:declared_reserve_1.01-0.00000001,2,1,1,0,0,analytically unique continuation
binary,1.2,1.01,1,0.5435728333758433,0.5435728333758433,0.45275611101035046,0.45275611101035046,false,false,1.01,declared_reserve_1.01,2,1,1,0,0,analytically unique continuation
binary,1.2,1.01000001,1,0.5435728330341003,0.5435728330341003,0.4527561091413972,0.4527561091413972,false,false,1.01000001,offset:declared_reserve_1.01+0.00000001,2,1,1,0,0,analytically unique continuation
binary,1.2,1.010001,1,0.5435727992015192,0.5435727992015192,0.45275592411457266,0.45275592411457266,false,false,1.010001,offset:declared_reserve_1.01+0.000001,2,1,1,0,0,analytically unique continuation
binary,1.2,1.0101,1,0.543569415720008,0.543569415720008,0.45273741688805297,0.45273741688805297,false,false,1.0101,offset:declared_reserve_1.01+0.0001,2,1,1,0,0,analytically unique continuation
binary,1.2,1.1999,1,0.5362173625432222,0.5362173625432222,0.40026611362330544,0.40026611362330544,false,false,1.1999,offset:reserve_equals_r-0.0001,2,1,1,0,0,analytically unique continuation
binary,1.2,1.199999,1,0.5362130463418682,0.5362130463418682,0.4002296247916467,0.4002296247916467,false,false,1.199999,offset:reserve_equals_r-0.000001,2,1,1,0,0,analytically unique continuation
binary,1.2,1.19999999,1,0.5362130031771457,0.5362130031771457,0.4002292598538062,0.4002292598538062,false,false,1.19999999,offset:reserve_equals_r-0.00000001,2,1,1,0,0,analytically unique continuation
binary,1.2,1.2,1,0.536213002741138,0.536213002741138,0.4002292561675604,0.4002292561675604,false,false,1.2,reserve_equals_r,2,1,1,0,0,analytically unique continuation
binary,1.2,1.20000001,1,0.5362130023051305,0.5362130023051305,0.4002292591460706,0.4002292591460706,false,false,1.20000001,offset:reserve_equals_r+0.00000001,2,1,1,0,0,analytically unique continuation
binary,1.2,1.200001,1,0.5362129591403713,0.5362129591403713,0.4002295540185541,0.4002295540185541,false,false,1.200001,offset:reserve_equals_r+0.000001,2,1,1,0,0,analytically unique continuation
binary,1.2,1.2001,1,0.5362086425733626,0.5362086425733626,0.4002590408780207,0.4002590408780207,false,false,1.2001,offset:reserve_equals_r+0.0001,2,1,1,0,0,analytically unique continuation
binary,1.2,1.6918030844381218779173603450223,1,0.5121814519720466,0.5121814519720466,0.5357006514834629,0.5357006514834629,false,false,"p_H=sqrt(2r(h-c_H/M)-r^2)|10,1,1,6,2-0.0001",offset:ceiling_equality_p_H-0.0001,2,1,1,0,0,analytically unique continuation
binary,1.2,1.6919020844381218779173603450223,1,0.5121760070397403,0.5121760070397403,0.5357253463610187,0.5357253463610187,false,false,"p_H=sqrt(2r(h-c_H/M)-r^2)|10,1,1,6,2-0.000001",offset:ceiling_equality_p_H-0.000001,2,1,1,0,0,analytically unique continuation
binary,1.2,1.6919030744381218779173603450223,1,0.5121759525889757,0.5121759525889757,0.5357255933037007,0.5357255933037007,false,false,"p_H=sqrt(2r(h-c_H/M)-r^2)|10,1,1,6,2-0.00000001",offset:ceiling_equality_p_H-0.00000001,2,1,1,0,0,analytically unique continuation
binary,1.2,1.6919030844381218779173603450223,1,0.5121759520389679,0.5121759520389679,0.5357255957980707,0.5357255957980707,false,false,"p_H=sqrt(2r(h-c_H/M)-r^2)|10,1,1,6,2",ceiling_equality_p_H,2,1,1,0,0,analytically unique continuation
binary,1.2,1.6919030944381218779173603450223,1,0.5121759514889601,0.5121759514889601,0.5357255982924406,0.5357255982924406,false,false,"p_H=sqrt(2r(h-c_H/M)-r^2)|10,1,1,6,2+0.00000001",offset:ceiling_equality_p_H+0.00000001,2,1,1,0,0,analytically unique continuation
binary,1.2,1.6919040844381218779173603450223,1,0.5121758970381665,0.5121758970381665,0.5357258452349996,0.5357258452349996,false,false,"p_H=sqrt(2r(h-c_H/M)-r^2)|10,1,1,6,2+0.000001",offset:ceiling_equality_p_H+0.000001,2,1,1,0,0,analytically unique continuation
binary,1.2,1.6920030844381218779173603450223,1,0.5121704518146483,0.5121704518146483,0.5357505388815128,0.5357505388815128,false,false,"p_H=sqrt(2r(h-c_H/M)-r^2)|10,1,1,6,2+0.0001",offset:ceiling_equality_p_H+0.0001,2,1,1,0,0,analytically unique continuation
binary,1.2,6.280,1,0.25000000000000006,0.25000000000000006,0.7850000000000003,0.7850000000000003,false,false,6.280,published_sampled_weak_reserve_6.280,2,1,1,0,0,analytically unique continuation
binary,1.2,6.2816181715409547646397125286473,1,0.25000000000000006,0.25000000000000006,0.7852022714426196,0.7852022714426196,false,false,"p_L=h-c_L/m|10,1,1,6,2-0.0001",offset:floor_equality_p_L-0.0001,2,1,1,0,0,analytically unique continuation
binary,1.2,6.2817171715409547646397125286473,1,0.25000000000000006,0.25000000000000006,0.7852146464426195,0.7852146464426195,false,false,"p_L=h-c_L/m|10,1,1,6,2-0.000001",offset:floor_equality_p_L-0.000001,2,1,1,0,0,analytically unique continuation
binary,1.2,6.2817181615409547646397125286473,1,0.25000000000000006,0.25000000000000006,0.7852147701926195,0.7852147701926195,false,false,"p_L=h-c_L/m|10,1,1,6,2-0.00000001",offset:floor_equality_p_L-0.00000001,2,1,1,0,0,analytically unique continuation
binary,1.2,6.2817181715409547646397125286473,1,0.2500000000000001,0.2500000000000001,0.7852147714426196,0.7852147714426196,false,false,"p_L=h-c_L/m|10,1,1,6,2",floor_equality_p_L,2,1,1,0,0,analytically unique continuation
binary,1.2,6.2817181815409547646397125286473,1,0.16450753476953034,0.16450753476953034,0.6407825865380905,0.6407825865380905,false,false,"p_L=h-c_L/m|10,1,1,6,2+0.00000001",offset:floor_equality_p_L+0.00000001,12,11,1,0,10,accepted continuation(s) found; uniqueness not established
binary,1.2,6.2817191715409547646397125286473,1,0.16450751920132256,0.16450751920132256,0.6407826612243909,0.6407826612243909,false,false,"p_L=h-c_L/m|10,1,1,6,2+0.000001",offset:floor_equality_p_L+0.000001,12,11,1,0,10,accepted continuation(s) found; uniqueness not established
binary,1.2,6.2818181715409547646397125286473,1,0.16450596235852868,0.16450596235852868,0.6407901297399926,0.6407901297399926,false,false,"p_L=h-c_L/m|10,1,1,6,2+0.0001",offset:floor_equality_p_L+0.0001,12,11,1,0,10,accepted continuation(s) found; uniqueness not established
binary,1.2,9.9999,1,0.0,0.0,0.0,0.0,false,false,9.9999,offset:reserve_equals_h-0.0001,1,1,0,0,0,accepted continuation(s) found; uniqueness not established
binary,1.2,9.999999,1,0.0,0.0,0.0,0.0,false,false,9.999999,offset:reserve_equals_h-0.000001,1,1,0,0,0,accepted continuation(s) found; uniqueness not established
binary,1.2,9.99999999,1,0.0,0.0,0.0,0.0,false,false,9.99999999,offset:reserve_equals_h-0.00000001,1,1,0,0,0,accepted continuation(s) found; uniqueness not established
binary,1.2,10,1,0.0,0.0,0.0,0.0,false,false,10,reserve_equals_h,1,1,0,0,0,accepted continuation(s) found; uniqueness not established
binary,3,0,1,0.5257331193055486,0.5257331193055486,0.6556329052777637,0.6556329052777637,false,false,0,reserve_zero,2,1,1,0,0,analytically unique continuation
binary,3,0.00000001,1,0.5257331193055486,0.5257331193055486,0.6556329100204326,0.6556329100204326,false,false,0.00000001,offset:reserve_zero+0.00000001,2,1,1,0,0,analytically unique continuation
binary,3,0.000001,1,0.5257331193055368,0.5257331193055368,0.6556333795445586,0.6556333795445586,false,false,0.000001,offset:reserve_zero+0.000001,2,1,1,0,0,analytically unique continuation
binary,3,0.0001,1,0.5257331191873738,0.5257331191873738,0.65568033110755,0.65568033110755,false,false,0.0001,offset:reserve_zero+0.0001,2,1,1,0,0,analytically unique continuation
binary,3,0.4999,1,0.5227584961863936,0.5227584961863936,0.8723526286360217,0.8723526286360217,false,false,0.4999,offset:declared_reserve_0.5-0.0001,2,1,1,0,0,analytically unique continuation
binary,3,0.499999,1,0.5227573092502268,0.5227573092502268,0.8723916509377267,0.8723916509377267,false,false,0.499999,offset:declared_reserve_0.5-0.000001,2,1,1,0,0,analytically unique continuation
binary,3,0.49999999,1,0.522757297379643,0.522757297379643,0.8723920411530721,0.8723920411530721,false,false,0.49999999,offset:declared_reserve_0.5-0.00000001,2,1,1,0,0,analytically unique continuation
binary,3,0.5,1,0.5227572972597381,0.5227572972597381,0.8723920450946406,0.8723920450946406,false,false,0.5,declared_reserve_0.5,2,1,1,0,0,analytically unique continuation
binary,3,0.50000001,1,0.5227572971398331,0.5227572971398331,0.8723920490362089,0.8723920490362089,false,false,0.50000001,offset:declared_reserve_0.5+0.00000001,2,1,1,0,0,analytically unique continuation
binary,3,0.500001,1,0.5227572852692247,0.5227572852692247,0.8723924392513993,0.8723924392513993,false,false,0.500001,offset:declared_reserve_0.5+0.000001,2,1,1,0,0,analytically unique continuation
binary,3,0.5001,1,0.5227560980861811,0.5227560980861811,0.8724314600032651,0.8724314600032651,false,false,0.5001,offset:declared_reserve_0.5+0.0001,2,1,1,0,0,analytically unique continuation
binary,3,0.9999,1,0.5135572931580844,0.5135572931580844,1.0495770333031191,1.0495770333031191,false,false,0.9999,offset:reserve_equals_ell-0.0001,2,1,1,0,0,analytically unique continuation
binary,3,0.999999,1,0.5135548056836525,0.5135548056836525,1.0496080109260677,1.0496080109260677,false,false,0.999999,offset:reserve_equals_ell-0.000001,2,1,1,0,0,analytically unique continuation
binary,3,0.99999999,1,0.5135547808075018,0.5135547808075018,1.049608320693542,1.049608320693542,false,false,0.99999999,offset:reserve_equals_ell-0.00000001,2,1,1,0,0,analytically unique continuation
binary,3,1,1,0.5135547805562274,0.5135547805562274,1.0496083238225056,1.0496083238225056,false,false,1,reserve_equals_ell,2,1,1,0,0,analytically unique continuation
binary,3,1.00000001,1,0.5135547803753098,0.5135547803753098,0.9843017653253838,0.9843017653253838,false,false,1.00000001,offset:reserve_equals_ell+0.00000001,2,1,1,0,0,analytically unique continuation
binary,3,1.000001,1,0.5135547624644603,0.5135547624644603,0.9843020824293975,0.9843020824293975,false,false,1.000001,offset:reserve_equals_ell+0.000001,2,1,1,0,0,analytically unique continuation
binary,3,1.0001,1,0.5135529712743607,0.5135529712743607,0.9843337910249308,0.9843337910249308,false,false,1.0001,offset:reserve_equals_ell+0.0001,2,1,1,0,0,analytically unique continuation
binary,3,1.0099,1,0.513374629351859,0.513374629351859,0.9874549167815694,0.9874549167815694,false,false,1.0099,offset:declared_reserve_1.01-0.0001,2,1,1,0,0,analytically unique continuation
binary,3,1.009999,1,0.5133728172898611,0.5133728172898611,0.9874862675855927,0.9874862675855927,false,false,1.009999,offset:declared_reserve_1.01-0.000001,2,1,1,0,0,analytically unique continuation
binary,3,1.00999999,1,0.5133727991681845,0.5133727991681845,0.9874865810755505,0.9874865810755505,false,false,1.00999999,offset:declared_reserve_1.01-0.00000001,2,1,1,0,0,analytically unique continuation
binary,3,1.01,1,0.513372798985137,0.513372798985137,0.9874865842421138,0.9874865842421138,false,false,1.01,declared_reserve_1.01,2,1,1,0,0,analytically unique continuation
binary,3,1.01000001,1,0.5133727988020895,0.5133727988020895,0.9874865874086769,0.9874865874086769,false,false,1.01000001,offset:declared_reserve_1.01+0.00000001,2,1,1,0,0,analytically unique continuation
binary,3,1.010001,1,0.5133727806803916,0.5133727806803916,0.9874869008982696,0.9874869008982696,false,false,1.010001,offset:declared_reserve_1.01+0.000001,2,1,1,0,0,analytically unique continuation
binary,3,1.0101,1,0.5133709684049048,0.5133709684049048,0.9875182480492688,0.9875182480492688,false,false,1.0101,offset:declared_reserve_1.01+0.0001,2,1,1,0,0,analytically unique continuation
binary,3,1.3251698283097206399485076783085,1,0.5064799616155349,0.5064799616155349,1.0688346046698527,1.0688346046698527,false,false,"p_H=sqrt(2r(h-c_H/M)-r^2)|10,1,1,6,2-0.0001",offset:ceiling_equality_p_H-0.0001,2,1,1,0,0,analytically unique continuation
binary,3,1.3252688283097206399485076783085,1,0.5064774208848761,0.5064774208848761,1.0688542460524342,1.0688542460524342,false,false,"p_H=sqrt(2r(h-c_H/M)-r^2)|10,1,1,6,2-0.000001",offset:ceiling_equality_p_H-0.000001,2,1,1,0,0,analytically unique continuation
binary,3,1.3252698183097206399485076783085,1,0.506477395476298,0.506477395476298,1.0688544424470954,1.0688544424470954,false,false,"p_H=sqrt(2r(h-c_H/M)-r^2)|10,1,1,6,2-0.00000001",offset:ceiling_equality_p_H-0.00000001,2,1,1,0,0,analytically unique continuation
binary,3,1.3252698283097206399485076783085,1,0.5064773952196455,0.5064773952196455,1.0688544444308778,1.0688544444308778,false,false,"p_H=sqrt(2r(h-c_H/M)-r^2)|10,1,1,6,2",ceiling_equality_p_H,2,1,1,0,0,analytically unique continuation
binary,3,1.3252698383097206399485076783085,1,0.25000000000000006,0.25000000000000006,0.8714356527640232,0.8714356527640232,false,false,"p_H=sqrt(2r(h-c_H/M)-r^2)|10,1,1,6,2+0.00000001",offset:ceiling_equality_p_H+0.00000001,2,1,1,0,0,analytically unique continuation
binary,3,1.3252708283097206399485076783085,1,0.25000000000000006,0.25000000000000006,0.871435808337807,0.871435808337807,false,false,"p_H=sqrt(2r(h-c_H/M)-r^2)|10,1,1,6,2+0.000001",offset:ceiling_equality_p_H+0.000001,2,1,1,0,0,analytically unique continuation
binary,3,1.3253698283097206399485076783085,1,0.25000000000000006,0.25000000000000006,0.8714513630352014,0.8714513630352014,false,false,"p_H=sqrt(2r(h-c_H/M)-r^2)|10,1,1,6,2+0.0001",offset:ceiling_equality_p_H+0.0001,2,1,1,0,0,analytically unique continuation
binary,3,2.9999,1,0.25000000000000006,0.25000000000000006,0.37507499729166693,0.37507499729166693,false,false,2.9999,offset:reserve_equals_r-0.0001,2,1,1,0,0,analytically unique continuation
binary,3,2.999999,1,0.25000000000000006,0.25000000000000006,0.3750007499997294,0.3750007499997294,false,false,2.999999,offset:reserve_equals_r-0.000001,2,1,1,0,0,analytically unique continuation
binary,3,2.99999999,1,0.25000000000000006,0.25000000000000006,0.37500000749999984,0.37500000749999984,false,false,2.99999999,offset:reserve_equals_r-0.00000001,2,1,1,0,0,analytically unique continuation
binary,3,3,1,0.25000000000000006,0.25000000000000006,0.3750000000000001,0.3750000000000001,false,false,3,reserve_equals_r,2,1,1,0,0,analytically unique continuation
binary,3,3.00000001,1,0.25000000000000006,0.25000000000000006,0.3750000012500001,0.3750000012500001,false,false,3.00000001,offset:reserve_equals_r+0.00000001,2,1,1,0,0,analytically unique continuation
binary,3,3.000001,1,0.25000000000000006,0.25000000000000006,0.37500012500000013,0.37500012500000013,false,false,3.000001,offset:reserve_equals_r+0.000001,2,1,1,0,0,analytically unique continuation
binary,3,3.0001,1,0.25000000000000006,0.25000000000000006,0.37501250000000014,0.37501250000000014,false,false,3.0001,offset:reserve_equals_r+0.0001,2,1,1,0,0,analytically unique continuation
binary,3,6.2816181715409547646397125286473,1,0.25000000000000006,0.25000000000000006,0.7852022714426196,0.7852022714426196,false,false,"p_L=h-c_L/m|10,1,1,6,2-0.0001",offset:floor_equality_p_L-0.0001,2,1,1,0,0,analytically unique continuation
binary,3,6.2817171715409547646397125286473,1,0.25000000000000006,0.25000000000000006,0.7852146464426195,0.7852146464426195,false,false,"p_L=h-c_L/m|10,1,1,6,2-0.000001",offset:floor_equality_p_L-0.000001,2,1,1,0,0,analytically unique continuation
binary,3,6.2817181615409547646397125286473,1,0.25000000000000006,0.25000000000000006,0.7852147701926195,0.7852147701926195,false,false,"p_L=h-c_L/m|10,1,1,6,2-0.00000001",offset:floor_equality_p_L-0.00000001,2,1,1,0,0,analytically unique continuation
binary,3,6.2817181715409547646397125286473,1,0.2500000000000001,0.2500000000000001,0.7852147714426196,0.7852147714426196,false,false,"p_L=h-c_L/m|10,1,1,6,2",floor_equality_p_L,2,1,1,0,0,analytically unique continuation
binary,3,6.2817181815409547646397125286473,1,0.16450753476953034,0.16450753476953034,0.6407825865380905,0.6407825865380905,false,false,"p_L=h-c_L/m|10,1,1,6,2+0.00000001",offset:floor_equality_p_L+0.00000001,12,11,1,0,10,accepted continuation(s) found; uniqueness not established
binary,3,6.2817191715409547646397125286473,1,0.16450751920132256,0.16450751920132256,0.6407826612243909,0.6407826612243909,false,false,"p_L=h-c_L/m|10,1,1,6,2+0.000001",offset:floor_equality_p_L+0.000001,12,11,1,0,10,accepted continuation(s) found; uniqueness not established
binary,3,6.2818181715409547646397125286473,1,0.16450596235852868,0.16450596235852868,0.6407901297399926,0.6407901297399926,false,false,"p_L=h-c_L/m|10,1,1,6,2+0.0001",offset:floor_equality_p_L+0.0001,12,11,1,0,10,accepted continuation(s) found; uniqueness not established
binary,3,9.9999,1,0.0,0.0,0.0,0.0,false,false,9.9999,offset:reserve_equals_h-0.0001,1,1,0,0,0,accepted continuation(s) found; uniqueness not established
binary,3,9.999999,1,0.0,0.0,0.0,0.0,false,false,9.999999,offset:reserve_equals_h-0.000001,1,1,0,0,0,accepted continuation(s) found; uniqueness not established
binary,3,9.99999999,1,0.0,0.0,0.0,0.0,false,false,9.99999999,offset:reserve_equals_h-0.00000001,1,1,0,0,0,accepted continuation(s) found; uniqueness not established
binary,3,10,1,0.0,0.0,0.0,0.0,false,false,10,reserve_equals_h,1,1,0,0,0,accepted continuation(s) found; uniqueness not established
uniform_classes,1.2,0,1,0.25000000000000006,0.25000000000000006,0.14787326388888883,0.14787326388888883,false,false,0,reserve_zero,1,1,0,0,0,analytically unique continuation
uniform_classes,1.2,0.00000001,1,0.25000000000000006,0.25000000000000006,0.14787327138888878,0.14787327138888878,false,false,0.00000001,offset:reserve_zero+0.00000001,1,1,0,0,0,analytically unique continuation
uniform_classes,1.2,0.000001,1,0.25000000000000006,0.25000000000000006,0.147874013888368,0.147874013888368,false,false,0.000001,offset:reserve_zero+0.000001,1,1,0,0,0,analytically unique continuation
uniform_classes,1.2,0.0001,1,0.25000000000000006,0.25000000000000006,0.14794825868055553,0.14794825868055553,false,false,0.0001,offset:reserve_zero+0.0001,1,1,0,0,0,analytically unique continuation
uniform_classes,1.2,0.4999,1,0.25000000000000006,0.25000000000000006,0.39264200868055554,0.39264200868055554,false,false,0.4999,offset:declared_reserve_0.5-0.0001,1,1,0,0,0,analytically unique continuation
uniform_classes,1.2,0.499999,1,0.25000000000000006,0.25000000000000006,0.39266470138836806,0.39266470138836806,false,false,0.499999,offset:declared_reserve_0.5-0.000001,1,1,0,0,0,analytically unique continuation
uniform_classes,1.2,0.49999999,1,0.25000000000000006,0.25000000000000006,0.39266492826388877,0.39266492826388877,false,false,0.49999999,offset:declared_reserve_0.5-0.00000001,1,1,0,0,0,analytically unique continuation
uniform_classes,1.2,0.5,1,0.25000000000000006,0.25000000000000006,0.3926649305555555,0.3926649305555555,false,false,0.5,declared_reserve_0.5,1,1,0,0,0,analytically unique continuation
uniform_classes,1.2,0.50000001,1,0.25000000000000006,0.25000000000000006,0.3926649328472221,0.3926649328472221,false,false,0.50000001,offset:declared_reserve_0.5+0.00000001,1,1,0,0,0,analytically unique continuation
uniform_classes,1.2,0.500001,1,0.25000000000000006,0.25000000000000006,0.39266515972170135,0.39266515972170135,false,false,0.500001,offset:declared_reserve_0.5+0.000001,1,1,0,0,0,analytically unique continuation
uniform_classes,1.2,0.5001,1,0.25000000000000006,0.25000000000000006,0.39268784201388884,0.39268784201388884,false,false,0.5001,offset:declared_reserve_0.5+0.0001,1,1,0,0,0,analytically unique continuation
uniform_classes,1.2,0.9499,1,0.25000000000000006,0.25000000000000006,0.39034513368055557,0.39034513368055557,false,false,0.9499,offset:reserve_equals_ell_minus_epsV-0.0001,1,1,0,0,0,analytically unique continuation
uniform_classes,1.2,0.949999,1,0.25000000000000006,0.25000000000000006,0.390321420138368,0.390321420138368,false,false,0.949999,offset:reserve_equals_ell_minus_epsV-0.000001,1,1,0,0,0,analytically unique continuation
uniform_classes,1.2,0.94999999,1,0.25000000000000006,0.25000000000000006,0.39032118295138885,0.39032118295138885,false,false,0.94999999,offset:reserve_equals_ell_minus_epsV-0.00000001,1,1,0,0,0,analytically unique continuation
uniform_classes,1.2,0.95,1,0.25000000000000006,0.25000000000000006,0.39032118055555554,0.39032118055555554,false,false,0.95,reserve_equals_ell_minus_epsV,1,1,0,0,0,analytically unique continuation
uniform_classes,1.2,0.95000001,1,0.25000000000000006,0.25000000000000006,0.3903211687586803,0.3903211687586803,false,false,0.95000001,offset:reserve_equals_ell_minus_epsV+0.00000001,1,1,0,0,0,analytically unique continuation
uniform_classes,1.2,0.950001,1,0.25000000000000006,0.25000000000000006,0.39032000086568575,0.39032000086568575,false,false,0.950001,offset:reserve_equals_ell_minus_epsV+0.000001,1,1,0,0,0,analytically unique continuation
uniform_classes,1.2,0.9501,1,0.25000000000000006,0.25000000000000006,0.39020318810625004,0.39020318810625004,false,false,0.9501,offset:reserve_equals_ell_minus_epsV+0.0001,1,1,0,0,0,analytically unique continuation
uniform_classes,1.2,0.9999,1,0.5441297987190874,0.5441297987190874,0.5407927443239203,0.5407927443239203,true,false,0.9999,offset:reserve_equals_ell-0.0001,13,11,1,1,10,unresolved search (open nodes or unconverged starts retained)
uniform_classes,1.2,0.999999,1,0.5441256290821956,0.5441256290821956,0.5406200532239142,0.5406200532239142,true,false,0.999999,offset:reserve_equals_ell-0.000001,13,11,1,1,10,unresolved search (open nodes or unconverged starts retained)
uniform_classes,1.2,0.99999999,1,0.5441255873914947,0.5441255873914947,0.540618325973629,0.540618325973629,true,false,0.99999999,offset:reserve_equals_ell-0.00000001,13,11,1,1,10,unresolved search (open nodes or unconverged starts retained)
uniform_classes,1.2,1,1,0.5441255869703772,0.5441255869703772,0.5406183085266221,0.5406183085266221,true,false,1,reserve_equals_ell,13,11,1,1,10,unresolved search (open nodes or unconverged starts retained)
uniform_classes,1.2,1.00000001,1,0.5441255865492596,0.5441255865492596,0.5406182910796147,0.5406182910796147,true,false,1.00000001,offset:reserve_equals_ell+0.00000001,13,11,1,1,10,unresolved search (open nodes or unconverged starts retained)
uniform_classes,1.2,1.000001,1,0.5441255448586734,0.5441255448586734,0.5406165638224748,0.5406165638224748,true,false,1.000001,offset:reserve_equals_ell+0.000001,13,11,1,1,10,unresolved search (open nodes or unconverged starts retained)
uniform_classes,1.2,1.0001,1,0.5441213763669525,0.5441213763669525,0.5404438041756354,0.5404438041756354,true,false,1.0001,offset:reserve_equals_ell+0.0001,13,11,1,1,10,unresolved search (open nodes or unconverged starts retained)
uniform_classes,1.2,1.0499,1,0.5421729086193616,0.5421729086193616,0.4447523681138304,0.4447523681138304,false,false,1.0499,offset:reserve_equals_ell_plus_epsV-0.0001,2,1,1,0,0,analytically unique continuation
uniform_classes,1.2,1.049999,1,0.5421693426384422,0.5421693426384422,0.4445441282271064,0.4445441282271064,false,false,1.049999,offset:reserve_equals_ell_plus_epsV-0.000001,2,1,1,0,0,analytically unique continuation
uniform_classes,1.2,1.04999999,1,0.5421693069850497,0.5421693069850497,0.44454204545650877,0.44454204545650877,false,false,1.04999999,offset:reserve_equals_ell_plus_epsV-0.00000001,2,1,1,0,0,analytically unique continuation
uniform_classes,1.2,1.05,1,0.5421693066249151,0.5421693066249151,0.44454202441838453,0.44454202441838453,false,false,1.05,reserve_equals_ell_plus_epsV,2,1,1,0,0,analytically unique continuation
uniform_classes,1.2,1.05000001,1,0.5421693062647804,0.5421693062647804,0.44454202217931893,0.44454202217931893,false,false,1.05000001,offset:reserve_equals_ell_plus_epsV+0.00000001,2,1,1,0,0,analytically unique continuation
uniform_classes,1.2,1.050001,1,0.5421692706114294,0.5421692706114294,0.44454180051136066,0.44454180051136066,false,false,1.050001,offset:reserve_equals_ell_plus_epsV+0.000001,2,1,1,0,0,analytically unique continuation
uniform_classes,1.2,1.0501,1,0.5421657050444454,0.5421657050444454,0.4445196290990411,0.4445196290990411,false,false,1.0501,offset:reserve_equals_ell_plus_epsV+0.0001,2,1,1,0,0,analytically unique continuation
uniform_classes,1.2,1.0999,1,0.5403129591756243,0.5403129591756243,0.43219973090031694,0.43219973090031694,false,false,1.0999,offset:declared_reserve_1.1-0.0001,2,1,1,0,0,analytically unique continuation
uniform_classes,1.2,1.099999,1,0.5403091564652849,0.5403091564652849,0.43217290296429667,0.43217290296429667,false,false,1.099999,offset:declared_reserve_1.1-0.000001,2,1,1,0,0,analytically unique continuation
uniform_classes,1.2,1.09999999,1,0.5403091184357462,0.5403091184357462,0.43217263463777345,0.43217263463777345,false,false,1.09999999,offset:declared_reserve_1.1-0.00000001,2,1,1,0,0,analytically unique continuation
uniform_classes,1.2,1.1,1,0.5403091180516092,0.5403091180516092,0.43217263192739963,0.43217263192739963,false,false,1.1,declared_reserve_1.1,2,1,1,0,0,analytically unique continuation
uniform_classes,1.2,1.10000001,1,0.5403091176674724,0.5403091176674724,0.432172629217026,0.432172629217026,false,false,1.10000001,offset:declared_reserve_1.1+0.00000001,2,1,1,0,0,analytically unique continuation
uniform_classes,1.2,1.100001,1,0.5403090796378844,0.5403090796378844,0.4321723608895499,0.4321723608895499,false,false,1.100001,offset:declared_reserve_1.1+0.000001,2,1,1,0,0,analytically unique continuation
uniform_classes,1.2,1.1001,1,0.540305276435566,0.540305276435566,0.4321455234255157,0.4321455234255157,false,false,1.1001,offset:declared_reserve_1.1+0.0001,2,1,1,0,0,analytically unique continuation
uniform_classes,1.2,1.1999,1,0.5362173625432222,0.5362173625432222,0.40026611362330544,0.40026611362330544,false,false,1.1999,offset:reserve_equals_r-0.0001,2,1,1,0,0,analytically unique continuation
uniform_classes,1.2,1.199999,1,0.5362130463418683,0.5362130463418683,0.40022962479164675,0.40022962479164675,false,false,1.199999,offset:reserve_equals_r-0.000001,2,1,1,0,0,analytically unique continuation
uniform_classes,1.2,1.19999999,1,0.5362130031771457,0.5362130031771457,0.4002292598538062,0.4002292598538062,false,false,1.19999999,offset:reserve_equals_r-0.00000001,2,1,1,0,0,analytically unique continuation
uniform_classes,1.2,1.2,1,0.536213002741138,0.536213002741138,0.4002292561675604,0.4002292561675604,false,false,1.2,reserve_equals_r,2,1,1,0,0,analytically unique continuation
uniform_classes,1.2,1.20000001,1,0.5362130023051305,0.5362130023051305,0.4002292591460706,0.4002292591460706,false,false,1.20000001,offset:reserve_equals_r+0.00000001,2,1,1,0,0,analytically unique continuation
uniform_classes,1.2,1.200001,1,0.5362129591403713,0.5362129591403713,0.4002295540185541,0.4002295540185541,false,false,1.200001,offset:reserve_equals_r+0.000001,2,1,1,0,0,analytically unique continuation
uniform_classes,1.2,1.2001,1,0.5362086425733625,0.5362086425733625,0.4002590408780206,0.4002590408780206,false,false,1.2001,offset:reserve_equals_r+0.0001,2,1,1,0,0,analytically unique continuation
uniform_classes,1.2,1.6918030844381218779173603450223,1,0.5121814519720466,0.5121814519720466,0.5357006514834629,0.5357006514834629,false,false,"p_H=sqrt(2r(h-c_H/M)-r^2)|10,1,1,6,2-0.0001",offset:ceiling_equality_p_H-0.0001,2,1,1,0,0,analytically unique continuation
uniform_classes,1.2,1.6919020844381218779173603450223,1,0.5121760070397403,0.5121760070397403,0.5357253463610185,0.5357253463610185,false,false,"p_H=sqrt(2r(h-c_H/M)-r^2)|10,1,1,6,2-0.000001",offset:ceiling_equality_p_H-0.000001,2,1,1,0,0,analytically unique continuation
uniform_classes,1.2,1.6919030744381218779173603450223,1,0.5121759525889757,0.5121759525889757,0.5357255933037007,0.5357255933037007,false,false,"p_H=sqrt(2r(h-c_H/M)-r^2)|10,1,1,6,2-0.00000001",offset:ceiling_equality_p_H-0.00000001,2,1,1,0,0,analytically unique continuation
uniform_classes,1.2,1.6919030844381218779173603450223,1,0.5121759520389679,0.5121759520389679,0.5357255957980707,0.5357255957980707,false,false,"p_H=sqrt(2r(h-c_H/M)-r^2)|10,1,1,6,2",ceiling_equality_p_H,2,1,1,0,0,analytically unique continuation
uniform_classes,1.2,1.6919030944381218779173603450223,1,0.51217595148896,0.51217595148896,0.5357255982924405,0.5357255982924405,false,false,"p_H=sqrt(2r(h-c_H/M)-r^2)|10,1,1,6,2+0.00000001",offset:ceiling_equality_p_H+0.00000001,2,1,1,0,0,analytically unique continuation
uniform_classes,1.2,1.6919040844381218779173603450223,1,0.5121758970381665,0.5121758970381665,0.5357258452349994,0.5357258452349994,false,false,"p_H=sqrt(2r(h-c_H/M)-r^2)|10,1,1,6,2+0.000001",offset:ceiling_equality_p_H+0.000001,2,1,1,0,0,analytically unique continuation
uniform_classes,1.2,1.6920030844381218779173603450223,1,0.5121704518146483,0.5121704518146483,0.5357505388815127,0.5357505388815127,false,false,"p_H=sqrt(2r(h-c_H/M)-r^2)|10,1,1,6,2+0.0001",offset:ceiling_equality_p_H+0.0001,2,1,1,0,0,analytically unique continuation
uniform_classes,1.2,6.2816181715409547646397125286473,1,0.25000000000000006,0.25000000000000006,0.7852022714426194,0.7852022714426194,false,false,"p_L=h-c_L/m|10,1,1,6,2-0.0001",offset:floor_equality_p_L-0.0001,2,1,1,0,0,analytically unique continuation
uniform_classes,1.2,6.2817171715409547646397125286473,1,0.25000000000000006,0.25000000000000006,0.7852146464426195,0.7852146464426195,false,false,"p_L=h-c_L/m|10,1,1,6,2-0.000001",offset:floor_equality_p_L-0.000001,2,1,1,0,0,analytically unique continuation
uniform_classes,1.2,6.2817181615409547646397125286473,1,0.25000000000000006,0.25000000000000006,0.7852147701926194,0.7852147701926194,false,false,"p_L=h-c_L/m|10,1,1,6,2-0.00000001",offset:floor_equality_p_L-0.00000001,2,1,1,0,0,analytically unique continuation
uniform_classes,1.2,6.2817181715409547646397125286473,1,0.2500000000000001,0.2500000000000001,0.7852147714426196,0.7852147714426196,false,false,"p_L=h-c_L/m|10,1,1,6,2",floor_equality_p_L,2,1,1,0,0,analytically unique continuation
uniform_classes,1.2,6.2817181815409547646397125286473,1,0.16450753476953034,0.16450753476953034,0.6407825865380905,0.6407825865380905,false,false,"p_L=h-c_L/m|10,1,1,6,2+0.00000001",offset:floor_equality_p_L+0.00000001,12,11,1,0,10,accepted continuation(s) found; uniqueness not established
uniform_classes,1.2,6.2817191715409547646397125286473,1,0.16450751920132256,0.16450751920132256,0.6407826612243909,0.6407826612243909,false,false,"p_L=h-c_L/m|10,1,1,6,2+0.000001",offset:floor_equality_p_L+0.000001,12,11,1,0,10,accepted continuation(s) found; uniqueness not established
uniform_classes,1.2,6.2818181715409547646397125286473,1,0.16450596235852866,0.16450596235852866,0.6407901297399926,0.6407901297399926,false,false,"p_L=h-c_L/m|10,1,1,6,2+0.0001",offset:floor_equality_p_L+0.0001,12,11,1,0,10,accepted continuation(s) found; uniqueness not established
uniform_classes,1.2,9.9499,1,0.0,0.0,0.0,0.0,false,false,9.9499,offset:reserve_equals_h_minus_epsV-0.0001,1,1,0,0,0,accepted continuation(s) found; uniqueness not established
uniform_classes,1.2,9.949999,1,0.0,0.0,0.0,0.0,false,false,9.949999,offset:reserve_equals_h_minus_epsV-0.000001,1,1,0,0,0,accepted continuation(s) found; uniqueness not established
uniform_classes,1.2,9.94999999,1,0.0,0.0,0.0,0.0,false,false,9.94999999,offset:reserve_equals_h_minus_epsV-0.00000001,1,1,0,0,0,accepted continuation(s) found; uniqueness not established
uniform_classes,1.2,9.95,1,0.0,0.0,0.0,0.0,false,false,9.95,reserve_equals_h_minus_epsV,1,1,0,0,0,accepted continuation(s) found; uniqueness not established
uniform_classes,1.2,9.95000001,1,0.0,0.0,0.0,0.0,false,false,9.95000001,offset:reserve_equals_h_minus_epsV+0.00000001,1,1,0,0,0,accepted continuation(s) found; uniqueness not established
uniform_classes,1.2,9.950001,1,0.0,0.0,0.0,0.0,false,false,9.950001,offset:reserve_equals_h_minus_epsV+0.000001,1,1,0,0,0,accepted continuation(s) found; uniqueness not established
uniform_classes,1.2,9.9501,1,0.0,0.0,0.0,0.0,false,false,9.9501,offset:reserve_equals_h_minus_epsV+0.0001,1,1,0,0,0,accepted continuation(s) found; uniqueness not established
uniform_classes,1.2,9.9999,1,0.0,0.0,0.0,0.0,false,false,9.9999,offset:reserve_equals_h-0.0001,1,1,0,0,0,accepted continuation(s) found; uniqueness not established
uniform_classes,1.2,9.999999,1,0.0,0.0,0.0,0.0,false,false,9.999999,offset:reserve_equals_h-0.000001,1,1,0,0,0,accepted continuation(s) found; uniqueness not established
uniform_classes,1.2,9.99999999,1,0.0,0.0,0.0,0.0,false,false,9.99999999,offset:reserve_equals_h-0.00000001,1,1,0,0,0,accepted continuation(s) found; uniqueness not established
uniform_classes,1.2,10,1,0.0,0.0,0.0,0.0,false,false,10,reserve_equals_h,1,1,0,0,0,accepted continuation(s) found; uniqueness not established
uniform_classes,1.2,10.00000001,1,0.0,0.0,0.0,0.0,false,false,10.00000001,offset:reserve_equals_h+0.00000001,1,1,0,0,0,accepted continuation(s) found; uniqueness not established
uniform_classes,1.2,10.000001,1,0.0,0.0,0.0,0.0,false,false,10.000001,offset:reserve_equals_h+0.000001,1,1,0,0,0,accepted continuation(s) found; uniqueness not established
uniform_classes,1.2,10.0001,1,0.0,0.0,0.0,0.0,false,false,10.0001,offset:reserve_equals_h+0.0001,1,1,0,0,0,accepted continuation(s) found; uniqueness not established
uniform_classes,1.2,10.0499,1,0.0,0.0,0.0,0.0,false,false,10.0499,offset:reserve_equals_h_plus_epsV-0.0001,1,1,0,0,0,analytically unique continuation
uniform_classes,1.2,10.049999,1,0.0,0.0,0.0,0.0,false,false,10.049999,offset:reserve_equals_h_plus_epsV-0.000001,1,1,0,0,0,analytically unique continuation
uniform_classes,1.2,10.04999999,1,0.0,0.0,0.0,0.0,false,false,10.04999999,offset:reserve_equals_h_plus_epsV-0.00000001,1,1,0,0,0,analytically unique continuation
uniform_classes,1.2,10.05,1,0.0,0.0,0.0,0.0,false,false,10.05,reserve_equals_h_plus_epsV,1,1,0,0,0,analytically unique continuation
uniform_classes,3,0,1,0.5257360737051351,0.5257360737051351,0.6556090444580176,0.6556090444580176,false,false,0,reserve_zero,2,1,1,0,0,analytically unique continuation
uniform_classes,3,0.00000001,1,0.5257360737051351,0.5257360737051351,0.6556090492006568,0.6556090492006568,false,false,0.00000001,offset:reserve_zero+0.00000001,2,1,1,0,0,analytically unique continuation
uniform_classes,3,0.000001,1,0.5257360737051233,0.5257360737051233,0.655609518721858,0.655609518721858,false,false,0.000001,offset:reserve_zero+0.000001,2,1,1,0,0,analytically unique continuation
uniform_classes,3,0.0001,1,0.5257360735869601,0.5257360735869601,0.6556564699923836,0.6556564699923836,false,false,0.0001,offset:reserve_zero+0.0001,2,1,1,0,0,analytically unique continuation
uniform_classes,3,0.4999,1,0.5227614438814878,0.5227614438814878,0.8723277865940016,0.8723277865940016,false,false,0.4999,offset:declared_reserve_0.5-0.0001,2,1,1,0,0,analytically unique continuation
uniform_classes,3,0.499999,1,0.5227602569427953,0.5227602569427953,0.8723668087999594,0.8723668087999594,false,false,0.499999,offset:declared_reserve_0.5-0.000001,2,1,1,0,0,analytically unique continuation
uniform_classes,3,0.49999999,1,0.5227602450721862,0.5227602450721862,0.8723671990143473,0.8723671990143473,false,false,0.49999999,offset:declared_reserve_0.5-0.00000001,2,1,1,0,0,analytically unique continuation
uniform_classes,3,0.5,1,0.5227602449522809,0.5227602449522809,0.8723672029559061,0.8723672029559061,false,false,0.5,declared_reserve_0.5,2,1,1,0,0,analytically unique continuation
uniform_classes,3,0.50000001,1,0.5227602448323758,0.5227602448323758,0.872367206897465,0.872367206897465,false,false,0.50000001,offset:declared_reserve_0.5+0.00000001,2,1,1,0,0,analytically unique continuation
uniform_classes,3,0.500001,1,0.5227602329617421,0.5227602329617421,0.872367597111698,0.872367597111698,false,false,0.500001,offset:declared_reserve_0.5+0.000001,2,1,1,0,0,analytically unique continuation
uniform_classes,3,0.5001,1,0.5227590457761726,0.5227590457761726,0.8724066177678567,0.8724066177678567,false,false,0.5001,offset:declared_reserve_0.5+0.0001,2,1,1,0,0,analytically unique continuation
uniform_classes,3,0.9499,1,0.5147811636630202,0.5147811636630202,1.0336871063168724,1.0336871063168724,false,false,0.9499,offset:reserve_equals_ell_minus_epsV-0.0001,2,1,1,0,0,analytically unique continuation
uniform_classes,3,0.949999,1,0.5147788155039528,0.5147788155039528,1.033718949293029,1.033718949293029,false,false,0.949999,offset:reserve_equals_ell_minus_epsV-0.000001,2,1,1,0,0,analytically unique continuation
uniform_classes,3,0.94999999,1,0.5147787920209822,0.5147787920209822,1.0337192677142384,1.0337192677142384,false,false,0.94999999,offset:reserve_equals_ell_minus_epsV-0.00000001,2,1,1,0,0,analytically unique continuation
uniform_classes,3,0.95,1,0.5147787917837803,0.5147787917837803,1.0337192709306133,1.0337192709306133,false,false,0.95,reserve_equals_ell_minus_epsV,2,1,1,0,0,analytically unique continuation
uniform_classes,3,0.95000001,1,0.5147787915465785,0.5147787915465785,1.033719268242725,1.033719268242725,false,false,0.95000001,offset:reserve_equals_ell_minus_epsV+0.00000001,2,1,1,0,0,analytically unique continuation
uniform_classes,3,0.950001,1,0.5147787680636134,0.5147787680636134,1.0337190021411602,1.0337190021411602,false,false,0.950001,offset:reserve_equals_ell_minus_epsV+0.000001,2,1,1,0,0,analytically unique continuation
uniform_classes,3,0.9501,1,0.5147764199601547,0.5147764199601547,1.0336923859304024,1.0336923859304024,false,false,0.9501,offset:reserve_equals_ell_minus_epsV+0.0001,2,1,1,0,0,analytically unique continuation
uniform_classes,3,0.9999,1,0.5136463780927991,0.5136463780927991,1.0186765066891497,1.0186765066891497,false,false,0.9999,offset:reserve_equals_ell-0.0001,2,1,1,0,0,analytically unique continuation
uniform_classes,3,0.999999,1,0.5136442386014586,0.5136442386014586,1.0186432075372862,1.0186432075372862,false,false,0.999999,offset:reserve_equals_ell-0.000001,2,1,1,0,0,analytically unique continuation
uniform_classes,3,0.99999999,1,0.5136442172087963,0.5136442172087963,1.0186428744723959,1.0186428744723959,false,false,0.99999999,offset:reserve_equals_ell-0.00000001,2,1,1,0,0,analytically unique continuation
uniform_classes,3,1,1,0.5136442169927091,0.5136442169927091,1.0186428711080968,1.0186428711080968,false,false,1,reserve_equals_ell,2,1,1,0,0,analytically unique continuation
uniform_classes,3,1.00000001,1,0.513644216776622,0.513644216776622,1.0186428677437975,1.0186428677437975,false,false,1.00000001,offset:reserve_equals_ell+0.00000001,2,1,1,0,0,analytically unique continuation
uniform_classes,3,1.000001,1,0.5136441953840053,0.5136441953840053,1.0186425346774248,1.0186425346774248,false,false,1.000001,offset:reserve_equals_ell+0.000001,2,1,1,0,0,analytically unique continuation
uniform_classes,3,1.0001,1,0.5136420563475176,0.5136420563475176,1.0186092207013002,1.0186092207013002,false,false,1.0001,offset:reserve_equals_ell+0.0001,2,1,1,0,0,analytically unique continuation
uniform_classes,3,1.0499,1,0.5126253298432437,0.5126253298432437,0.9999017221454884,0.9999017221454884,false,false,1.0499,offset:reserve_equals_ell_plus_epsV-0.0001,2,1,1,0,0,analytically unique continuation
uniform_classes,3,1.049999,1,0.5126234319981633,0.5126234319981633,0.9998604431961542,0.9998604431961542,false,false,1.049999,offset:reserve_equals_ell_plus_epsV-0.000001,2,1,1,0,0,analytically unique continuation
uniform_classes,3,1.04999999,1,0.512623413022296,0.512623413022296,0.9998600303204408,0.9998600303204408,false,false,1.04999999,offset:reserve_equals_ell_plus_epsV-0.00000001,2,1,1,0,0,analytically unique continuation
uniform_classes,3,1.05,1,0.5126234128306207,0.5126234128306207,0.9998600261499704,0.9998600261499704,false,false,1.05,reserve_equals_ell_plus_epsV,2,1,1,0,0,analytically unique continuation
uniform_classes,3,1.05000001,1,0.5126234126389456,0.5126234126389456,0.9998600291699898,0.9998600291699898,false,false,1.05000001,offset:reserve_equals_ell_plus_epsV+0.00000001,2,1,1,0,0,analytically unique continuation
uniform_classes,3,1.050001,1,0.5126233936630934,0.5126233936630934,0.9998603281517304,0.9998603281517304,false,false,1.050001,offset:reserve_equals_ell_plus_epsV+0.000001,2,1,1,0,0,analytically unique continuation
uniform_classes,3,1.0501,1,0.51262149597002,0.51262149597002,0.999890224507278,0.999890224507278,false,false,1.0501,offset:reserve_equals_ell_plus_epsV+0.0001,2,1,1,0,0,analytically unique continuation
uniform_classes,3,1.0999,1,0.5116395815434457,0.5116395815434457,1.0144713443008495,1.0144713443008495,false,false,1.0999,offset:declared_reserve_1.1-0.0001,2,1,1,0,0,analytically unique continuation
uniform_classes,3,1.099999,1,0.5116375747523292,0.5116375747523292,1.0144994187245853,1.0144994187245853,false,false,1.099999,offset:declared_reserve_1.1-0.000001,2,1,1,0,0,analytically unique continuation
uniform_classes,3,1.09999999,1,0.5116375546833101,0.5116375546833101,1.0144996994504965,1.0144996994504965,false,false,1.09999999,offset:declared_reserve_1.1-0.00000001,2,1,1,0,0,analytically unique continuation
uniform_classes,3,1.1,1,0.5116375544805927,0.5116375544805927,1.01449970228611,1.01449970228611,false,false,1.1,declared_reserve_1.1,2,1,1,0,0,analytically unique continuation
uniform_classes,3,1.10000001,1,0.5116375542778752,0.5116375542778752,1.0144997051217235,1.0144997051217235,false,false,1.10000001,offset:declared_reserve_1.1+0.00000001,2,1,1,0,0,analytically unique continuation
uniform_classes,3,1.100001,1,0.5116375342088337,0.5116375342088337,1.0144999858472645,1.0144999858472645,false,false,1.100001,offset:declared_reserve_1.1+0.000001,2,1,1,0,0,analytically unique continuation
uniform_classes,3,1.1001,1,0.511635527193897,0.511635527193897,1.014528056568743,1.014528056568743,false,false,1.1001,offset:declared_reserve_1.1+0.0001,2,1,1,0,0,analytically unique continuation
uniform_classes,3,1.3251698283097206399485076783085,1,0.5064799616155349,0.5064799616155349,1.0688346046698527,1.0688346046698527,false,false,"p_H=sqrt(2r(h-c_H/M)-r^2)|10,1,1,6,2-0.0001",offset:ceiling_equality_p_H-0.0001,2,1,1,0,0,analytically unique continuation
uniform_classes,3,1.3252688283097206399485076783085,1,0.5064774208848761,0.5064774208848761,1.0688542460524342,1.0688542460524342,false,false,"p_H=sqrt(2r(h-c_H/M)-r^2)|10,1,1,6,2-0.000001",offset:ceiling_equality_p_H-0.000001,2,1,1,0,0,analytically unique continuation
uniform_classes,3,1.3252698183097206399485076783085,1,0.506477395476298,0.506477395476298,1.0688544424470954,1.0688544424470954,false,false,"p_H=sqrt(2r(h-c_H/M)-r^2)|10,1,1,6,2-0.00000001",offset:ceiling_equality_p_H-0.00000001,2,1,1,0,0,analytically unique continuation
uniform_classes,3,1.3252698283097206399485076783085,1,0.5064773952196455,0.5064773952196455,1.0688544444308778,1.0688544444308778,false,false,"p_H=sqrt(2r(h-c_H/M)-r^2)|10,1,1,6,2",ceiling_equality_p_H,2,1,1,0,0,analytically unique continuation
uniform_classes,3,1.3252698383097206399485076783085,1,0.25000000000000006,0.25000000000000006,0.8714356527640232,0.8714356527640232,false,false,"p_H=sqrt(2r(h-c_H/M)-r^2)|10,1,1,6,2+0.00000001",offset:ceiling_equality_p_H+0.00000001,2,1,1,0,0,analytically unique continuation
uniform_classes,3,1.3252708283097206399485076783085,1,0.25000000000000006,0.25000000000000006,0.871435808337807,0.871435808337807,false,false,"p_H=sqrt(2r(h-c_H/M)-r^2)|10,1,1,6,2+0.000001",offset:ceiling_equality_p_H+0.000001,2,1,1,0,0,analytically unique continuation
uniform_classes,3,1.3253698283097206399485076783085,1,0.25000000000000006,0.25000000000000006,0.8714513630352014,0.8714513630352014,false,false,"p_H=sqrt(2r(h-c_H/M)-r^2)|10,1,1,6,2+0.0001",offset:ceiling_equality_p_H+0.0001,2,1,1,0,0,analytically unique continuation
uniform_classes,3,2.9999,1,0.25000000000000006,0.25000000000000006,0.37507499729166693,0.37507499729166693,false,false,2.9999,offset:reserve_equals_r-0.0001,2,1,1,0,0,analytically unique continuation
uniform_classes,3,2.999999,1,0.25000000000000006,0.25000000000000006,0.37500074999972943,0.37500074999972943,false,false,2.999999,offset:reserve_equals_r-0.000001,2,1,1,0,0,analytically unique continuation
uniform_classes,3,2.99999999,1,0.25000000000000006,0.25000000000000006,0.3750000074999999,0.3750000074999999,false,false,2.99999999,offset:reserve_equals_r-0.00000001,2,1,1,0,0,analytically unique continuation
uniform_classes,3,3,1,0.25000000000000006,0.25000000000000006,0.3750000000000001,0.3750000000000001,false,false,3,reserve_equals_r,2,1,1,0,0,analytically unique continuation
uniform_classes,3,3.00000001,1,0.25000000000000006,0.25000000000000006,0.37500000125000005,0.37500000125000005,false,false,3.00000001,offset:reserve_equals_r+0.00000001,2,1,1,0,0,analytically unique continuation
uniform_classes,3,3.000001,1,0.25000000000000006,0.25000000000000006,0.37500012500000013,0.37500012500000013,false,false,3.000001,offset:reserve_equals_r+0.000001,2,1,1,0,0,analytically unique continuation
uniform_classes,3,3.0001,1,0.25000000000000006,0.25000000000000006,0.37501250000000014,0.37501250000000014,false,false,3.0001,offset:reserve_equals_r+0.0001,2,1,1,0,0,analytically unique continuation
uniform_classes,3,6.2816181715409547646397125286473,1,0.25000000000000006,0.25000000000000006,0.7852022714426194,0.7852022714426194,false,false,"p_L=h-c_L/m|10,1,1,6,2-0.0001",offset:floor_equality_p_L-0.0001,2,1,1,0,0,analytically unique continuation
uniform_classes,3,6.2817171715409547646397125286473,1,0.25000000000000006,0.25000000000000006,0.7852146464426195,0.7852146464426195,false,false,"p_L=h-c_L/m|10,1,1,6,2-0.000001",offset:floor_equality_p_L-0.000001,2,1,1,0,0,analytically unique continuation
uniform_classes,3,6.2817181615409547646397125286473,1,0.25000000000000006,0.25000000000000006,0.7852147701926194,0.7852147701926194,false,false,"p_L=h-c_L/m|10,1,1,6,2-0.00000001",offset:floor_equality_p_L-0.00000001,2,1,1,0,0,analytically unique continuation
uniform_classes,3,6.2817181715409547646397125286473,1,0.2500000000000001,0.2500000000000001,0.7852147714426196,0.7852147714426196,false,false,"p_L=h-c_L/m|10,1,1,6,2",floor_equality_p_L,2,1,1,0,0,analytically unique continuation
uniform_classes,3,6.2817181815409547646397125286473,1,0.16450753476953034,0.16450753476953034,0.6407825865380905,0.6407825865380905,false,false,"p_L=h-c_L/m|10,1,1,6,2+0.00000001",offset:floor_equality_p_L+0.00000001,12,11,1,0,10,accepted continuation(s) found; uniqueness not established
uniform_classes,3,6.2817191715409547646397125286473,1,0.16450751920132256,0.16450751920132256,0.6407826612243909,0.6407826612243909,false,false,"p_L=h-c_L/m|10,1,1,6,2+0.000001",offset:floor_equality_p_L+0.000001,12,11,1,0,10,accepted continuation(s) found; uniqueness not established
uniform_classes,3,6.2818181715409547646397125286473,1,0.16450596235852866,0.16450596235852866,0.6407901297399926,0.6407901297399926,false,false,"p_L=h-c_L/m|10,1,1,6,2+0.0001",offset:floor_equality_p_L+0.0001,12,11,1,0,10,accepted continuation(s) found; uniqueness not established
uniform_classes,3,9.9499,1,0.0,0.0,0.0,0.0,false,false,9.9499,offset:reserve_equals_h_minus_epsV-0.0001,1,1,0,0,0,accepted continuation(s) found; uniqueness not established
uniform_classes,3,9.949999,1,0.0,0.0,0.0,0.0,false,false,9.949999,offset:reserve_equals_h_minus_epsV-0.000001,1,1,0,0,0,accepted continuation(s) found; uniqueness not established
uniform_classes,3,9.94999999,1,0.0,0.0,0.0,0.0,false,false,9.94999999,offset:reserve_equals_h_minus_epsV-0.00000001,1,1,0,0,0,accepted continuation(s) found; uniqueness not established
uniform_classes,3,9.95,1,0.0,0.0,0.0,0.0,false,false,9.95,reserve_equals_h_minus_epsV,1,1,0,0,0,accepted continuation(s) found; uniqueness not established
uniform_classes,3,9.95000001,1,0.0,0.0,0.0,0.0,false,false,9.95000001,offset:reserve_equals_h_minus_epsV+0.00000001,1,1,0,0,0,accepted continuation(s) found; uniqueness not established
uniform_classes,3,9.950001,1,0.0,0.0,0.0,0.0,false,false,9.950001,offset:reserve_equals_h_minus_epsV+0.000001,1,1,0,0,0,accepted continuation(s) found; uniqueness not established
uniform_classes,3,9.9501,1,0.0,0.0,0.0,0.0,false,false,9.9501,offset:reserve_equals_h_minus_epsV+0.0001,1,1,0,0,0,accepted continuation(s) found; uniqueness not established
uniform_classes,3,9.9999,1,0.0,0.0,0.0,0.0,false,false,9.9999,offset:reserve_equals_h-0.0001,1,1,0,0,0,accepted continuation(s) found; uniqueness not established
uniform_classes,3,9.999999,1,0.0,0.0,0.0,0.0,false,false,9.999999,offset:reserve_equals_h-0.000001,1,1,0,0,0,accepted continuation(s) found; uniqueness not established
uniform_classes,3,9.99999999,1,0.0,0.0,0.0,0.0,false,false,9.99999999,offset:reserve_equals_h-0.00000001,1,1,0,0,0,accepted continuation(s) found; uniqueness not established
uniform_classes,3,10,1,0.0,0.0,0.0,0.0,false,false,10,reserve_equals_h,1,1,0,0,0,accepted continuation(s) found; uniqueness not established
uniform_classes,3,10.00000001,1,0.0,0.0,0.0,0.0,false,false,10.00000001,offset:reserve_equals_h+0.00000001,1,1,0,0,0,accepted continuation(s) found; uniqueness not established
uniform_classes,3,10.000001,1,0.0,0.0,0.0,0.0,false,false,10.000001,offset:reserve_equals_h+0.000001,1,1,0,0,0,accepted continuation(s) found; uniqueness not established
uniform_classes,3,10.0001,1,0.0,0.0,0.0,0.0,false,false,10.0001,offset:reserve_equals_h+0.0001,1,1,0,0,0,accepted continuation(s) found; uniqueness not established
uniform_classes,3,10.0499,1,0.0,0.0,0.0,0.0,false,false,10.0499,offset:reserve_equals_h_plus_epsV-0.0001,1,1,0,0,0,analytically unique continuation
uniform_classes,3,10.049999,1,0.0,0.0,0.0,0.0,false,false,10.049999,offset:reserve_equals_h_plus_epsV-0.000001,1,1,0,0,0,analytically unique continuation
uniform_classes,3,10.04999999,1,0.0,0.0,0.0,0.0,false,false,10.04999999,offset:reserve_equals_h_plus_epsV-0.00000001,1,1,0,0,0,analytically unique continuation
uniform_classes,3,10.05,1,0.0,0.0,0.0,0.0,false,false,10.05,reserve_equals_h_plus_epsV,1,1,0,0,0,analytically unique continuation
