name,value,definition,status
m,0.268941421,lower posterior bound,analytical
M,0.731058579,upper posterior bound,analytical
frak_r_k,1.22099751,r(k): Delta_T = k,analytical
frak_r_2k,1.32565714,r(2k): Delta_T = 2k; C is an equilibrium below it when s >= s_D,analytical
r_pool_forced,1.71404847,"Delta_T = k/((1-1/b)m): above it every equilibrium with s in [s_D, s_m) has a pool",analytical
r_hand_bound,2.12414813,"Delta_T = 2k/((1-1/b)m): above it J >= Delta_T m/2 proves existence for every tau_s in (m, M]",analytical
r_test_s0,2.01551644,"smallest r with k < (1-1/b)J(x*) at s = 0 (closed-form J, numerical root)","analytical formula, numerical root"
r_test_sD,1.84342212,"smallest r with k < (1-1/b)J(0), the test at s = s_D (closed-form J, numerical root)","analytical formula, numerical root"
r_C,3.59265852,B_r(M) = c,analytical
t_0,0.416666667,r=3.0,analytical
t_H,1.54166667,r=3.0,analytical
t_L,0.875,r=3.0,analytical
Delta_T,0.666666667,r=3.0,analytical
w_L,0.458333333,r=3.0,analytical
B_prior,4.29166667,r=3.0,analytical
B_M,6.21715482,r=3.0,analytical
B_m,2.36617851,r=3.0,analytical
tau,0.705,"r=3.0, s=0",analytical
x_star,0.871222446,"r=3.0, s=0",analytical
J,0.0955028924,"closed form at r=3.0, s=0",analytical
J_hand_bound,0.0896471405,Delta_T m/2 <= J,analytical
s_M,-0.217154822,r=3.0,analytical
s_D,1.70833333,r=3.0,analytical
s_m,3.63382149,r=3.0,analytical
gain_bound,0.945705719,w_L + M Delta_T,analytical
d_margin,0.762627614,s_D - w_L - M Delta_T,analytical
mubar_min_pool,0.368381901,"pool posterior, minimal pool, r=3.0, s=0",analytical
backstop_top,2.80515082,"c - B_r(mubar*), s_0 = 0",analytical
backstop_top_fee,2.70898494,"c - B_r(mubar*), s_0 = s_M",analytical
R_T_live,0.760411616,"minimal pool, r=3.0, s=0",analytical
W_live,0.106956713,"minimal pool, r=3.0, s=0",analytical
net_fee_live,0.814329923,"minimal pool, r=3.0, s=s_M (fee)",analytical
net_sD,0.0239115567,"minimal pool, r=3.0, s=s_D",analytical
W_sD,0.00722779227,"minimal pool, r=3.0, s=s_D",analytical
pigou_subsidy,0.0833333333,p^2/r: surplus-maximizing uniform subsidy on the minimal pool,analytical
net_C_sD,-0.5,(h + ell)/2 - c: seller net under C at s_D,analytical
rho_N,0.06,"lottery: no trade fails above it, r=3.0",analytical
rho_U,0.22309691,"lottery: unique full orders above it, r=3.0",analytical
R_T_full_disclosure,0.979166667,"theta public, r=3.0",analytical
s_D_r0,1.19583333,r=1.2,analytical
