r,n_r,z_U,x_star_minimal,E_minimal_pool,E_least_z_eq_n,G_edge,r_e,r_C,frak_r_k,status
1.658590825,0.2469019414,0.2469019414,1,0.3840228017,0.3840228017,7.979727989e-17,1.658590825,3.592658519,1.220997512,numerical diagnostic
1.66,0.2473823851,0.2520108683,0.9976857584,0.3841247696,0.3828422601,5.999077446e-05,1.658590825,3.592658519,1.220997512,numerical diagnostic
1.67,0.2507929668,0.2874266683,0.9816831493,0.3848220063,0.3746592941,0.000485935787,1.658590825,3.592658519,1.220997512,numerical diagnostic
1.68,0.2542056771,0.3214401784,0.9663827494,0.3854755289,0.3668039349,0.0009122217192,1.658590825,3.592658519,1.220997512,numerical diagnostic
1.69,0.2576205853,0.3541398571,0.9517403641,0.386088545,0.3592583444,0.001338764017,1.658590825,3.592658519,1.220997512,numerical diagnostic
1.7,0.2610377594,0.3856059088,0.9377159253,0.3866639297,0.3520059079,0.001765480171,1.658590825,3.592658519,1.220997512,numerical diagnostic
1.71,0.2644572661,0.41591134,0.9242729631,0.3872042707,0.3450311334,0.002192289659,1.658590825,3.592658519,1.220997512,numerical diagnostic
1.72,0.2678791714,0.4451228437,0.9113781638,0.3877119058,0.3383195614,0.002619113884,1.658590825,3.592658519,1.220997512,numerical diagnostic
1.73,0.2713035396,0.4733015448,0.8990009974,0.388188954,0.3318576819,0.003045876116,1.658590825,3.592658519,1.220997512,numerical diagnostic
1.74,0.2747304345,0.5005036337,0.8871134004,0.3886373424,0.3256328603,0.003472501444,1.658590825,3.592658519,1.220997512,numerical diagnostic
1.75,0.2781599186,0.5267809076,0.8756895055,0.3890588283,0.3196332696,0.003898916715,1.658590825,3.592658519,1.220997512,numerical diagnostic
1.76,0.2815920533,0.5521812361,0.8647054086,0.3894550189,0.313847828,0.004325050487,1.658590825,3.592658519,1.220997512,numerical diagnostic
1.77,0.2850268993,0.5767489638,0.8541389677,0.3898273877,0.3082661433,0.004750832982,1.658590825,3.592658519,1.220997512,numerical diagnostic
1.78,0.2884645162,0.6005252604,0.8439696279,0.3901772889,0.3028784611,0.005176196033,1.658590825,3.592658519,1.220997512,numerical diagnostic
1.79,0.2919049628,0.6235484259,0.8341782684,0.3905059698,0.2976756182,0.005601073043,1.658590825,3.592658519,1.220997512,numerical diagnostic
1.8,0.2953482968,0.6458541591,0.8247470689,0.3908145814,0.2926489992,0.006025398939,1.658590825,3.592658519,1.220997512,numerical diagnostic
1.81,0.2987945754,0.6674757935,0.8156593909,0.3911041886,0.287790498,0.006449110127,1.658590825,3.592658519,1.220997512,numerical diagnostic
1.82,0.3022438546,0.6884445064,0.8068996741,0.3913757775,0.2830924808,0.006872144456,1.658590825,3.592658519,1.220997512,numerical diagnostic
1.83,0.30569619,0.7087895041,0.7984533429,0.3916302638,0.2785477538,0.00729444117,1.658590825,3.592658519,1.220997512,numerical diagnostic
1.84,0.3091516362,0.7285381872,0.7903067245,0.3918684985,0.2741495325,0.00771594088,1.658590825,3.592658519,1.220997512,numerical diagnostic
1.85,0.3126102469,0.7477162978,0.7824469745,0.3920912742,0.2698914138,0.008136585517,1.658590825,3.592658519,1.220997512,numerical diagnostic
1.86,0.3160720755,0.7663480526,0.7748620115,0.3922993298,0.2657673501,0.008556318301,1.658590825,3.592658519,1.220997512,numerical diagnostic
1.87,0.3195371744,0.7844562607,0.7675404568,0.3924933555,0.2617716259,0.008975083705,1.658590825,3.592658519,1.220997512,numerical diagnostic
1.88,0.3230055953,0.8020624319,0.7604715817,0.3926739966,0.2578988358,0.009392827422,1.658590825,3.592658519,1.220997512,numerical diagnostic
1.89,0.3264773894,0.8191868727,0.7536452583,0.3928418574,0.2541438644,0.00980949633,1.658590825,3.592658519,1.220997512,numerical diagnostic
1.9,0.3299526072,0.8358487747,0.7470519162,0.3929975043,0.2505018672,0.01022503846,1.658590825,3.592658519,1.220997512,numerical diagnostic
1.91,0.3334312986,0.8520662941,0.7406825022,0.3931414689,0.2469682539,0.01063940298,1.658590825,3.592658519,1.220997512,numerical diagnostic
1.92,0.3369135128,0.8678566239,0.7345284445,0.3932742508,0.2435386721,0.01105254014,1.658590825,3.592658519,1.220997512,numerical diagnostic
1.93,0.3403992987,0.8832360606,0.728581619,0.3933963199,0.2402089926,0.01146440126,1.658590825,3.592658519,1.220997512,numerical diagnostic
1.94,0.3438887043,0.8982200645,0.7228343199,0.3935081185,0.2369752954,0.0118749387,1.658590825,3.592658519,1.220997512,numerical diagnostic
1.95,0.3473817772,0.9128233149,0.7172792312,0.3936100636,0.2338338574,0.01228410582,1.658590825,3.592658519,1.220997512,numerical diagnostic
1.96,0.3508785646,0.9270597608,0.7119094019,0.3937025487,0.2307811402,0.01269185699,1.658590825,3.592658519,1.220997512,numerical diagnostic
1.97,0.354379113,0.940942668,0.7067182225,0.3937859451,0.227813779,0.01309814753,1.658590825,3.592658519,1.220997512,numerical diagnostic
1.98,0.3578834685,0.9544846616,0.7016994034,0.393860604,0.2249285728,0.01350293368,1.658590825,3.592658519,1.220997512,numerical diagnostic
1.99,0.3613916768,0.9676977659,0.6968469554,0.3939268575,0.2221224743,0.01390617263,1.658590825,3.592658519,1.220997512,numerical diagnostic
2,0.3649037829,0.9805934407,0.6921551711,0.3939850198,0.2193925814,0.01430782241,1.658590825,3.592658519,1.220997512,numerical diagnostic
2.01,0.3684198316,0.9931826152,0.6876186082,0.3940353889,0.2167361287,0.01470784197,1.658590825,3.592658519,1.220997512,numerical diagnostic
2.02,0.3719398672,1,0.6859699336,0.3939331483,0.2141504799,0.01510619106,1.658590825,3.592658519,1.220997512,numerical diagnostic
2.03,0.3754639335,1,0.6877319667,0.3936500552,0.2116331204,0.01550283029,1.658590825,3.592658519,1.220997512,numerical diagnostic
2.04,0.378992074,1,0.689496037,0.3933665521,0.2091816506,0.01589772106,1.658590825,3.592658519,1.220997512,numerical diagnostic
2.05,0.3825243317,1,0.6912621659,0.3930826351,0.2067937796,0.01629082556,1.658590825,3.592658519,1.220997512,numerical diagnostic
2.06,0.3860607494,1,0.6930303747,0.3927983002,0.2044673193,0.01668210673,1.658590825,3.592658519,1.220997512,numerical diagnostic
2.07,0.3896013693,1,0.6948006847,0.3925135434,0.202200179,0.01707152829,1.658590825,3.592658519,1.220997512,numerical diagnostic
2.08,0.3931462335,1,0.6965731167,0.392228361,0.1999903596,0.01745905467,1.658590825,3.592658519,1.220997512,numerical diagnostic
2.09,0.3966953835,1,0.6983476917,0.391942749,0.1978359496,0.017844651,1.658590825,3.592658519,1.220997512,numerical diagnostic
2.1,0.4002488606,1,0.7001244303,0.3916567035,0.19573512,0.01822828314,1.658590825,3.592658519,1.220997512,numerical diagnostic
2.11,0.4038067058,1,0.7019033529,0.3913702207,0.1936861198,0.01860991761,1.658590825,3.592658519,1.220997512,numerical diagnostic
2.12,0.4073689598,1,0.7036844799,0.3910832969,0.1916872728,0.01898952158,1.658590825,3.592658519,1.220997512,numerical diagnostic
2.13,0.410935663,1,0.7054678315,0.3907959281,0.1897369729,0.01936706289,1.658590825,3.592658519,1.220997512,numerical diagnostic
2.14,0.4145068554,1,0.7072534277,0.3905081106,0.187833681,0.01974251001,1.658590825,3.592658519,1.220997512,numerical diagnostic
2.15,0.4180825768,1,0.7090412884,0.3902198407,0.1859759218,0.02011583203,1.658590825,3.592658519,1.220997512,numerical diagnostic
2.16,0.4216628668,1,0.7108314334,0.3899311146,0.1841622803,0.02048699864,1.658590825,3.592658519,1.220997512,numerical diagnostic
2.17,0.4252477647,1,0.7126238823,0.3896419285,0.1823913988,0.02085598011,1.658590825,3.592658519,1.220997512,numerical diagnostic
2.18,0.4288373094,1,0.7144186547,0.3893522788,0.1806619745,0.0212227473,1.658590825,3.592658519,1.220997512,numerical diagnostic
2.19,0.4324315397,1,0.7162157699,0.3890621617,0.1789727565,0.02158727165,1.658590825,3.592658519,1.220997512,numerical diagnostic
2.2,0.4360304943,1,0.7180152471,0.3887715735,0.1773225435,0.02194952512,1.658590825,3.592658519,1.220997512,numerical diagnostic
2.21,0.4396342114,1,0.7198171057,0.3884805106,0.1757101813,0.02230948024,1.658590825,3.592658519,1.220997512,numerical diagnostic
2.22,0.4432427291,1,0.7216213646,0.3881889692,0.1741345607,0.02266711004,1.658590825,3.592658519,1.220997512,numerical diagnostic
2.23,0.4468560855,1,0.7234280427,0.3878969457,0.1725946154,0.02302238808,1.658590825,3.592658519,1.220997512,numerical diagnostic
2.24,0.4504743181,1,0.725237159,0.3876044365,0.17108932,0.02337528844,1.658590825,3.592658519,1.220997512,numerical diagnostic
2.25,0.4540974645,1,0.7270487322,0.3873114379,0.1696176879,0.02372578567,1.658590825,3.592658519,1.220997512,numerical diagnostic
2.26,0.457725562,1,0.728862781,0.3870179462,0.1681787699,0.02407385481,1.658590825,3.592658519,1.220997512,numerical diagnostic
2.27,0.4613586478,1,0.7306793239,0.3867239579,0.1667716525,0.02441947139,1.658590825,3.592658519,1.220997512,numerical diagnostic
2.28,0.464996759,1,0.7324983795,0.3864294693,0.1653954557,0.02476261138,1.658590825,3.592658519,1.220997512,numerical diagnostic
2.29,0.4686399322,1,0.7343199661,0.3861344768,0.1640493324,0.02510325121,1.658590825,3.592658519,1.220997512,numerical diagnostic
2.3,0.4722882043,1,0.7361441021,0.3858389767,0.1627324663,0.02544136777,1.658590825,3.592658519,1.220997512,numerical diagnostic
2.31,0.4759416117,1,0.7379708058,0.3855429656,0.1614440708,0.02577693836,1.658590825,3.592658519,1.220997512,numerical diagnostic
2.32,0.4796001908,1,0.7398000954,0.3852464397,0.1601833877,0.02610994073,1.658590825,3.592658519,1.220997512,numerical diagnostic
2.33,0.4832639779,1,0.7416319889,0.3849493955,0.158949686,0.02644035303,1.658590825,3.592658519,1.220997512,numerical diagnostic
2.34,0.486933009,1,0.7434665045,0.3846518295,0.1577422606,0.02676815381,1.658590825,3.592658519,1.220997512,numerical diagnostic
2.35,0.4906073203,1,0.7453036602,0.3843537379,0.1565604315,0.02709332206,1.658590825,3.592658519,1.220997512,numerical diagnostic
2.36,0.4942869476,1,0.7471434738,0.3840551173,0.1554035423,0.02741583711,1.658590825,3.592658519,1.220997512,numerical diagnostic
2.37,0.4979719266,1,0.7489859633,0.383755964,0.1542709596,0.02773567871,1.658590825,3.592658519,1.220997512,numerical diagnostic
2.38,0.5016622931,1,0.7508311465,0.3834562745,0.1531620721,0.02805282698,1.658590825,3.592658519,1.220997512,numerical diagnostic
2.39,0.5053580825,1,0.7526790413,0.3831560452,0.1520762892,0.0283672624,1.658590825,3.592658519,1.220997512,numerical diagnostic
2.4,0.5090593305,1,0.7545296652,0.3828552725,0.1510130407,0.02867896582,1.658590825,3.592658519,1.220997512,numerical diagnostic
2.41,0.5127660723,1,0.7563830362,0.3825539528,0.1499717756,0.02898791843,1.658590825,3.592658519,1.220997512,numerical diagnostic
2.42,0.5164783433,1,0.7582391717,0.3822520825,0.1489519617,0.0292941018,1.658590825,3.592658519,1.220997512,numerical diagnostic
2.43,0.5201961788,1,0.7600980894,0.3819496582,0.1479530845,0.0295974978,1.658590825,3.592658519,1.220997512,numerical diagnostic
2.44,0.5239196138,1,0.7619598069,0.3816466761,0.1469746465,0.02989808866,1.658590825,3.592658519,1.220997512,numerical diagnostic
2.45,0.5276486835,1,0.7638243418,0.3813431328,0.146016167,0.03019585694,1.658590825,3.592658519,1.220997512,numerical diagnostic
2.46,0.531383423,1,0.7656917115,0.3810390245,0.145077181,0.03049078551,1.658590825,3.592658519,1.220997512,numerical diagnostic
2.47,0.5351238671,1,0.7675619335,0.3807343478,0.1441572385,0.03078285756,1.658590825,3.592658519,1.220997512,numerical diagnostic
2.48,0.5388700508,1,0.7694350254,0.3804290991,0.1432559046,0.03107205659,1.658590825,3.592658519,1.220997512,numerical diagnostic
2.49,0.542622009,1,0.7713110045,0.3801232747,0.142372758,0.0313583664,1.658590825,3.592658519,1.220997512,numerical diagnostic
2.5,0.5463797765,1,0.7731898882,0.3798168711,0.1415073912,0.0316417711,1.658590825,3.592658519,1.220997512,numerical diagnostic
2.51,0.5501433881,1,0.775071694,0.3795098847,0.1406594099,0.03192225508,1.658590825,3.592658519,1.220997512,numerical diagnostic
2.52,0.5539128786,1,0.7769564393,0.3792023118,0.1398284321,0.03219980304,1.658590825,3.592658519,1.220997512,numerical diagnostic
2.53,0.5576882826,1,0.7788441413,0.3788941488,0.139014088,0.03247439992,1.658590825,3.592658519,1.220997512,numerical diagnostic
2.54,0.561469635,1,0.7807348175,0.3785853922,0.1382160196,0.03274603099,1.658590825,3.592658519,1.220997512,numerical diagnostic
2.55,0.5652569703,1,0.7826284852,0.3782760383,0.1374338798,0.03301468175,1.658590825,3.592658519,1.220997512,numerical diagnostic
2.56,0.5690503233,1,0.7845251617,0.3779660835,0.1366673328,0.03328033798,1.658590825,3.592658519,1.220997512,numerical diagnostic
2.57,0.5728497286,1,0.7864248643,0.3776555242,0.1359160528,0.03354298575,1.658590825,3.592658519,1.220997512,numerical diagnostic
2.58,0.5766552208,1,0.7883276104,0.3773443566,0.1351797245,0.03380261135,1.658590825,3.592658519,1.220997512,numerical diagnostic
2.59,0.5804668347,1,0.7902334173,0.3770325772,0.134458042,0.03405920134,1.658590825,3.592658519,1.220997512,numerical diagnostic
2.6,0.5842846047,1,0.7921423024,0.3767201824,0.1337507089,0.03431274253,1.658590825,3.592658519,1.220997512,numerical diagnostic
2.61,0.5881085656,1,0.7940542828,0.3764071684,0.133057438,0.03456322198,1.658590825,3.592658519,1.220997512,numerical diagnostic
2.62,0.591938752,1,0.795969376,0.3760935315,0.1323779507,0.03481062698,1.658590825,3.592658519,1.220997512,numerical diagnostic
2.63,0.5957751986,1,0.7978875993,0.3757792682,0.1317119769,0.03505494507,1.658590825,3.592658519,1.220997512,numerical diagnostic
2.64,0.59961794,1,0.79980897,0.3754643746,0.1310592546,0.03529616401,1.658590825,3.592658519,1.220997512,numerical diagnostic
2.65,0.6034670109,1,0.8017335055,0.3751488472,0.1304195299,0.0355342718,1.658590825,3.592658519,1.220997512,numerical diagnostic
2.66,0.6073224461,1,0.8036612231,0.3748326821,0.1297925564,0.03576925667,1.658590825,3.592658519,1.220997512,numerical diagnostic
2.67,0.6111842803,1,0.8055921401,0.3745158758,0.1291780951,0.03600110705,1.658590825,3.592658519,1.220997512,numerical diagnostic
2.68,0.6150525482,1,0.8075262741,0.3741984244,0.1285759141,0.03622981161,1.658590825,3.592658519,1.220997512,numerical diagnostic
2.69,0.6189272846,1,0.8094636423,0.3738803242,0.1279857885,0.03645535923,1.658590825,3.592658519,1.220997512,numerical diagnostic
2.7,0.6228085244,1,0.8114042622,0.3735615714,0.1274075001,0.03667773899,1.658590825,3.592658519,1.220997512,numerical diagnostic
2.71,0.6266963025,1,0.8133481512,0.3732421624,0.1268408371,0.0368969402,1.658590825,3.592658519,1.220997512,numerical diagnostic
2.72,0.6305906537,1,0.8152953268,0.3729220932,0.1262855941,0.03711295235,1.658590825,3.592658519,1.220997512,numerical diagnostic
2.73,0.634491613,1,0.8172458065,0.3726013602,0.1257415716,0.03732576515,1.658590825,3.592658519,1.220997512,numerical diagnostic
2.74,0.6383992154,1,0.8191996077,0.3722799596,0.1252085762,0.0375353685,1.658590825,3.592658519,1.220997512,numerical diagnostic
2.75,0.642313496,1,0.821156748,0.3719578874,0.12468642,0.03774175251,1.658590825,3.592658519,1.220997512,numerical diagnostic
2.76,0.6462344899,1,0.8231172449,0.3716351399,0.1241749208,0.03794490746,1.658590825,3.592658519,1.220997512,numerical diagnostic
2.77,0.6501622322,1,0.8250811161,0.3713117133,0.1236739018,0.03814482383,1.658590825,3.592658519,1.220997512,numerical diagnostic
2.78,0.6540967583,1,0.8270483791,0.3709876037,0.1231831912,0.03834149229,1.658590825,3.592658519,1.220997512,numerical diagnostic
2.79,0.6580381033,1,0.8290190517,0.3706628073,0.1227026225,0.03853490371,1.658590825,3.592658519,1.220997512,numerical diagnostic
2.8,0.6619863027,1,0.8309931514,0.37033732,0.1222320339,0.0387250491,1.658590825,3.592658519,1.220997512,numerical diagnostic
2.81,0.6659413919,1,0.832970696,0.3700111382,0.1217712686,0.03891191968,1.658590825,3.592658519,1.220997512,numerical diagnostic
2.82,0.6699034064,1,0.8349517032,0.3696842577,0.1213201742,0.03909550686,1.658590825,3.592658519,1.220997512,numerical diagnostic
2.83,0.6738723818,1,0.8369361909,0.3693566748,0.1208786029,0.03927580218,1.658590825,3.592658519,1.220997512,numerical diagnostic
2.84,0.6778483537,1,0.8389241769,0.3690283855,0.1204464113,0.03945279739,1.658590825,3.592658519,1.220997512,numerical diagnostic
2.85,0.6818313579,1,0.840915679,0.3686993857,0.1200234603,0.03962648438,1.658590825,3.592658519,1.220997512,numerical diagnostic
2.86,0.6858214303,1,0.8429107152,0.3683696716,0.1196096148,0.03979685525,1.658590825,3.592658519,1.220997512,numerical diagnostic
2.87,0.6898186067,1,0.8449093034,0.3680392391,0.1192047437,0.03996390221,1.658590825,3.592658519,1.220997512,numerical diagnostic
2.88,0.6938229232,1,0.8469114616,0.3677080843,0.1188087201,0.04012761768,1.658590825,3.592658519,1.220997512,numerical diagnostic
2.89,0.6978344159,1,0.848917208,0.367376203,0.1184214206,0.0402879942,1.658590825,3.592658519,1.220997512,numerical diagnostic
2.9,0.701853121,1,0.8509265605,0.3670435913,0.1180427257,0.04044502451,1.658590825,3.592658519,1.220997512,numerical diagnostic
2.91,0.7058790747,1,0.8529395374,0.3667102451,0.1176725194,0.04059870147,1.658590825,3.592658519,1.220997512,numerical diagnostic
2.92,0.7099123136,1,0.8549561568,0.3663761603,0.1173106892,0.04074901812,1.658590825,3.592658519,1.220997512,numerical diagnostic
2.93,0.713952874,1,0.856976437,0.3660413328,0.1169571263,0.04089596763,1.658590825,3.592658519,1.220997512,numerical diagnostic
2.94,0.7180007927,1,0.8590003964,0.3657057585,0.116611725,0.04103954333,1.658590825,3.592658519,1.220997512,numerical diagnostic
2.95,0.7220561064,1,0.8610280532,0.3653694333,0.1162743829,0.04117973872,1.658590825,3.592658519,1.220997512,numerical diagnostic
2.96,0.7261188519,1,0.8630594259,0.3650323529,0.1159450008,0.0413165474,1.658590825,3.592658519,1.220997512,numerical diagnostic
2.97,0.7301890661,1,0.8650945331,0.3646945132,0.1156234827,0.04144996317,1.658590825,3.592658519,1.220997512,numerical diagnostic
2.98,0.7342667862,1,0.8671333931,0.3643559101,0.1153097357,0.04157997992,1.658590825,3.592658519,1.220997512,numerical diagnostic
2.99,0.7383520494,1,0.8691760247,0.3640165392,0.1150036696,0.04170659172,1.658590825,3.592658519,1.220997512,numerical diagnostic
3,0.7424448929,1,0.8712224465,0.3636763963,0.1147051974,0.04182979276,1.658590825,3.592658519,1.220997512,numerical diagnostic
3.01,0.7465453544,1,0.8732726772,0.3633354773,0.1144142347,0.04194957739,1.658590825,3.592658519,1.220997512,numerical diagnostic
3.02,0.7506534712,1,0.8753267356,0.3629937777,0.1141307001,0.04206594006,1.658590825,3.592658519,1.220997512,numerical diagnostic
3.03,0.7547692812,1,0.8773846406,0.3626512934,0.1138545148,0.04217887539,1.658590825,3.592658519,1.220997512,numerical diagnostic
3.04,0.7588928222,1,0.8794464111,0.3623080199,0.1135856027,0.04228837811,1.658590825,3.592658519,1.220997512,numerical diagnostic
3.05,0.7630241323,1,0.8815120661,0.3619639529,0.1133238904,0.04239444311,1.658590825,3.592658519,1.220997512,numerical diagnostic
3.06,0.7671632495,1,0.8835816247,0.361619088,0.1130693068,0.04249706538,1.658590825,3.592658519,1.220997512,numerical diagnostic
3.07,0.7713102121,1,0.885655106,0.3612734209,0.1128217836,0.04259624005,1.658590825,3.592658519,1.220997512,numerical diagnostic
3.08,0.7754650585,1,0.8877325293,0.3609269471,0.1125812549,0.04269196239,1.658590825,3.592658519,1.220997512,numerical diagnostic
3.09,0.7796278274,1,0.8898139137,0.3605796621,0.112347657,0.04278422779,1.658590825,3.592658519,1.220997512,numerical diagnostic
3.1,0.7837985575,1,0.8918992787,0.3602315616,0.1121209288,0.04287303175,1.658590825,3.592658519,1.220997512,numerical diagnostic
3.11,0.7879772876,1,0.8939886438,0.3598826409,0.1119010115,0.04295836992,1.658590825,3.592658519,1.220997512,numerical diagnostic
3.12,0.7921640568,1,0.8960820284,0.3595328956,0.1116878486,0.04304023805,1.658590825,3.592658519,1.220997512,numerical diagnostic
3.13,0.7963589042,1,0.8981794521,0.3591823212,0.1114813858,0.04311863202,1.658590825,3.592658519,1.220997512,numerical diagnostic
3.14,0.8005618693,1,0.9002809347,0.3588309131,0.111281571,0.04319354785,1.658590825,3.592658519,1.220997512,numerical diagnostic
3.15,0.8047729916,1,0.9023864958,0.3584786666,0.1110883544,0.04326498164,1.658590825,3.592658519,1.220997512,numerical diagnostic
3.16,0.8089923108,1,0.9044961554,0.3581255771,0.1109016881,0.04333292965,1.658590825,3.592658519,1.220997512,numerical diagnostic
3.17,0.8132198666,1,0.9066099333,0.3577716401,0.1107215268,0.04339738823,1.658590825,3.592658519,1.220997512,numerical diagnostic
3.18,0.8174556993,1,0.9087278496,0.3574168507,0.1105478267,0.04345835385,1.658590825,3.592658519,1.220997512,numerical diagnostic
3.19,0.8216998489,1,0.9108499245,0.3570612044,0.1103805466,0.04351582311,1.658590825,3.592658519,1.220997512,numerical diagnostic
3.2,0.8259523559,1,0.912976178,0.3567046964,0.1102196469,0.0435697927,1.658590825,3.592658519,1.220997512,numerical diagnostic
3.21,0.8302132609,1,0.9151066304,0.3563473219,0.1100650904,0.04362025944,1.658590825,3.592658519,1.220997512,numerical diagnostic
3.22,0.8344826046,1,0.9172413023,0.3559890761,0.1099168416,0.04366722027,1.658590825,3.592658519,1.220997512,numerical diagnostic
3.23,0.8387604279,1,0.919380214,0.3556299542,0.109774867,0.04371067222,1.658590825,3.592658519,1.220997512,numerical diagnostic
3.24,0.8430467721,1,0.921523386,0.3552699514,0.1096391353,0.04375061244,1.658590825,3.592658519,1.220997512,numerical diagnostic
3.25,0.8473416783,1,0.9236708392,0.3549090628,0.1095096169,0.04378703819,1.658590825,3.592658519,1.220997512,numerical diagnostic
3.26,0.8516451883,1,0.9258225941,0.3545472835,0.1093862842,0.04381994686,1.658590825,3.592658519,1.220997512,numerical diagnostic
3.27,0.8559573436,1,0.9279786718,0.3541846085,0.1092691114,0.0438493359,1.658590825,3.592658519,1.220997512,numerical diagnostic
3.28,0.8602781862,1,0.9301390931,0.3538210329,0.1091580747,0.04387520291,1.658590825,3.592658519,1.220997512,numerical diagnostic
3.29,0.8646077582,1,0.9323038791,0.3534565516,0.1090531522,0.04389754557,1.658590825,3.592658519,1.220997512,numerical diagnostic
3.3,0.8689461019,1,0.934473051,0.3530911598,0.1089543237,0.04391636169,1.658590825,3.592658519,1.220997512,numerical diagnostic
3.31,0.87329326,1,0.93664663,0.3527248522,0.1088615711,0.04393164917,1.658590825,3.592658519,1.220997512,numerical diagnostic
3.32,0.877649275,1,0.9388246375,0.3523576238,0.1087748778,0.04394340601,1.658590825,3.592658519,1.220997512,numerical diagnostic
3.33,0.8820141901,1,0.9410070951,0.3519894694,0.1086942293,0.04395163031,1.658590825,3.592658519,1.220997512,numerical diagnostic
3.34,0.8863880484,1,0.9431940242,0.351620384,0.1086196129,0.04395632031,1.658590825,3.592658519,1.220997512,numerical diagnostic
3.35,0.8907708933,1,0.9453854466,0.3512503623,0.1085510177,0.04395747429,1.658590825,3.592658519,1.220997512,numerical diagnostic
3.36,0.8951627684,1,0.9475813842,0.3508793991,0.1084884345,0.04395509069,1.658590825,3.592658519,1.220997512,numerical diagnostic
3.37,0.8995637175,1,0.9497818588,0.3505074891,0.1084318561,0.04394916803,1.658590825,3.592658519,1.220997512,numerical diagnostic
3.38,0.9039737848,1,0.9519868924,0.350134627,0.108381277,0.0439397049,1.658590825,3.592658519,1.220997512,numerical diagnostic
3.39,0.9083930146,1,0.9541965073,0.3497608075,0.1083366936,0.04392670005,1.658590825,3.592658519,1.220997512,numerical diagnostic
3.4,0.9128214513,1,0.9564107257,0.3493860252,0.108298104,0.04391015227,1.658590825,3.592658519,1.220997512,numerical diagnostic
3.41,0.9172591399,1,0.9586295699,0.3490102748,0.1082655082,0.04389006049,1.658590825,3.592658519,1.220997512,numerical diagnostic
3.42,0.9217061252,1,0.9608530626,0.3486335508,0.1082389081,0.04386642371,1.658590825,3.592658519,1.220997512,numerical diagnostic
3.43,0.9261624527,1,0.9630812263,0.3482558477,0.1082183074,0.04383924106,1.658590825,3.592658519,1.220997512,numerical diagnostic
3.44,0.9306281677,1,0.9653140839,0.3478771599,0.1082037114,0.04380851173,1.658590825,3.592658519,1.220997512,numerical diagnostic
3.45,0.9351033161,1,0.967551658,0.3474974821,0.1081951277,0.04377423503,1.658590825,3.592658519,1.220997512,numerical diagnostic
3.46,0.9395879438,1,0.9697939719,0.3471168085,0.1081925653,0.04373641036,1.658590825,3.592658519,1.220997512,numerical diagnostic
3.47,0.9440820972,1,0.9720410486,0.3467351335,0.1081960354,0.04369503722,1.658590825,3.592658519,1.220997512,numerical diagnostic
3.48,0.9485858227,1,0.9742929114,0.3463524515,0.1082055509,0.0436501152,1.658590825,3.592658519,1.220997512,numerical diagnostic
3.49,0.9530991672,1,0.9765495836,0.3459687568,0.1082211267,0.04360164399,1.658590825,3.592658519,1.220997512,numerical diagnostic
3.5,0.9576221777,1,0.9788110889,0.3455840436,0.1082427796,0.04354962337,1.658590825,3.592658519,1.220997512,numerical diagnostic
3.51,0.9621549015,1,0.9810774508,0.3451983062,0.1082705283,0.04349405321,1.658590825,3.592658519,1.220997512,numerical diagnostic
3.52,0.9666973862,1,0.9833486931,0.3448115386,0.1083043935,0.04343493348,1.658590825,3.592658519,1.220997512,numerical diagnostic
3.53,0.9712496797,1,0.9856248399,0.3444237352,0.1083443977,0.04337226426,1.658590825,3.592658519,1.220997512,numerical diagnostic
3.54,0.9758118301,1,0.9879059151,0.3440348898,0.1083905656,0.04330604568,1.658590825,3.592658519,1.220997512,numerical diagnostic
3.55,0.9803838859,1,0.9901919429,0.3436449967,0.1084429239,0.043236278,1.658590825,3.592658519,1.220997512,numerical diagnostic
3.56,0.9849658957,1,0.9924829478,0.3432540497,0.1085015012,0.04316296157,1.658590825,3.592658519,1.220997512,numerical diagnostic
3.57,0.9895579085,1,0.9947789542,0.342862043,0.1085663283,0.04308609682,1.658590825,3.592658519,1.220997512,numerical diagnostic
3.58,0.9941599736,1,0.9970799868,0.3424689703,0.108637438,0.04300568427,1.658590825,3.592658519,1.220997512,numerical diagnostic
3.59,0.9987721406,1,0.9993860703,0.3420748256,0.1087148654,0.04292172455,1.658590825,3.592658519,1.220997512,numerical diagnostic
3.592658518,0.9999999995,1,0.9999999998,0.3419698603,0.1087365173,0.04289880693,1.658590825,3.592658519,1.220997512,numerical diagnostic
