r,schedules_with_entry,H_best_0,H_best_1,H_best_interior,max_gain_interior_over_corners,status
1.4,459,459,0,0,nan,numerical diagnostic
1.55,408,381,27,0,nan,numerical diagnostic
1.62,408,243,165,0,nan,numerical diagnostic
1.65,408,205,203,0,nan,numerical diagnostic
1.66,408,193,215,0,nan,numerical diagnostic
1.7,360,126,234,0,nan,numerical diagnostic
1.8,360,59,301,0,nan,numerical diagnostic
2,273,0,273,0,nan,numerical diagnostic
2.5,165,0,165,0,nan,numerical diagnostic
3,63,0,63,0,nan,numerical diagnostic
3.5,3,0,3,0,nan,numerical diagnostic
