r,n_r,z_U,z,cutoff_x',E,U_H,U_L,H_best,H_gap,L_best,L_dev,equilibrium,status
1.658590825,0.2469019414,0.2469019414,0.2469019414,1,0.3840228017,0.002816749926,0.0006954610251,1,0,-0.2469019411,2.689867218e-10,True,numerical diagnostic
1.7,0.2610377594,0.3856059088,0.2610377594,1.169185926,0.3520059079,0.003002224583,0.0007836939781,1,0,-0.26103776,-6.351974502e-10,True,numerical diagnostic
1.7,0.2610377594,0.3856059088,0.2859513892,1.124031297,0.3584952577,0.003336561022,0.0009540942596,1,0,-0.2859513883,9.502943987e-10,True,numerical diagnostic
1.7,0.2610377594,0.3856059088,0.3108650191,1.078384005,0.365206987,0.003680759947,0.001144219511,1,0,-0.3108650187,3.71682185e-10,True,numerical diagnostic
1.7,0.2610377594,0.3856059088,0.335778649,1.032231764,0.3721513073,0.004035264285,0.00135495559,1,0,-0.3357786532,-4.182375168e-09,True,numerical diagnostic
1.7,0.2610377594,0.3856059088,0.3606922789,0.9855265406,0.3793326362,0.004400543891,0.001587242204,1,0,-0.3606922747,4.228647765e-09,True,numerical diagnostic
1.7,0.2610377594,0.3856059088,0.3856059088,0.9377159253,0.3866639297,0.004777097623,0.00184207707,1,0,-0.3856059131,-4.354084426e-09,True,numerical diagnostic
1.8,0.2953482968,0.6458541591,0.2953482968,1.52668134,0.2926489992,0.003465204021,0.001023442106,1,0,-0.2953482982,-1.350591916e-09,True,numerical diagnostic
1.8,0.2953482968,0.6458541591,0.3654494693,1.396398966,0.3086514897,0.004471559152,0.001634128919,1,0,-0.3654494749,-5.689905103e-09,True,numerical diagnostic
1.8,0.2953482968,0.6458541591,0.4355506417,1.261886707,0.326307602,0.00556810151,0.002425190186,1,0,-0.4355506516,-9.876113316e-09,True,numerical diagnostic
1.8,0.2953482968,0.6458541591,0.5056518142,1.12281328,0.3458549759,0.006767523379,0.003422010474,1,0,-0.5056518221,-7.973544602e-09,True,numerical diagnostic
1.8,0.2953482968,0.6458541591,0.5757529866,0.9787282501,0.3675630473,0.008085015889,0.004654972045,1,0,-0.5757529926,-5.968643246e-09,True,numerical diagnostic
1.8,0.2953482968,0.6458541591,0.6458541591,0.8247470689,0.3908145814,0.009538915818,0.006160748454,1,0,-0.645854168,-8.94218255e-09,True,numerical diagnostic
2,0.3649037829,0.9805934407,0.3649037829,2.079282227,0.2193925814,0.004463392173,0.001628708688,1,0,-0.3649037791,3.790270597e-09,True,numerical diagnostic
2,0.3649037829,0.9805934407,0.4880417145,1.840051949,0.2423124681,0.006455756341,0.003150678393,1,0,-0.488041731,-1.650540271e-08,True,numerical diagnostic
2,0.3649037829,0.9805934407,0.611179646,1.585856326,0.2698601259,0.00880142121,0.0053792495,1,0,-0.6111796546,-8.576982458e-09,True,numerical diagnostic
2,0.3649037829,0.9805934407,0.7343175776,1.314257924,0.3034114876,0.0116035044,0.00852065724,1,0,-0.7343175877,-1.00891665e-08,True,numerical diagnostic
2,0.3649037829,0.9805934407,0.8574555092,1.022059512,0.3449383546,0.01500957759,0.01287004499,1,0,-0.8574555127,-3.478692223e-09,True,numerical diagnostic
2,0.3649037829,0.9805934407,0.9805934407,0.6921551711,0.3939850198,0.01923851543,0.01886516204,1,0,-0.9805934612,-2.041045966e-08,True,numerical diagnostic
2.5,0.5463797765,1,0.5463797765,2.897197178,0.1415073912,0.007517503783,0.004107412037,1,0,-0.5463797924,-1.592111321e-08,True,numerical diagnostic
2.5,0.5463797765,1,0.6371038212,2.705790384,0.1535385308,0.009349264178,0.005956451933,1,0,-0.6371038195,1.653153947e-09,True,numerical diagnostic
2.5,0.5463797765,1,0.7278278659,2.504627498,0.1674803811,0.01144228594,0.008328014553,1,0,-0.7278278698,-3.955774597e-09,True,numerical diagnostic
2.5,0.5463797765,1,0.8185519106,2.292408777,0.1837797471,0.01385675626,0.01134247431,1,0,-0.8185518987,1.18791369e-08,True,numerical diagnostic
2.5,0.5463797765,1,0.9092759553,2.067519201,0.203032573,0.01667288733,0.01516025555,1,0,-0.9092759663,-1.099440206e-08,True,numerical diagnostic
2.5,0.5463797765,1,1,0.7731898882,0.3798168711,0.04754484168,0.04754484168,1,0,-1,0,True,numerical diagnostic
3,0.7424448929,1,0.7424448929,3.257306117,0.1147051974,0.01180775123,0.008766604596,1,0,-0.7424449071,-1.412223205e-08,True,numerical diagnostic
3,0.7424448929,1,0.7939559144,3.137205791,0.1208906429,0.01316628345,0.01045344862,1,0,-0.7939559278,-1.344437905e-08,True,numerical diagnostic
3,0.7424448929,1,0.8454669358,3.013180741,0.1276773315,0.0146460411,0.01238274349,1,0,-0.8454669227,1.306297126e-08,True,numerical diagnostic
3,0.7424448929,1,0.8969779572,2.884900489,0.1351504646,0.01626400783,0.01458845652,1,0,-0.8969779624,-5.186148844e-09,True,numerical diagnostic
3,0.7424448929,1,0.9484889786,2.751986729,0.1434119752,0.01804049524,0.0171112109,1,0,-0.9484889754,3.180479657e-09,True,numerical diagnostic
3,0.7424448929,1,1,0.8712224465,0.3636763963,0.07550289242,0.07550289242,1,0,-1,0,True,numerical diagnostic
3.5,0.9576221777,1,0.9576221777,3.312177595,0.1082427796,0.01837380184,0.01759516014,1,0,-0.9576221936,-1.592412002e-08,True,numerical diagnostic
3.5,0.9576221777,1,0.9660977422,3.289684924,0.1093405501,0.01868837668,0.01805479851,1,0,-0.9660977461,-3.950860306e-09,True,numerical diagnostic
3.5,0.9576221777,1,0.9745733066,3.267050729,0.1104576629,0.01900815169,0.01852483724,1,0,-0.9745733282,-2.156039702e-08,True,numerical diagnostic
3.5,0.9576221777,1,0.9830488711,3.244272793,0.1115946054,0.01933325689,0.01900553636,1,0,-0.9830488796,-8.538377227e-09,True,numerical diagnostic
3.5,0.9576221777,1,0.9915244355,3.221348841,0.1127518816,0.01966382668,0.01949716465,1,0,-0.9915244255,1.000831418e-08,True,numerical diagnostic
3.5,0.9576221777,1,1,0.9788110889,0.3455840436,0.1013382381,0.1013382381,1,0,-1,0,True,numerical diagnostic
