r1,rho,cL,tauL,DeltaT,no_trade_k,K_th,k_S,k_U,k_R
3,0.25,2.4,0.273,0.6666666667,0.08333333333,0.009752887485,0.06524394957,0.05737695313,0.06179492188
3,0.25,2.5,0.285,0.6666666667,0.08333333333,0.008578229991,0.06524394957,0.05524414062,0.069640625
3,0.25,2.6,0.297,0.6666666667,0.08333333333,0.007926396209,0.06561141671,0.05372070313,0.07474414063
3,0.25,2.7,0.309,0.6666666667,0.08333333333,0.007453247644,0.06729207068,0.05242578125,0.07474414063
3,0.25,2.8,0.321,0.6666666667,0.08333333333,0.007075423724,0.07039755915,0.051359375,0.075125
3,0.25,2.9,0.333,0.6666666667,0.08333333333,0.00675756622,0.07184755648,0.05029296875,0.07474414063
3,0.25,3,0.345,0.6666666667,0.08333333333,0.006481014587,0.01977596192,0.01990039063,0.01990039063
3,0.25,3.2,0.369,0.6666666667,0.08333333333,0.006011180853,0.01717852499,0.01738671875,0.01738671875
3,0.25,3.4,0.393,0.6666666667,0.08333333333,0.005575589767,0.01494913592,0.01502539062,0.01502539062
3,0.25,3.6,0.417,0.6666666667,0.08333333333,0.00493980644,0.01256239697,0.01258789063,0.01258789063
