r,rho,cL,cH,regime,family,cutoff,pool,qH,qL,E,O_H,which
3,0.25,2.37,6.0,II,lp-pool,,"[[""-inf"", -0.939536866968518]]",1,-1,0.4346979226,0.3004942488,E
3,0.25,2.37,6.0,II,lp-pool,,"[[""-inf"", -0.939536866968518]]",1,-1,0.4346979226,0.3004942488,OH
3,0.25,2.375,6.0,II,lp-pool,,"[[""-inf"", -0.8697650607131477]]",1,-1,0.4317776352,0.2996529267,E
3,0.25,2.375,6.0,II,lp-pool,,"[[""-inf"", -0.8697650607131477]]",1,-1,0.4317776352,0.2996529267,OH
3,0.25,2.4,6.0,II,lp-pool,,"[[""-inf"", -0.7027941469951435]]",1,-1,0.4249506142,0.2975162871,E
3,0.25,2.4,6.0,II,lp-pool,,"[[""-inf"", -0.74], [0.8712224464724486, 0.8757416232548344]]",1,-1,0.4257021358,0.2974776847,OH
3,0.25,2.425,6.0,II,lp-pool,,"[[""-inf"", -0.5937225501887284]]",1,-1,0.4205962667,0.296021082,E
3,0.25,2.425,6.0,II,lp-pool,,"[[""-inf"", -0.73], [0.8712224464724486, 0.8907635412974015]]",1,-1,0.4227935873,0.2955751634,OH
3,0.25,2.45,6.0,II,lp-pool,,"[[""-inf"", -0.5042938480643928]]",1,-1,0.417077366,0.2947328317,E
3,0.25,2.45,6.0,II,lp-pool,,"[[""-inf"", -0.71], [0.8712224464724486, 0.904813378369603]]",1,-1,0.4196370653,0.2936419515,OH
3,0.25,2.475,6.0,II,lp-pool,,"[[""-inf"", -0.46], [0.8712224464724486, 0.8794319181878311]]",1,-1,0.4139832408,0.2931089449,E
3,0.25,2.475,6.0,II,lp-pool,,"[[""-inf"", -0.7], [0.8712224464724486, 0.920141091111527]]",1,-1,0.4166638798,0.2916747863,OH
3,0.25,2.5,6.0,II,lp-pool,,"[[""-inf"", -0.44], [0.8712224464724486, 0.8931507158871292]]",1,-1,0.4109179606,0.2911861648,E
3,0.25,2.5,6.0,II,lp-pool,,"[[""-inf"", -0.68], [0.8712224464724486, 0.9344855677629481]]",1,-1,0.4134470308,0.2896772443,OH
3,0.25,2.525,6.0,II,lp-pool,,"[[""-inf"", -0.43], [0.8712224464724486, 0.9093470697193565]]",1,-1,0.4078203748,0.2891066595,E
3,0.25,2.525,6.0,II,lp-pool,,"[[""-inf"", -0.67], [0.8712224464724486, 0.9501072873106293]]",1,-1,0.4104095742,0.2876448115,OH
3,0.25,2.55,6.0,II,lp-pool,,"[[""-inf"", -0.42], [0.8712224464724486, 0.9256588069534362]]",1,-1,0.4046944388,0.286996825,E
3,0.25,2.55,6.0,II,lp-pool,,"[[""-inf"", -0.65], [0.8712224464724486, 0.9647391234383583]]",1,-1,0.4071319678,0.2855818206,OH
3,0.25,2.575,6.0,II,lp-pool,,"[[""-inf"", -0.4007749708495253], [0.8712224464724486, 0.94]]",1,-1,0.4015348027,0.2849665838,E
3,0.25,2.575,6.0,II,lp-pool,,"[[""-inf"", -0.64], [0.8712224464724486, 0.9806452604763416]]",1,-1,0.4040301915,0.28348322,OH
3,0.25,2.6,6.0,II,lp-pool,,"[[""-inf"", -0.39], [0.8712224464724486, 0.9564070041832036]]",1,-1,0.3983456141,0.2828005394,E
3,0.25,2.6,6.0,II,lp-pool,,"[[""-inf"", -0.62], [0.8712224464724486, 0.9955575568011057]]",1,-1,0.4006912796,0.2813535847,OH
3,0.25,2.625,6.0,II,lp-pool,,"[[""-inf"", -0.38], [0.8712224464724486, 0.9731217521810948]]",1,-1,0.3951243342,0.2805913259,E
3,0.25,2.625,6.0,II,lp-pool,,"[[""-inf"", -0.61], [0.8712224464724486, 1.0], [8.0, 8.434415842310724]]",1,-1,0.3975187946,0.2791856149,OH
3,0.25,2.65,6.0,II,lp-pool,,"[[""-inf"", -0.37], [0.8712224464724486, 0.9899633041109791]]",1,-1,0.3918710675,0.2783483297,E
3,0.25,2.65,6.0,II,lp-pool,,"[[""-inf"", -0.6], [0.8712224464724486, 1.0], [8.0, 9.265638112874473]]",1,-1,0.3942961553,0.2769795197,OH
3,0.25,2.675,6.0,II,lp-pool,,"[[""-inf"", -0.35], [0.8712224464724486, 1.0], [8.0, 8.161404148808051]]",1,-1,0.3885858079,0.2761949362,E
3,0.25,2.675,6.0,II,lp-pool,,"[[""-inf"", -0.58], [0.8712224464724486, 1.0], [8.0, 10.612372681351243]]",1,-1,0.3908173507,0.2747326272,OH
3,0.25,2.7,6.0,II,lp-pool,,"[[""-inf"", -0.35], [0.8712224464724486, 1.0], [8.0, 9.023210272973374]]",1,-1,0.3852509786,0.2737569806,E
3,0.25,2.7,6.0,II,lp-pool,,"[[""-inf"", -0.57], [0.8712224464724486, 1.0], [7.97, 7.976880606703334], [7.98, ""inf""]]",1,-1,0.3874857393,0.2724435061,OH
3,0.25,2.725,6.0,II,lp-pool,,"[[""-inf"", -0.34], [0.8712224464724486, 1.0], [8.0, 10.352338322756188]]",1,-1,0.3818604356,0.2714000499,E
3,0.25,2.725,6.0,II,lp-pool,,"[[""-inf"", -0.56], [0.8712224464724486, 1.0], [7.47, 7.479896195443677], [7.48, ""inf""]]",1,-1,0.3840985017,0.270112606,OH
3,0.25,2.75,6.0,II,lp-pool,,"[[""-inf"", -0.33], [0.8712224464724486, 1.0], [8.0, 16.86640589781399]]",1,-1,0.3784133438,0.2690007424,E
3,0.25,2.75,6.0,II,lp-pool,,"[[""-inf"", -0.54], [0.8712224464724486, 1.0], [7.08, 7.08446888512858], [7.09, ""inf""]]",1,-1,0.38045778,0.2677384387,OH
3,0.25,2.775,6.0,II,lp-pool,,"[[""-inf"", -0.32], [0.8712224464724486, 1.0], [7.49, 7.499794141268287], [7.5, ""inf""]]",1,-1,0.3749084883,0.266558173,E
3,0.25,2.775,6.0,II,lp-pool,,"[[""-inf"", -0.53], [0.8712224464724486, 1.0], [6.73, 6.733495596507079], [6.74, ""inf""]]",1,-1,0.3769547159,0.2653195454,OH
3,0.25,2.8,6.0,II,lp-pool,,"[[""-inf"", -0.31], [0.8712224464724486, 1.0], [7.06, 7.06784973554727], [7.07, ""inf""]]",1,-1,0.3713445971,0.2640714149,E
3,0.25,2.8,6.0,II,lp-pool,,"[[""-inf"", -0.52], [0.8712224464724486, 1.0], [6.43, 6.435868209630787], [6.44, ""inf""]]",1,-1,0.3733923392,0.2628561926,OH
3,0.25,2.825,6.0,II,lp-pool,,"[[""-inf"", -0.3], [0.8712224464724486, 1.0], [6.7, 6.706392782223092], [6.71, ""inf""]]",1,-1,0.3677204227,0.2615395589,E
3,0.25,2.825,6.0,II,lp-pool,,"[[""-inf"", -0.5], [0.8712224464724486, 1.0], [6.18, 6.1875585334552055], [6.19, ""inf""]]",1,-1,0.3695794882,0.2603473998,OH
3,0.25,2.85,6.0,II,lp-pool,,"[[""-inf"", -0.29], [0.8712224464724486, 1.0], [6.39, 6.3957050375717], [6.4, ""inf""]]",1,-1,0.3640346407,0.2589616398,E
3,0.25,2.85,6.0,II,lp-pool,,"[[""-inf"", -0.49], [0.8712224464724486, 1.0], [5.94, 5.949499299221265], [5.95, ""inf""]]",1,-1,0.3658938825,0.2577906845,OH
3,0.25,2.875,6.0,II,lp-pool,,"[[""-inf"", -0.28], [0.8712224464724486, 1.0], [6.12, 6.128323912353663], [6.13, ""inf""]]",1,-1,0.360285917,0.2563366853,E
3,0.25,2.875,6.0,II,lp-pool,,"[[""-inf"", -0.48], [0.8712224464724486, 1.0], [5.72, 5.7292553710692395], [5.73, ""inf""]]",1,-1,0.3621449589,0.2551865955,OH
3,0.25,2.9,6.0,II,lp-pool,,"[[""-inf"", -0.27], [0.8712224464724486, 1.0], [5.87, 5.8725347530512115], [5.88, ""inf""]]",1,-1,0.3564727585,0.2536636066,E
3,0.25,2.9,6.0,II,lp-pool,,"[[""-inf"", -0.47], [0.8712224464724486, 1.0], [5.51, 5.510889827774528], [5.52, ""inf""]]",1,-1,0.3583313685,0.25253415,OH
3,0.25,2.925,6.0,II,lp-pool,,"[[""-inf"", -0.26], [0.8712224464724486, 1.0], [5.65, 5.654112976727589], [5.66, ""inf""]]",1,-1,0.35259376,0.2509413794,E
3,0.25,2.925,6.0,II,lp-pool,,"[[""-inf"", -0.45], [0.8712224464724486, 1.0], [5.34, 5.346929305593295], [5.35, ""inf""]]",1,-1,0.3542681246,0.2498314754,OH
3,0.25,2.95,6.0,II,lp-pool,,"[[""-inf"", -0.25], [0.8712224464724486, 1.0], [5.45, 5.45724048437318], [5.46, ""inf""]]",1,-1,0.3486474726,0.2481689472,E
3,0.25,2.95,6.0,II,lp-pool,,"[[""-inf"", -0.44], [0.8712224464724486, 1.0], [5.16, 5.161675985121556], [5.17, ""inf""]]",1,-1,0.3503201545,0.247077567,OH
3,0.25,2.975,6.0,II,lp-pool,,"[[""-inf"", -0.24], [0.8712224464724486, 1.0], [5.26, 5.26503666823065], [5.27, ""inf""]]",1,-1,0.3446322726,0.2453451259,E
3,0.25,2.975,6.0,II,lp-pool,,"[[""-inf"", -0.43], [0.8712224464724486, 1.0], [5.0, 5.005384803679587], [5.01, ""inf""]]",1,-1,0.3463029443,0.2442719721,OH
3,0.25,3,6.0,II,lp-pool,,"[[""-inf"", -0.24], [0.8712224464724486, 1.0], [5.07, 5.077084896603972], [5.08, ""inf""]]",1,-1,0.3405466442,0.2423582922,E
3,0.25,3,6.0,II,lp-pool,,"[[""-inf"", -0.42], [0.8712224464724486, 1.0], [4.85, 4.859563609517002], [4.86, ""inf""]]",1,-1,0.3422151912,0.2414137417,OH
3,0.25,3.025,6.0,II,lp-pool,,"[[""-inf"", -0.23], [0.8712224464724486, 1.0], [4.91, 4.919582222011732], [4.92, ""inf""]]",1,-1,0.3363881488,0.2394287063,E
3,0.25,3.025,6.0,II,lp-pool,,"[[""-inf"", -0.4], [0.8712224464724486, 1.0], [4.71, 4.717545465132159], [4.72, ""inf""]]",1,-1,0.3378785017,0.2385004999,OH
3,0.25,3.05,6.0,II,lp-pool,,"[[""-inf"", -0.22], [0.8712224464724486, 1.0], [4.75, 4.752691401082822], [4.76, ""inf""]]",1,-1,0.3321556446,0.2364440112,E
3,0.25,3.05,6.0,II,lp-pool,,"[[""-inf"", -0.39], [0.8712224464724486, 1.0], [4.57, 4.576629778849126], [4.58, ""inf""]]",1,-1,0.3336435747,0.2355315024,OH
3,0.25,3.25,6.0,II,lp-pool,,"[[""-inf"", 0.7886311989922385]]",1,-0.6015010452,0.09995830615,0.06876821557,E
3,0.25,3.25,6.0,II,lp-pool,,"[[""-inf"", 0.7886311989922385]]",1,-0.6015010452,0.09995830615,0.06876821557,OH
3,0.25,3.425,6.0,II,lp-pool,,"[[""-inf"", 1.0], [8.0, 8.088144477517016]]",1,-0.5012522507,0.09188464372,0.06241862717,E
3,0.25,3.425,6.0,II,lp-pool,,"[[""-inf"", 1.0], [8.0, 8.088144477517016]]",1,-0.5012522507,0.09188464372,0.06241862717,OH
3,0.25,3.5,6.0,II,lp-pool,,"[[""-inf"", 1.0], [7.14, 7.142802920384056], [7.15, ""inf""]]",1,-0.4549895859,0.08840729412,0.05960908499,E
3,0.25,3.5,6.0,II,lp-pool,,"[[""-inf"", 1.0], [7.14, 7.142802920384056], [7.15, ""inf""]]",1,-0.4549895859,0.08840729412,0.05960908499,OH
3,0.25,3.575,6.0,II,lp-pool,,"[[""-inf"", 1.0], [5.71, 5.7152731301228075], [5.72, ""inf""]]",1,-0.4013872147,0.08466198276,0.05658311959,E
3,0.25,3.575,6.0,II,lp-pool,,"[[""-inf"", 1.0], [5.71, 5.7152731301228075], [5.72, ""inf""]]",1,-0.4013872147,0.08466198276,0.05658311959,OH
3,0.25,3.75,6.0,II,lp-pool,,"[[""-inf"", 1.0], [4.06, 4.065442610646935], [4.07, ""inf""]]",1,-0.2460749054,0.07527509461,0.04899724064,E
3,0.25,3.75,6.0,II,lp-pool,,"[[""-inf"", 1.0], [4.06, 4.065442610646935], [4.07, ""inf""]]",1,-0.2460749054,0.07527509461,0.04899724064,OH
3,0.25,3.875,6.0,II,lp-pool,,"[[""-inf"", 1.0], [3.34, 3.3466747365138727], [3.35, ""inf""]]",1,-0.09938316345,0.06802811925,0.04313418363,E
3,0.25,3.875,6.0,II,lp-pool,,"[[""-inf"", 1.0], [3.34, 3.3466747365138727], [3.35, ""inf""]]",1,-0.09938316345,0.06802811925,0.04313418363,OH
3,0.25,4.2917,6.0,III,lp-pool,,"[[""-inf"", 0.5000159999999998], [1.95, 1.9523335094224512], [1.96, ""inf""]]",0,0,0,0,E
3,0.25,4.2917,6.0,III,lp-pool,,"[[""-inf"", 0.5000159999999998], [1.95, 1.9523335094224512], [1.96, ""inf""]]",0,0,0,0,OH
3,0.25,4.3,6.0,III,lp-pool,,"[[""-inf"", 0.5040000053333457], [1.96, 1.9656878943765594], [1.97, ""inf""]]",0,0,0,0,E
3,0.25,4.3,6.0,III,lp-pool,,"[[""-inf"", 0.5040000053333457], [1.96, 1.9656878943765594], [1.97, ""inf""]]",0,0,0,0,OH
3,0.25,4.325,6.0,III,lp-pool,,"[[""-inf"", 0.5160003413464411], [1.98, 1.9855412424658387], [1.99, ""inf""]]",0,0,0,0,E
3,0.25,4.325,6.0,III,lp-pool,,"[[""-inf"", 0.5160003413464411], [1.98, 1.9855412424658387], [1.99, ""inf""]]",0,0,0,0,OH
3,0.25,4.35,6.0,III,lp-pool,,"[[""-inf"", 0.5280018295484927], [2.0, 2.0051885791167496], [2.01, ""inf""]]",0,0,0,0,E
3,0.25,4.35,6.0,III,lp-pool,,"[[""-inf"", 0.5280018295484927], [2.0, 2.0051885791167496], [2.01, ""inf""]]",0,0,0,0,OH
