r,rho,cL,cH,regime,family,cutoff,pool,qH,qL,E,O_H,which,ver_accepted,ver_pool_consistent,ver_regret_H,ver_regret_L,ver_wrong_sign_max,ver_E,ver_O_H,ver_pool_belief,ver_dE,ver_dOH
3,0.25,2.37,6.0,II,lp-pool,,"[[""-inf"", -0.939536866968518]]",1,-1,0.4346979226,0.3004942488,E,true,true,0.0,0.0,-0.010633097159212474,0.4346979226140139,0.3004942488254977,0.2691158896566586,1.4013901150633501e-11,2.5497715050448733e-11
3,0.25,2.37,6.0,II,lp-pool,,"[[""-inf"", -0.939536866968518]]",1,-1,0.4346979226,0.3004942488,OH,true,true,0.0,0.0,-0.010633097159212474,0.4346979226140139,0.3004942488254977,0.2691158896566586,1.4013901150633501e-11,2.5497715050448733e-11
3,0.25,2.375,6.0,II,lp-pool,,"[[""-inf"", -0.8697650607131477]]",1,-1,0.4317776352,0.2996529267,E,true,true,0.0,0.0,-0.010494693199364842,0.4317776352409741,0.29965292670326993,0.26972510699764635,4.097411299142095e-11,3.2699398744284736e-12
3,0.25,2.375,6.0,II,lp-pool,,"[[""-inf"", -0.8697650607131477]]",1,-1,0.4317776352,0.2996529267,OH,true,true,0.0,0.0,-0.010494693199364842,0.4317776352409741,0.29965292670326993,0.26972510699764635,4.097411299142095e-11,3.2699398744284736e-12
3,0.25,2.4,6.0,II,lp-pool,,"[[""-inf"", -0.7027941469951435]]",1,-1,0.4249506142,0.2975162871,E,true,true,0.0,0.0,-0.010155621172937593,0.4249506141530198,0.2975162871010185,0.272743516368565,4.6980197510038124e-11,1.0185186027911186e-12
3,0.25,2.4,6.0,II,lp-pool,,"[[""-inf"", -0.74], [0.8712224464724486, 0.8757416232548344]]",1,-1,0.4257021358,0.2974776847,OH,true,true,0.0,0.0,-0.010218443927608992,0.4257021357638614,0.2974776847400574,0.2727396786042806,3.6138592118817314e-11,4.005740183998796e-11
3,0.25,2.425,6.0,II,lp-pool,,"[[""-inf"", -0.5937225501887284]]",1,-1,0.4205962667,0.296021082,E,true,true,0.0,0.0,-0.009928782504091951,0.4205962667228158,0.296021082041612,0.27575430265552453,2.2815804801012973e-11,4.1611991630219336e-11
3,0.25,2.425,6.0,II,lp-pool,,"[[""-inf"", -0.73], [0.8712224464724486, 0.8907635412974015]]",1,-1,0.4227935873,0.2955751634,OH,true,true,0.0,0.0,-0.010153150500700715,0.4227935872510384,0.29557516340572904,0.27574319999645397,4.896161254208664e-11,5.729028362821964e-12
3,0.25,2.45,6.0,II,lp-pool,,"[[""-inf"", -0.5042938480643928]]",1,-1,0.417077366,0.2947328317,E,true,true,0.0,0.0,-0.00974008841526558,0.4170773659995364,0.29473283168252895,0.278762426716832,4.636291350834654e-13,1.7471024627013776e-11
3,0.25,2.45,6.0,II,lp-pool,,"[[""-inf"", -0.71], [0.8712224464724486, 0.904813378369603]]",1,-1,0.4196370653,0.2936419515,OH,true,true,0.0,0.0,-0.010070876851330708,0.4196370652992605,0.2936419515203859,0.27874569571928,7.395195567028168e-13,2.0385915178167124e-11
3,0.25,2.475,6.0,II,lp-pool,,"[[""-inf"", -0.46], [0.8712224464724486, 0.8794319181878311]]",1,-1,0.4139832408,0.2931089449,E,true,true,0.0,0.0,-0.009621118445510226,0.4139832407994493,0.29310894488082306,0.28176771494410885,5.506706202140776e-13,1.917693781550156e-11
3,0.25,2.475,6.0,II,lp-pool,,"[[""-inf"", -0.7], [0.8712224464724486, 0.920141091111527]]",1,-1,0.4166638798,0.2916747863,OH,true,true,0.0,0.0,-0.010006153734257036,0.4166638798352696,0.29167478625254817,0.28174981998195814,3.526956504629197e-11,4.745182025089889e-11
3,0.25,2.5,6.0,II,lp-pool,,"[[""-inf"", -0.44], [0.8712224464724486, 0.8931507158871292]]",1,-1,0.4109179606,0.2911861648,E,true,true,0.0,0.0,-0.009537645010682053,0.41091796064804814,0.29118616475942877,0.2847696314021861,4.804812103742506e-11,4.057121305578448e-11
3,0.25,2.5,6.0,II,lp-pool,,"[[""-inf"", -0.68], [0.8712224464724486, 0.9344855677629481]]",1,-1,0.4134470308,0.2896772443,OH,true,true,0.0,0.0,-0.009924286625132008,0.413447030849041,0.28967724430864844,0.2847518522969458,4.904099348834734e-11,8.648415317225044e-12
3,0.25,2.525,6.0,II,lp-pool,,"[[""-inf"", -0.43], [0.8712224464724486, 0.9093470697193565]]",1,-1,0.4078203748,0.2891066595,E,true,true,0.0,0.0,-0.009468997240876442,0.4078203747941505,0.28910665952400816,0.287772724397936,5.8494875609937935e-12,2.400818432946039e-11
3,0.25,2.525,6.0,II,lp-pool,,"[[""-inf"", -0.67], [0.8712224464724486, 0.9501072873106293]]",1,-1,0.4104095742,0.2876448115,OH,true,true,0.0,0.0,-0.009860216233023984,0.41040957420656793,0.28764481149670784,0.2877558652660145,6.567912880228732e-12,3.2921443349209767e-12
3,0.25,2.55,6.0,II,lp-pool,,"[[""-inf"", -0.42], [0.8712224464724486, 0.9256588069534362]]",1,-1,0.4046944388,0.286996825,E,true,true,0.0,0.0,-0.009400919177690715,0.40469443882676015,0.28699682500680623,0.2907738838765647,2.6760149651749998e-11,6.806222252464522e-12
3,0.25,2.55,6.0,II,lp-pool,,"[[""-inf"", -0.65], [0.8712224464724486, 0.9647391234383583]]",1,-1,0.4071319678,0.2855818206,OH,true,true,0.0,0.0,-0.009778825992306795,0.4071319677583736,0.28558182057332576,0.29075775494335737,4.162636901838823e-11,2.667421838964401e-11
3,0.25,2.575,6.0,II,lp-pool,,"[[""-inf"", -0.4007749708495253], [0.8712224464724486, 0.94]]",1,-1,0.4015348027,0.2849665838,E,true,true,0.0,0.0,-0.009319417525976762,0.4015348027438784,0.2849665837605482,0.2937776631615693,4.387840091268913e-11,3.945183069120617e-11
3,0.25,2.575,6.0,II,lp-pool,,"[[""-inf"", -0.64], [0.8712224464724486, 0.9806452604763416]]",1,-1,0.4040301915,0.28348322,OH,true,true,0.0,0.0,-0.0097154775294876,0.40403019151668806,0.2834832200108321,0.2937613679371133,1.6688039838896884e-11,1.0832112984360265e-11
3,0.25,2.6,6.0,II,lp-pool,,"[[""-inf"", -0.39], [0.8712224464724486, 0.9564070041832036]]",1,-1,0.3983456141,0.2828005394,E,true,true,0.0,0.0,-0.009251060170949467,0.39834561411788805,0.282800539431677,0.2967788479853261,1.7888024395062985e-11,3.167699436090743e-11
3,0.25,2.6,6.0,II,lp-pool,,"[[""-inf"", -0.62], [0.8712224464724486, 0.9955575568011057]]",1,-1,0.4006912796,0.2813535847,OH,true,true,0.0,0.0,-0.009634627928905235,0.40069127955674655,0.28135358473050004,0.296763468812266,4.325345637212763e-11,3.05000469325023e-11
3,0.25,2.625,6.0,II,lp-pool,,"[[""-inf"", -0.38], [0.8712224464724486, 0.9731217521810948]]",1,-1,0.3951243342,0.2805913259,E,true,true,0.0,0.0,-0.009184420984696748,0.39512433419060805,0.2805913259418283,0.29978103634151615,9.391931676816512e-12,4.1828263075416316e-11
3,0.25,2.625,6.0,II,lp-pool,,"[[""-inf"", -0.61], [0.8712224464724486, 1.0], [8.0, 8.434415842310724]]",1,-1,0.3975187946,0.2791856149,OH,true,true,0.0,0.0,-0.009571709133536018,0.3975187946235089,0.2791856148615886,0.29976732605944606,2.350891703528646e-11,3.8411385183678703e-11
3,0.25,2.65,6.0,II,lp-pool,,"[[""-inf"", -0.37], [0.8712224464724486, 0.9899633041109791]]",1,-1,0.3918710675,0.2783483297,E,true,true,0.0,0.0,-0.009118344935411509,0.39187106754309203,0.2783483296613407,0.30278426196362895,4.309202994434713e-11,3.86592979850775e-11
3,0.25,2.65,6.0,II,lp-pool,,"[[""-inf"", -0.6], [0.8712224464724486, 1.0], [8.0, 9.265638112874473]]",1,-1,0.3942961553,0.2769795197,OH,true,true,0.0,0.0,-0.009508029289588047,0.3942961552684047,0.27697951965982903,0.3027696904882195,3.159528194629502e-11,4.0170977655407114e-11
3,0.25,2.675,6.0,II,lp-pool,,"[[""-inf"", -0.35], [0.8712224464724486, 1.0], [8.0, 8.161404148808051]]",1,-1,0.3885858079,0.2761949362,E,true,true,0.0,0.0,-0.009037016131300918,0.38858580788891217,0.2761949361751893,0.30578685511603954,1.108785285808267e-11,2.4810709042810686e-11
3,0.25,2.675,6.0,II,lp-pool,,"[[""-inf"", -0.58], [0.8712224464724486, 1.0], [8.0, 10.612372681351243]]",1,-1,0.3908173507,0.2747326272,OH,true,true,0.0,0.0,-0.009425419466115437,0.390817350699111,0.27473262722699493,0.30577275376734314,8.890110869685941e-13,2.6994906310306988e-11
3,0.25,2.7,6.0,II,lp-pool,,"[[""-inf"", -0.35], [0.8712224464724486, 1.0], [8.0, 9.023210272973374]]",1,-1,0.3852509786,0.2737569806,E,true,true,0.0,0.0,-0.008986577852851176,0.3852509785795559,0.27375698060031767,0.3087883594608147,2.0444090864657483e-11,3.1769031849648854e-13
3,0.25,2.7,6.0,II,lp-pool,,"[[""-inf"", -0.57], [0.8712224464724486, 1.0], [7.97, 7.976880606703334], [7.98, ""inf""]]",1,-1,0.3874857393,0.2724435061,OH,true,true,0.0,0.0,-0.009359975474608097,0.387485739288783,0.2724435060790711,0.3087750888956728,1.1217027306997807e-11,2.092892525951129e-11
3,0.25,2.725,6.0,II,lp-pool,,"[[""-inf"", -0.34], [0.8712224464724486, 1.0], [8.0, 10.352338322756188]]",1,-1,0.3818604356,0.2714000499,E,true,true,0.0,0.0,-0.00891953634011786,0.38186043563887884,0.27140004989041433,0.3117903757393016,3.8878844588197126e-11,9.585665594613602e-12
3,0.25,2.725,6.0,II,lp-pool,,"[[""-inf"", -0.56], [0.8712224464724486, 1.0], [7.47, 7.479896195443677], [7.48, ""inf""]]",1,-1,0.3840985017,0.270112606,OH,true,true,0.0,0.0,-0.009293652676089824,0.384098501726487,0.27011260598679904,0.31177735271460477,2.648703478769221e-11,1.320094034085173e-11
3,0.25,2.75,6.0,II,lp-pool,,"[[""-inf"", -0.33], [0.8712224464724486, 1.0], [8.0, 16.86640589781399]]",1,-1,0.3784133438,0.2690007424,E,true,true,0.0,0.0,-0.008851616469896125,0.3784133437929379,0.26900074237386734,0.3147923779231177,7.062128659640621e-12,2.613265159823186e-11
3,0.25,2.75,6.0,II,lp-pool,,"[[""-inf"", -0.54], [0.8712224464724486, 1.0], [7.08, 7.08446888512858], [7.09, ""inf""]]",1,-1,0.38045778,0.2677384387,OH,true,true,0.0,0.0,-0.009208294096761294,0.3804577800242191,0.267738438727884,0.3147803331938424,2.421907119298794e-11,2.7883972908426813e-11
3,0.25,2.775,6.0,II,lp-pool,,"[[""-inf"", -0.32], [0.8712224464724486, 1.0], [7.49, 7.499794141268287], [7.5, ""inf""]]",1,-1,0.3749084883,0.266558173,E,true,true,0.0,0.0,-0.008782800525707906,0.3749084883376742,0.26655817304882395,0.3177943690949209,3.76741970953276e-11,4.882394488703312e-11
3,0.25,2.775,6.0,II,lp-pool,,"[[""-inf"", -0.53], [0.8712224464724486, 1.0], [6.73, 6.733495596507079], [6.74, ""inf""]]",1,-1,0.3769547159,0.2653195454,OH,true,true,0.0,0.0,-0.009140110607846266,0.3769547158731981,0.26531954540257335,0.31778257354653044,2.6801894037475904e-11,2.573330437627419e-12
3,0.25,2.8,6.0,II,lp-pool,,"[[""-inf"", -0.31], [0.8712224464724486, 1.0], [7.06, 7.06784973554727], [7.07, ""inf""]]",1,-1,0.3713445971,0.2640714149,E,true,true,0.0,0.0,-0.008713069924457927,0.3713445971374176,0.2640714149017284,0.3207963699945988,3.7417569043185495e-11,1.7283952047364437e-12
3,0.25,2.8,6.0,II,lp-pool,,"[[""-inf"", -0.52], [0.8712224464724486, 1.0], [6.43, 6.435868209630787], [6.44, ""inf""]]",1,-1,0.3733923392,0.2628561926,OH,true,true,0.0,0.0,-0.00907099495797201,0.37339233920341175,0.2628561925537315,0.3207848028152041,3.4117708658243373e-12,4.626848904010217e-11
3,0.25,2.825,6.0,II,lp-pool,,"[[""-inf"", -0.3], [0.8712224464724486, 1.0], [6.7, 6.706392782223092], [6.71, ""inf""]]",1,-1,0.3677204227,0.2615395589,E,true,true,0.0,0.0,-0.008642406458389542,0.36772042274291195,0.2615395589404842,0.32379834897309717,4.291195176975293e-11,4.048417157065387e-11
3,0.25,2.825,6.0,II,lp-pool,,"[[""-inf"", -0.5], [0.8712224464724486, 1.0], [6.18, 6.1875585334552055], [6.19, ""inf""]]",1,-1,0.3695794882,0.2603473998,OH,true,true,0.0,0.0,-0.00898275237609397,0.36957948822084835,0.2603473997600918,0.3237876111363691,2.0848378579074733e-11,3.990818786547834e-11
3,0.25,2.85,6.0,II,lp-pool,,"[[""-inf"", -0.29], [0.8712224464724486, 1.0], [6.39, 6.3957050375717], [6.4, ""inf""]]",1,-1,0.3640346407,0.2589616398,E,true,true,0.0,0.0,-0.008570790756502843,0.3640346406684785,0.25896163982917514,0.32680030738003385,3.1521507626308676e-11,2.917516228606587e-11
3,0.25,2.85,6.0,II,lp-pool,,"[[""-inf"", -0.49], [0.8712224464724486, 1.0], [5.94, 5.949499299221265], [5.95, ""inf""]]",1,-1,0.3658938825,0.2577906845,OH,true,true,0.0,0.0,-0.008911671350536682,0.3658938824550924,0.2577906844635022,0.32678974466766275,4.490757765651665e-11,3.6497804778434784e-11
3,0.25,2.875,6.0,II,lp-pool,,"[[""-inf"", -0.28], [0.8712224464724486, 1.0], [6.12, 6.128323912353663], [6.13, ""inf""]]",1,-1,0.360285917,0.2563366853,E,true,true,0.0,0.0,-0.00849820330663843,0.36028591697283124,0.2563366852936741,0.329802222075383,2.7168767235963287e-11,6.325884260860448e-12
3,0.25,2.875,6.0,II,lp-pool,,"[[""-inf"", -0.48], [0.8712224464724486, 1.0], [5.72, 5.7292553710692395], [5.73, ""inf""]]",1,-1,0.3621449589,0.2551865955,OH,true,true,0.0,0.0,-0.008839600034728676,0.36214495894622767,0.25518659552120015,0.32979190617543086,4.622768834394719e-11,2.1200152744427214e-11
3,0.25,2.9,6.0,II,lp-pool,,"[[""-inf"", -0.27], [0.8712224464724486, 1.0], [5.87, 5.8725347530512115], [5.88, ""inf""]]",1,-1,0.3564727585,0.2536636066,E,true,true,0.0,0.0,-0.008424622189644494,0.35647275845263826,0.25366360660443377,0.33280416321222256,4.736172565245056e-11,4.433786671143025e-12
3,0.25,2.9,6.0,II,lp-pool,,"[[""-inf"", -0.47], [0.8712224464724486, 1.0], [5.51, 5.510889827774528], [5.52, ""inf""]]",1,-1,0.3583313685,0.25253415,OH,true,true,0.0,0.0,-0.008766518642337765,0.35833136854007797,0.2525341500373025,0.3327940489193292,4.0077940965943526e-11,3.73024944266831e-11
3,0.25,2.925,6.0,II,lp-pool,,"[[""-inf"", -0.26], [0.8712224464724486, 1.0], [5.65, 5.654112976727589], [5.66, ""inf""]]",1,-1,0.35259376,0.2509413794,E,true,true,0.0,0.0,-0.008350026821045966,0.3525937600343279,0.2509413794344608,0.33580609540210216,3.4327929387956146e-11,3.446082308400378e-11
3,0.25,2.925,6.0,II,lp-pool,,"[[""-inf"", -0.45], [0.8712224464724486, 1.0], [5.34, 5.346929305593295], [5.35, ""inf""]]",1,-1,0.3542681246,0.2498314754,OH,true,true,0.0,0.0,-0.00867416577987874,0.3542681245645088,0.24983147543727885,0.33579678166058635,3.5491221073158385e-11,3.727884667625858e-11
3,0.25,2.95,6.0,II,lp-pool,,"[[""-inf"", -0.25], [0.8712224464724486, 1.0], [5.45, 5.45724048437318], [5.46, ""inf""]]",1,-1,0.3486474726,0.2481689472,E,true,true,0.0,0.0,-0.008274395951184408,0.3486474725530567,0.24816894719806812,0.33880798495252473,4.694328259446934e-11,1.9318713295746193e-12
3,0.25,2.95,6.0,II,lp-pool,,"[[""-inf"", -0.44], [0.8712224464724486, 1.0], [5.16, 5.161675985121556], [5.17, ""inf""]]",1,-1,0.3503201545,0.247077567,OH,true,true,0.0,0.0,-0.008598959650354851,0.35032015450367154,0.24707756701849617,0.33879884887936584,3.671563053586624e-12,1.849617681237703e-11
3,0.25,2.975,6.0,II,lp-pool,,"[[""-inf"", -0.24], [0.8712224464724486, 1.0], [5.26, 5.26503666823065], [5.27, ""inf""]]",1,-1,0.3446322726,0.2453451259,E,true,true,0.0,0.0,-0.008197705697102884,0.3446322726305918,0.24534512592405494,0.3418098949060531,3.059180686548757e-11,2.4054952474372726e-11
3,0.25,2.975,6.0,II,lp-pool,,"[[""-inf"", -0.43], [0.8712224464724486, 1.0], [5.0, 5.005384803679587], [5.01, ""inf""]]",1,-1,0.3463029443,0.2442719721,OH,true,true,0.0,0.0,-0.008522676778651718,0.3463029442621599,0.24427197210999688,0.34180097741202403,3.784011992635783e-11,9.996864447359144e-12
3,0.25,3,6.0,II,lp-pool,,"[[""-inf"", -0.24], [0.8712224464724486, 1.0], [5.07, 5.077084896603972], [5.08, ""inf""]]",1,-1,0.3405466442,0.2423582922,E,true,true,0.0,0.0,-0.008135911810299885,0.34054664419156766,0.24235829220461164,0.34481135159686616,8.432365916632989e-12,4.611644399687975e-12
3,0.25,3,6.0,II,lp-pool,,"[[""-inf"", -0.42], [0.8712224464724486, 1.0], [4.85, 4.859563609517002], [4.86, ""inf""]]",1,-1,0.3422151912,0.2414137417,OH,true,true,0.0,0.0,-0.008445298095781867,0.3422151912345131,0.24141374171141877,0.34480294665445693,3.451311458846362e-11,1.1418782586147813e-11
3,0.25,3.025,6.0,II,lp-pool,,"[[""-inf"", -0.23], [0.8712224464724486, 1.0], [4.91, 4.919582222011732], [4.92, ""inf""]]",1,-1,0.3363881488,0.2394287063,E,true,true,0.0,0.0,-0.008057037822891917,0.33638814878954576,0.23942870632281066,0.3478131554710653,1.0454248577929093e-11,2.2810670019524082e-11
3,0.25,3.025,6.0,II,lp-pool,,"[[""-inf"", -0.4], [0.8712224464724486, 1.0], [4.71, 4.717545465132159], [4.72, ""inf""]]",1,-1,0.3378785017,0.2385004999,OH,true,true,0.0,0.0,-0.008348517585064576,0.33787850167903527,0.23850049989404196,0.34780557170855,2.096472995205545e-11,5.958039617226518e-12
3,0.25,3.05,6.0,II,lp-pool,,"[[""-inf"", -0.22], [0.8712224464724486, 1.0], [4.75, 4.752691401082822], [4.76, ""inf""]]",1,-1,0.3321556446,0.2364440112,E,true,true,0.0,0.0,-0.007977028715328337,0.33215564458793945,0.23644401121795275,0.35081508747354656,1.2060574761108e-11,1.795275039739863e-11
3,0.25,3.05,6.0,II,lp-pool,,"[[""-inf"", -0.39], [0.8712224464724486, 1.0], [4.57, 4.576629778849126], [4.58, ""inf""]]",1,-1,0.3336435747,0.2355315024,OH,true,true,0.0,0.0,-0.008268830141830209,0.33364357467953576,0.23553150237491316,0.350807616568258,2.046424141255443e-11,2.5086849264610578e-11
3,0.25,3.25,6.0,II,lp-pool,,"[[""-inf"", 0.7886311989922385]]",1,-0.6015010452,0.09995830615,0.06876821557,E,true,true,0.0,5.204170427930421e-18,-0.0036685193370990833,0.09995830614927619,0.06876821557255737,0.3747743909328798,7.238099009043708e-13,2.5573709816484325e-12
3,0.25,3.25,6.0,II,lp-pool,,"[[""-inf"", 0.7886311989922385]]",1,-0.6015010452,0.09995830615,0.06876821557,OH,true,true,0.0,5.204170427930421e-18,-0.0036685193370990833,0.09995830614927619,0.06876821557255737,0.3747743909328798,7.238099009043708e-13,2.5573709816484325e-12
3,0.25,3.425,6.0,II,lp-pool,,"[[""-inf"", 1.0], [8.0, 8.088144477517016]]",1,-0.5012522507,0.09188464372,0.06241862717,E,true,true,0.0,5.204170427930421e-18,-0.00353981830051797,0.0918846437147374,0.06241862716902949,0.3957956665389591,5.262609792389128e-12,9.705083958699845e-13
3,0.25,3.425,6.0,II,lp-pool,,"[[""-inf"", 1.0], [8.0, 8.088144477517016]]",1,-0.5012522507,0.09188464372,0.06241862717,OH,true,true,0.0,5.204170427930421e-18,-0.00353981830051797,0.0918846437147374,0.06241862716902949,0.3957956665389591,5.262609792389128e-12,9.705083958699845e-13
3,0.25,3.5,6.0,II,lp-pool,,"[[""-inf"", 1.0], [7.14, 7.142802920384056], [7.15, ""inf""]]",1,-0.4549895859,0.08840729412,0.05960908499,E,true,true,0.0,0.0,-0.00349371110503022,0.08840729411483045,0.0596090849865068,0.4046650166249525,5.169545347349924e-12,3.4931987857866886e-12
3,0.25,3.5,6.0,II,lp-pool,,"[[""-inf"", 1.0], [7.14, 7.142802920384056], [7.15, ""inf""]]",1,-0.4549895859,0.08840729412,0.05960908499,OH,true,true,0.0,0.0,-0.00349371110503022,0.08840729411483045,0.0596090849865068,0.4046650166249525,5.169545347349924e-12,3.4931987857866886e-12
3,0.25,3.575,6.0,II,lp-pool,,"[[""-inf"", 1.0], [5.71, 5.7152731301228075], [5.72, ""inf""]]",1,-0.4013872147,0.08466198276,0.05658311959,E,true,true,0.0,0.0,-0.0034436261637110603,0.08466198275892275,0.05658311958969198,0.41380005368366213,1.0772494007937894e-12,3.080244392883458e-13
3,0.25,3.575,6.0,II,lp-pool,,"[[""-inf"", 1.0], [5.71, 5.7152731301228075], [5.72, ""inf""]]",1,-0.4013872147,0.08466198276,0.05658311959,OH,true,true,0.0,0.0,-0.0034436261637110603,0.08466198275892275,0.05658311958969198,0.41380005368366213,1.0772494007937894e-12,3.080244392883458e-13
3,0.25,3.75,6.0,II,lp-pool,,"[[""-inf"", 1.0], [4.06, 4.065442610646935], [4.07, ""inf""]]",1,-0.2460749054,0.07527509461,0.04899724064,E,true,true,0.0,1.734723475976807e-18,-0.003315791205024624,0.07527509461492377,0.04899724063856259,0.43498526551744254,4.92376972527353e-12,1.437412688876094e-12
3,0.25,3.75,6.0,II,lp-pool,,"[[""-inf"", 1.0], [4.06, 4.065442610646935], [4.07, ""inf""]]",1,-0.2460749054,0.07527509461,0.04899724064,OH,true,true,0.0,1.734723475976807e-18,-0.003315791205024624,0.07527509461492377,0.04899724063856259,0.43498526551744254,4.92376972527353e-12,1.437412688876094e-12
3,0.25,3.875,6.0,II,lp-pool,,"[[""-inf"", 1.0], [3.34, 3.3466747365138727], [3.35, ""inf""]]",1,-0.09938316345,0.06802811925,0.04313418363,E,true,true,0.0,0.0,-0.003214236971286013,0.06802811925418072,0.04313418362816612,0.44988168521588856,4.180711332679721e-12,1.8338802698636414e-12
3,0.25,3.875,6.0,II,lp-pool,,"[[""-inf"", 1.0], [3.34, 3.3466747365138727], [3.35, ""inf""]]",1,-0.09938316345,0.06802811925,0.04313418363,OH,true,true,0.0,0.0,-0.003214236971286013,0.06802811925418072,0.04313418362816612,0.44988168521588856,4.180711332679721e-12,1.8338802698636414e-12
3,0.25,4.2917,6.0,III,lp-pool,,"[[""-inf"", 0.5000159999999998], [1.95, 1.9523335094224512], [1.96, ""inf""]]",0,0,0,0,E,true,true,0.0,0.0,-0.002,0.0,0.0,0.5,0.0,0.0
3,0.25,4.2917,6.0,III,lp-pool,,"[[""-inf"", 0.5000159999999998], [1.95, 1.9523335094224512], [1.96, ""inf""]]",0,0,0,0,OH,true,true,0.0,0.0,-0.002,0.0,0.0,0.5,0.0,0.0
3,0.25,4.3,6.0,III,lp-pool,,"[[""-inf"", 0.5040000053333457], [1.96, 1.9656878943765594], [1.97, ""inf""]]",0,0,0,0,E,true,true,0.0,0.0,-0.002,0.0,0.0,0.5,0.0,0.0
3,0.25,4.3,6.0,III,lp-pool,,"[[""-inf"", 0.5040000053333457], [1.96, 1.9656878943765594], [1.97, ""inf""]]",0,0,0,0,OH,true,true,0.0,0.0,-0.002,0.0,0.0,0.5,0.0,0.0
3,0.25,4.325,6.0,III,lp-pool,,"[[""-inf"", 0.5160003413464411], [1.98, 1.9855412424658387], [1.99, ""inf""]]",0,0,0,0,E,true,true,0.0,0.0,-0.002,0.0,0.0,0.5,0.0,0.0
3,0.25,4.325,6.0,III,lp-pool,,"[[""-inf"", 0.5160003413464411], [1.98, 1.9855412424658387], [1.99, ""inf""]]",0,0,0,0,OH,true,true,0.0,0.0,-0.002,0.0,0.0,0.5,0.0,0.0
3,0.25,4.35,6.0,III,lp-pool,,"[[""-inf"", 0.5280018295484927], [2.0, 2.0051885791167496], [2.01, ""inf""]]",0,0,0,0,E,true,true,0.0,0.0,-0.002,0.0,0.0,0.5,0.0,0.0
3,0.25,4.35,6.0,III,lp-pool,,"[[""-inf"", 0.5280018295484927], [2.0, 2.0051885791167496], [2.01, ""inf""]]",0,0,0,0,OH,true,true,0.0,0.0,-0.002,0.0,0.0,0.5,0.0,0.0
