rho,cL,regime,n_eq,E_min,E_max,OH_min,OH_max,E_gt_rho_all,E_gt_rho_any,OH_gt_all,reversal_all,reversal_any,unresolved
0.45,2.366278511,II,1,0.4961308848,0.4961308848,0.3296867454,0.3296867454,true,true,true,true,true,0
0.45,2.416178511,II,9,0.4680545436,0.4938118446,0.3210440541,0.3290561124,true,true,true,true,true,0
0.45,2.666178511,II,19,0.4231226382,0.4828424615,0.3018834479,0.3258781555,false,true,true,false,true,0
0.5,2.366278511,II,1,0.5108480502,0.5108480502,0.336808617,0.336808617,true,true,true,true,true,0
0.5,2.416178511,II,9,0.4796521155,0.5082713388,0.3272056266,0.3361079136,false,true,true,false,true,0
0.5,2.666178511,II,19,0.4297277761,0.4960831354,0.3059160642,0.3325768504,false,false,true,false,false,0
0.51,2.366278511,II,1,0.5137914833,0.5137914833,0.3382329914,0.3382329914,true,true,true,true,true,0
0.51,2.416178511,II,9,0.4819716299,0.5111632376,0.3284379411,0.3375182739,false,true,true,false,true,0
0.51,2.666178511,II,19,0.4310488037,0.4987312701,0.3067225874,0.3339165894,false,false,true,false,false,0
0.5154,2.366278511,II,1,0.5153809371,0.5153809371,0.3390021535,0.3390021535,false,false,true,false,false,0
0.5154,2.416178511,II,9,0.4832241677,0.512724863,0.329103391,0.3382798684,false,false,true,false,false,0
0.5154,2.666178511,II,19,0.4317621586,0.5001612629,0.30715811,0.3346400484,false,false,true,false,false,0
0.52,2.366278511,II,1,0.5167349163,0.5167349163,0.3396573657,0.3396573657,false,false,true,false,false,0
0.52,2.416178511,II,9,0.4842911443,0.5140551365,0.3296702556,0.3389286341,false,false,true,false,false,0
0.52,2.666178511,II,19,0.4323698313,0.5013794049,0.3075291107,0.3352563284,false,false,true,false,false,0
0.55,2.366278511,II,1,0.5255652156,0.5255652156,0.3439304886,0.3439304886,false,false,true,false,false,0
0.55,2.416178511,II,9,0.4912496874,0.522730833,0.3333671992,0.3431597149,false,false,true,false,false,0
0.55,2.666178511,II,19,0.4363329141,0.5093238093,0.3099486805,0.3392755453,false,false,true,false,false,0
0.6,2.366278511,II,1,0.540282381,0.540282381,0.3510523603,0.3510523603,false,false,true,false,false,0
0.6,2.416178511,II,9,0.5028472593,0.5371903273,0.3395287717,0.3502115162,false,false,true,false,false,0
0.6,2.666178511,II,19,0.4429380521,0.5225644832,0.3139812968,0.3459742403,false,false,true,false,false,0
0.75,2.366278511,II,1,0.5844338771,0.5844338771,0.3724179751,0.3724179751,false,false,false,false,false,0
0.75,2.416178511,II,9,0.5376399751,0.58056881,0.3580134894,0.3713669199,false,false,false,false,false,0
0.75,2.666178511,II,19,0.462753466,0.5622865049,0.3260791458,0.3660703251,false,false,false,false,false,0
