r,rho,cL,tauL,regime,no_trade_r1,n_eq,n_profiles,unique_full,n_unresolved,E_min,E_max,OH_min,OH_max,fam_at_Emin,q_at_Emin,cutoff_at_Emin,reversal_all,reversal_any,E_weak,OH_weak,weak_notrade_unique,all_informative,status
3,0.1,2.366178511,0.2689414214,I,false,1,1,true,0,0.4273087567,0.4273087567,0.2890309109,0.2890309109,full-minimal,(1.0000;-1.0000),-inf,true,true,0.1,0.05,true,true,numerical diagnostic
3,0.1,4.291666667,0.5,II,false,67,15,false,256,0.1147052076,0.3773087567,0.08086717256,0.2738676444,partial-pool,(1.0000;-0.7424),3.257305908,true,true,0.1,0.05,true,true,numerical diagnostic
3,0.1,2.3,0.261,I,false,1,1,true,0,0.4273087567,0.4273087567,0.2890309109,0.2890309109,full-minimal,(1.0000;-1.0000),-inf,true,true,0.1,0.05,true,true,numerical diagnostic
3,0.1,2.325,0.264,I,false,1,1,true,0,0.4273087567,0.4273087567,0.2890309109,0.2890309109,full-minimal,(1.0000;-1.0000),-inf,true,true,0.1,0.05,true,true,numerical diagnostic
3,0.1,2.35,0.267,I,false,1,1,true,0,0.4273087567,0.4273087567,0.2890309109,0.2890309109,full-minimal,(1.0000;-1.0000),-inf,true,true,0.1,0.05,true,true,numerical diagnostic
3,0.1,2.36,0.2682,I,false,1,1,true,0,0.4273087567,0.4273087567,0.2890309109,0.2890309109,full-minimal,(1.0000;-1.0000),-inf,true,true,0.1,0.05,true,true,numerical diagnostic
3,0.1,2.37,0.2694,II,false,3,1,true,0,0.3914391389,0.3930719223,0.279367636,0.2798231989,full-pool,(1.0000;-1.0000),-0.9010864258,true,true,0.1,0.05,true,true,numerical diagnostic
3,0.1,2.375,0.27,II,false,5,1,true,0,0.3905542595,0.3930198818,0.2791071978,0.2798091636,full-pool,(1.0000;-1.0000),-0.8478973389,true,true,0.1,0.05,true,true,numerical diagnostic
3,0.1,2.4,0.273,II,false,8,1,true,0,0.3880170404,0.3927613044,0.2783042728,0.2797389605,full-pool,(1.0000;-1.0000),-0.6922912598,true,true,0.1,0.05,true,true,numerical diagnostic
3,0.1,2.425,0.276,II,false,10,1,true,0,0.3863199199,0.3925053751,0.2777179933,0.2796687085,full-pool,(1.0000;-1.0000),-0.5858612061,true,true,0.1,0.05,true,true,numerical diagnostic
3,0.1,2.45,0.279,II,false,11,1,true,0,0.3849346324,0.392252015,0.2772085315,0.2795984017,full-pool,(1.0000;-1.0000),-0.4977630615,true,true,0.1,0.05,true,true,numerical diagnostic
3,0.1,2.475,0.282,II,false,12,1,true,0,0.3837266248,0.3920011478,0.2767407512,0.2795280341,full-pool,(1.0000;-1.0000),-0.4201538086,true,true,0.1,0.05,true,true,numerical diagnostic
3,0.1,2.5,0.285,II,false,14,1,true,0,0.3826366402,0.3917526999,0.2762993586,0.2794575997,full-pool,(1.0000;-1.0000),-0.3495849609,true,true,0.1,0.05,true,true,numerical diagnostic
3,0.1,2.525,0.288,II,false,15,1,true,0,0.3816323167,0.3915066002,0.2758761005,0.2793870927,full-pool,(1.0000;-1.0000),-0.2841766357,true,true,0.1,0.05,true,true,numerical diagnostic
3,0.1,2.55,0.291,II,false,15,1,true,9,0.3806935608,0.3912627798,0.2754658926,0.2793165073,full-pool,(1.0000;-1.0000),-0.2227630615,true,true,0.1,0.05,true,true,numerical diagnostic
3,0.1,2.575,0.294,II,false,16,1,true,18,0.3798069786,0.3910211723,0.2750653931,0.2792458377,full-pool,(1.0000;-1.0000),-0.1645690918,true,true,0.1,0.05,true,true,numerical diagnostic
3,0.1,2.6,0.297,II,false,17,1,true,27,0.3789630143,0.3907817134,0.2746722308,0.2791750781,full-pool,(1.0000;-1.0000),-0.1090423584,true,true,0.1,0.05,true,true,numerical diagnostic
3,0.1,2.625,0.3,II,false,17,1,true,36,0.3781545812,0.3905443408,0.2742846602,0.2791042229,full-pool,(1.0000;-1.0000),-0.05577392578,true,true,0.1,0.05,true,true,numerical diagnostic
3,0.1,2.65,0.303,II,false,18,1,true,45,0.3773763177,0.3903089942,0.2739013873,0.2790332664,full-pool,(1.0000;-1.0000),-0.004455566406,true,true,0.1,0.05,true,true,numerical diagnostic
3,0.1,2.675,0.306,II,false,19,1,true,54,0.3766238805,0.3900756152,0.2735213401,0.2789622029,full-pool,(1.0000;-1.0000),0.04516296387,true,true,0.1,0.05,true,true,numerical diagnostic
3,0.1,2.7,0.309,II,false,20,1,true,63,0.3758939066,0.3898441472,0.2731437263,0.278891027,full-pool,(1.0000;-1.0000),0.09327392578,true,true,0.1,0.05,true,true,numerical diagnostic
3,0.1,2.725,0.312,II,false,20,1,true,72,0.3751835252,0.3896145353,0.2727678411,0.278819733,full-pool,(1.0000;-1.0000),0.1400421143,true,true,0.1,0.05,true,true,numerical diagnostic
3,0.1,2.75,0.315,II,false,21,1,true,81,0.3744904323,0.3893867262,0.2723931444,0.2787483153,full-pool,(1.0000;-1.0000),0.1855987549,true,true,0.1,0.05,true,true,numerical diagnostic
3,0.1,2.775,0.318,II,false,22,1,true,90,0.3738126002,0.3891606683,0.2720191363,0.2786767684,full-pool,(1.0000;-1.0000),0.2300598145,true,true,0.1,0.05,true,true,numerical diagnostic
3,0.1,2.8,0.321,II,false,22,1,true,99,0.373148361,0.3889363114,0.271645424,0.2786050868,full-pool,(1.0000;-1.0000),0.2735198975,true,true,0.1,0.05,true,true,numerical diagnostic
3,0.1,2.825,0.324,II,false,23,1,true,108,0.3724963075,0.3887136067,0.2712716877,0.2785332649,full-pool,(1.0000;-1.0000),0.3160583496,true,true,0.1,0.05,true,true,numerical diagnostic
3,0.1,2.85,0.327,II,false,24,1,true,117,0.3718550541,0.3884925069,0.2708975555,0.2784612973,full-pool,(1.0000;-1.0000),0.3577545166,true,true,0.1,0.05,true,true,numerical diagnostic
3,0.1,2.875,0.33,II,false,24,1,true,117,0.3712235602,0.3882729659,0.2705228009,0.2783891785,full-pool,(1.0000;-1.0000),0.3986663818,true,true,0.1,0.05,true,true,numerical diagnostic
3,0.1,2.9,0.333,II,false,24,1,true,126,0.3706008474,0.3880549389,0.2701471893,0.2783169029,full-pool,(1.0000;-1.0000),0.438848877,true,true,0.1,0.05,true,true,numerical diagnostic
3,0.1,2.925,0.336,II,false,25,1,true,135,0.3699859477,0.3878383824,0.2697704509,0.2782444651,full-pool,(1.0000;-1.0000),0.4783569336,true,true,0.1,0.05,true,true,numerical diagnostic
3,0.1,2.95,0.339,II,false,26,1,true,135,0.3693781875,0.3876232539,0.2693924603,0.2781718596,full-pool,(1.0000;-1.0000),0.5172271729,true,true,0.1,0.05,true,true,numerical diagnostic
3,0.1,2.975,0.342,II,false,27,1,true,144,0.3687767577,0.387409512,0.2690129782,0.2780990808,full-pool,(1.0000;-1.0000),0.5555053711,true,true,0.1,0.05,true,true,numerical diagnostic
3,0.1,3,0.345,II,false,26,1,true,153,0.3681810465,0.3871971166,0.2686318601,0.2780261233,full-pool,(1.0000;-1.0000),0.5932250977,true,true,0.1,0.05,true,true,numerical diagnostic
3,0.1,3.025,0.348,II,false,27,1,true,171,0.3675904467,0.3869860283,0.2682489409,0.2779529816,full-pool,(1.0000;-1.0000),0.6304199219,true,true,0.1,0.05,true,true,numerical diagnostic
3,0.1,3.05,0.351,II,false,28,1,true,180,0.367004501,0.386776209,0.2678641313,0.27787965,full-pool,(1.0000;-1.0000),0.6671142578,true,true,0.1,0.05,true,true,numerical diagnostic
3,0.1,3.075,0.354,II,false,29,1,true,198,0.3664226094,0.3865676212,0.2674772289,0.2778061231,full-pool,(1.0000;-1.0000),0.7033416748,true,true,0.1,0.05,true,true,numerical diagnostic
3,0.1,3.1,0.357,II,false,28,1,true,207,0.3658443193,0.3863602286,0.2670881098,0.2777323953,full-pool,(1.0000;-1.0000),0.7391265869,true,true,0.1,0.05,true,true,numerical diagnostic
3,0.1,3.125,0.36,II,false,29,1,true,216,0.3652692797,0.3861539955,0.2666967033,0.2776584611,full-pool,(1.0000;-1.0000),0.7744873047,true,true,0.1,0.05,true,true,numerical diagnostic
3,0.1,3.15,0.363,II,false,30,1,true,234,0.364697042,0.3859488872,0.2663028586,0.2775843147,full-pool,(1.0000;-1.0000),0.8094482422,true,true,0.1,0.05,true,true,numerical diagnostic
3,0.1,3.175,0.366,II,false,29,1,true,243,0.3641273083,0.3857448697,0.2659065152,0.2775099506,full-pool,(1.0000;-1.0000),0.8440246582,true,true,0.1,0.05,true,true,numerical diagnostic
3,0.1,3.2,0.369,II,false,30,1,true,261,0.3625087375,0.3855419099,0.26476585,0.2774353631,full-pool,(1.0000;-1.0000),0.8782409668,true,true,0.1,0.05,true,true,numerical diagnostic
3,0.1,3.225,0.372,II,false,31,1,true,270,0.3568495407,0.3853399752,0.2607480618,0.2773605466,full-pool,(1.0000;-1.0000),0.9121124268,true,true,0.1,0.05,true,true,numerical diagnostic
3,0.1,3.25,0.375,II,false,31,1,true,279,0.3512054701,0.3851390339,0.256702119,0.2772854952,full-pool,(1.0000;-1.0000),0.9456512451,true,true,0.1,0.05,true,true,numerical diagnostic
3,0.1,3.275,0.378,II,false,31,1,true,288,0.345573044,0.3849390548,0.2526266376,0.2772102033,full-pool,(1.0000;-1.0000),0.9788757324,true,true,0.1,0.05,true,true,numerical diagnostic
3,0.1,3.3,0.381,II,false,32,1,true,288,0.3399434591,0.3847400074,0.248518582,0.2771346651,full-pool,(1.0000;-1.0000),1.011886597,true,true,0.1,0.05,true,true,numerical diagnostic
3,0.1,3.325,0.384,II,false,32,1,true,288,0.3342378056,0.384541862,0.2443474151,0.2770588747,full-pool,(1.0000;-1.0000),1.045739746,true,true,0.1,0.05,true,true,numerical diagnostic
3,0.1,3.35,0.387,II,false,33,1,true,288,0.3284329116,0.3843445891,0.2401036976,0.2769828262,full-pool,(1.0000;-1.0000),1.080780029,true,true,0.1,0.05,true,true,numerical diagnostic
3,0.1,3.375,0.39,II,false,33,1,true,288,0.3225255188,0.3841481602,0.2357850473,0.2769065138,full-pool,(1.0000;-1.0000),1.117080688,true,true,0.1,0.05,true,true,numerical diagnostic
3,0.1,3.4,0.393,II,false,34,1,true,288,0.3165132556,0.3839525471,0.2313897307,0.2768299314,full-pool,(1.0000;-1.0000),1.154714966,true,true,0.1,0.05,true,true,numerical diagnostic
3,0.1,3.425,0.396,II,false,34,1,true,288,0.3103937032,0.383757722,0.2269159794,0.2767530731,full-pool,(1.0000;-1.0000),1.193762207,true,true,0.1,0.05,true,true,numerical diagnostic
3,0.1,3.45,0.399,II,false,35,1,true,288,0.3041635721,0.3835636579,0.2223613887,0.2766759328,full-pool,(1.0000;-1.0000),1.234313965,true,true,0.1,0.05,true,true,numerical diagnostic
3,0.1,3.475,0.402,II,false,35,1,true,288,0.2978193611,0.383370328,0.2177233988,0.2765985044,full-pool,(1.0000;-1.0000),1.276470947,true,true,0.1,0.05,true,true,numerical diagnostic
3,0.1,3.5,0.405,II,false,36,1,true,288,0.2913588515,0.3831777062,0.2130003879,0.2765207817,full-pool,(1.0000;-1.0000),1.320333862,true,true,0.1,0.05,true,true,numerical diagnostic
3,0.1,3.525,0.408,II,false,37,1,true,288,0.2847780814,0.3829857667,0.2081894594,0.2764427584,full-pool,(1.0000;-1.0000),1.36602478,true,true,0.1,0.05,true,true,numerical diagnostic
3,0.1,3.55,0.411,II,false,38,1,true,288,0.2780742582,0.382794484,0.2032885719,0.2763644283,full-pool,(1.0000;-1.0000),1.413668823,true,true,0.1,0.05,true,true,numerical diagnostic
3,0.1,3.575,0.414,II,false,38,1,true,288,0.2712433443,0.3826038332,0.1982947738,0.276285785,full-pool,(1.0000;-1.0000),1.463412476,true,true,0.1,0.05,true,true,numerical diagnostic
3,0.1,3.6,0.417,II,false,39,1,true,288,0.2642820534,0.3824137897,0.1932056623,0.2762068221,full-pool,(1.0000;-1.0000),1.515411377,true,true,0.1,0.05,true,true,numerical diagnostic
3,0.1,3.625,0.42,II,false,40,1,true,288,0.2571864584,0.3822243292,0.1880183667,0.276127533,full-pool,(1.0000;-1.0000),1.569842529,true,true,0.1,0.05,true,true,numerical diagnostic
3,0.1,3.65,0.423,II,false,41,1,true,288,0.2499527707,0.382035428,0.1827301173,0.2760479113,full-pool,(1.0000;-1.0000),1.626901245,true,true,0.1,0.05,true,true,numerical diagnostic
3,0.1,3.675,0.426,II,false,41,1,true,288,0.2425765799,0.3818470623,0.1773376897,0.2759679502,full-pool,(1.0000;-1.0000),1.686810303,true,true,0.1,0.05,true,true,numerical diagnostic
3,0.1,3.7,0.429,II,false,42,1,true,288,0.2350540961,0.381659209,0.1718383134,0.275887643,full-pool,(1.0000;-1.0000),1.749813843,true,true,0.1,0.05,true,true,numerical diagnostic
3,0.1,3.725,0.432,II,false,44,1,true,288,0.2273804864,0.3814718451,0.1662284552,0.275806983,full-pool,(1.0000;-1.0000),1.816195679,true,true,0.1,0.05,true,true,numerical diagnostic
3,0.1,3.75,0.435,II,false,45,1,true,288,0.2195513199,0.381284948,0.1605048758,0.2757259632,full-pool,(1.0000;-1.0000),1.886273193,true,true,0.1,0.05,true,true,numerical diagnostic
3,0.1,3.775,0.438,II,false,46,1,true,288,0.2115619434,0.3810984952,0.1546641737,0.2756445767,full-pool,(1.0000;-1.0000),1.960409546,true,true,0.1,0.05,true,true,numerical diagnostic
3,0.1,3.8,0.441,II,false,47,1,true,288,0.2034074666,0.3809124646,0.1487027734,0.2755628163,full-pool,(1.0000;-1.0000),2.039022827,true,true,0.1,0.05,true,true,numerical diagnostic
3,0.1,3.825,0.444,II,false,49,1,true,288,0.195082383,0.3807268342,0.1426166496,0.275480675,full-pool,(1.0000;-1.0000),2.122601318,true,true,0.1,0.05,true,true,numerical diagnostic
3,0.1,3.85,0.447,II,false,51,1,true,288,0.1865814379,0.3805415825,0.1364019608,0.2753981455,full-pool,(1.0000;-1.0000),2.211709595,true,true,0.1,0.05,true,true,numerical diagnostic
3,0.1,3.875,0.45,II,false,53,1,true,288,0.1778990288,0.380356688,0.1300546112,0.2753152203,full-pool,(1.0000;-1.0000),2.307012939,true,true,0.1,0.05,true,true,numerical diagnostic
3,0.1,3.9,0.453,II,false,54,1,true,288,0.1690292415,0.3801721293,0.123570277,0.2752318922,full-pool,(1.0000;-1.0000),2.409301758,true,true,0.1,0.05,true,true,numerical diagnostic
3,0.1,3.925,0.456,II,false,56,1,true,288,0.1599660424,0.3799878854,0.1169445476,0.2751481534,full-pool,(1.0000;-1.0000),2.519522095,true,true,0.1,0.05,true,true,numerical diagnostic
3,0.1,3.95,0.459,II,false,58,2,false,288,0.1511298976,0.3798039354,0.1103686731,0.2750639963,partial-pool,(1.0000;-0.9922),2.635269165,true,true,0.1,0.05,true,true,numerical diagnostic
3,0.1,3.975,0.462,II,false,60,4,false,288,0.1438262216,0.3796202585,0.1044477739,0.2749794132,partial-pool,(1.0000;-0.9509),2.745547485,true,true,0.1,0.05,true,true,numerical diagnostic
3,0.1,4,0.465,II,false,62,7,false,288,0.1363878913,0.3794368342,0.09842039888,0.2748943961,partial-pool,(1.0000;-0.9050),2.864425659,true,true,0.1,0.05,true,true,numerical diagnostic
3,0.1,4.025,0.468,II,false,64,9,false,288,0.1288107711,0.379253642,0.0922834809,0.274808937,partial-pool,(1.0000;-0.8536),2.993191528,true,true,0.1,0.05,true,true,numerical diagnostic
3,0.1,4.05,0.471,II,false,67,12,false,288,0.1210902307,0.3790706616,0.08603354558,0.2747230278,partial-pool,(1.0000;-0.7955),3.133447266,true,true,0.1,0.05,true,true,numerical diagnostic
3,0.1,4.075,0.474,II,false,70,15,false,288,0.1147052076,0.3788878728,0.08086717256,0.2746366601,partial-pool,(1.0000;-0.7424),3.257305908,true,true,0.1,0.05,true,true,numerical diagnostic
3,0.1,4.1,0.477,II,false,69,15,false,288,0.1147052076,0.3787052555,0.08086717256,0.2745498256,partial-pool,(1.0000;-0.7424),3.257305908,true,true,0.1,0.05,true,true,numerical diagnostic
3,0.1,4.125,0.48,II,false,69,15,false,288,0.1147052076,0.3785227896,0.08086717256,0.2744625157,partial-pool,(1.0000;-0.7424),3.257305908,true,true,0.1,0.05,true,true,numerical diagnostic
3,0.1,4.15,0.483,II,false,69,15,false,288,0.1147052076,0.3783404553,0.08086717256,0.2743747218,partial-pool,(1.0000;-0.7424),3.257305908,true,true,0.1,0.05,true,true,numerical diagnostic
3,0.1,4.175,0.486,II,false,69,15,false,288,0.1147052076,0.3781582327,0.08086717256,0.2742864349,partial-pool,(1.0000;-0.7424),3.257305908,true,true,0.1,0.05,true,true,numerical diagnostic
3,0.1,4.2,0.489,II,false,68,15,false,288,0.1147052076,0.377976102,0.08086717256,0.2741976462,partial-pool,(1.0000;-0.7424),3.257305908,true,true,0.1,0.05,true,true,numerical diagnostic
3,0.1,4.225,0.492,II,false,68,15,false,288,0.1147052076,0.3777940434,0.08086717256,0.2741083465,partial-pool,(1.0000;-0.7424),3.257305908,true,true,0.1,0.05,true,true,numerical diagnostic
3,0.1,4.25,0.495,II,false,68,15,false,288,0.1147052076,0.3776120372,0.08086717256,0.2740185265,partial-pool,(1.0000;-0.7424),3.257305908,true,true,0.1,0.05,true,true,numerical diagnostic
3,0.1,4.275,0.498,II,false,68,15,false,288,0.1147052076,0.3774300638,0.08086717256,0.2739281767,partial-pool,(1.0000;-0.7424),3.257305908,true,true,0.1,0.05,true,true,numerical diagnostic
3,0.1,4.28,0.4986,II,false,68,15,false,288,0.1147052076,0.3773936713,0.08086717256,0.2739100423,partial-pool,(1.0000;-0.7424),3.257305908,true,true,0.1,0.05,true,true,numerical diagnostic
3,0.1,4.29,0.4998,II,false,68,15,false,288,0.1147052076,0.3773208873,0.08086717256,0.2738737085,partial-pool,(1.0000;-0.7424),3.257305908,true,true,0.1,0.05,true,true,numerical diagnostic
3,0.1,4.2917,0.500004,III,true,68,16,false,0,0,0.3773085141,0,0.2738675231,notrade,(0.0000;0.0000),-inf,false,true,0.1,0.05,true,false,numerical diagnostic
3,0.1,4.3,0.501,III,true,68,16,false,0,0,0.3772481035,0,0.2738372875,notrade,(0.0000;0.0000),-inf,false,true,0.1,0.05,true,false,numerical diagnostic
3,0.1,4.325,0.504,III,true,68,16,false,0,0,0.3770661367,0,0.2737458492,notrade,(0.0000;0.0000),-inf,false,true,0.1,0.05,true,false,numerical diagnostic
3,0.1,4.35,0.507,III,true,68,16,false,0,0,0.3768841436,0,0.2736538517,notrade,(0.0000;0.0000),-inf,false,true,0.1,0.05,true,false,numerical diagnostic
