r,mesh,start_id,start_description,v_init,domain,budget,iterations,stop_reason,final_gap,final_v_residual,support_solve,support_solve_residual,support_rounds,pruned_points,support,support_payoffs,gap_to_best_tested,best_tested_q,v,simplex_residual,min_weight,residual_monotone,outcome,witness,low_support_payoff,low_gap_to_best_tested,validation
1.51,0.025,S1_uniform_v0.5,uniform weights on the mesh; v = 0.5,0.5,"H mixes over the correctly signed mesh {0, m, ..., 1} at spacing 0.025; L plays a pure order -v with v in [0, 1] (OA.60 restriction, residual monotonicity checked)",120,34,stalled,0.009307519992628048,5.820766091346741e-11,pruned_to_pure,5.820766091346741e-11,2,0.025:w=1.941e-01:gap=2.308e-04;0.05:w=1.432e-01:gap=4.618e-04;0.075:w=1.055e-01:gap=6.928e-04;0.1:w=7.776e-02:gap=9.240e-04;0.125:w=5.726e-02:gap=1.155e-03;0.15:w=4.215e-02:gap=1.387e-03;0.175:w=3.101e-02:gap=1.618e-03;0.2:w=2.281e-02:gap=1.850e-03;0.225:w=1.677e-02:gap=2.082e-03;0.25:w=1.232e-02:gap=2.313e-03;0.275:w=9.047e-03:gap=2.545e-03;0.3:w=6.641e-03:gap=2.777e-03;0.325:w=4.873e-03:gap=3.009e-03;0.35:w=3.574e-03:gap=3.242e-03;0.375:w=2.621e-03:gap=3.474e-03;0.4:w=1.920e-03:gap=3.706e-03;0.425:w=1.407e-03:gap=3.939e-03;0.45:w=1.030e-03:gap=4.171e-03;0.475:w=7.540e-04:gap=4.404e-03;0.5:w=5.517e-04:gap=4.637e-03;0.525:w=4.035e-04:gap=4.870e-03;0.55:w=2.950e-04:gap=5.103e-03;0.575:w=2.156e-04:gap=5.336e-03;0.6:w=1.575e-04:gap=5.569e-03;0.625:w=1.150e-04:gap=5.802e-03;0.65:w=8.398e-05:gap=6.035e-03;0.675:w=6.129e-05:gap=6.268e-03;0.7:w=4.471e-05:gap=6.502e-03;0.725:w=3.261e-05:gap=6.735e-03;0.75:w=2.378e-05:gap=6.969e-03;0.775:w=1.733e-05:gap=7.202e-03;0.8:w=1.263e-05:gap=7.436e-03;0.825:w=9.198e-06:gap=7.670e-03;0.85:w=6.698e-06:gap=7.904e-03;0.875:w=4.876e-06:gap=8.137e-03;0.9:w=3.549e-06:gap=8.371e-03;0.925:w=2.582e-06:gap=8.605e-03;0.95:w=1.878e-06:gap=8.839e-03;0.975:w=1.366e-06:gap=9.073e-03;1:w=9.928e-07:gap=9.308e-03,0:1,0,0.000e+00,0.0,0.0,0.0,1.0,true,converged-pure,"support collapsed to the pure profile (0,-0)",0.0,0.0,"accepted; pure profile (0,-0)"
1.51,0.025,S2_mass_near_1_v0.9,weights proportional to exp(-(1-q)/0.05); v = 0.9,0.9,"H mixes over the correctly signed mesh {0, m, ..., 1} at spacing 0.025; L plays a pure order -v with v in [0, 1] (OA.60 restriction, residual monotonicity checked)",120,31,stalled,0.009794532167109132,5.461363869295981e-08,pruned_to_pure,5.461363869295981e-08,2,0.025:w=2.882e-06:gap=2.192e-04;0.05:w=3.861e-06:gap=4.397e-04;0.075:w=5.169e-06:gap=6.615e-04;0.1:w=6.919e-06:gap=8.846e-04;0.125:w=9.259e-06:gap=1.109e-03;0.15:w=1.239e-05:gap=1.335e-03;0.175:w=1.657e-05:gap=1.562e-03;0.2:w=2.215e-05:gap=1.790e-03;0.225:w=2.961e-05:gap=2.020e-03;0.25:w=3.957e-05:gap=2.251e-03;0.275:w=5.287e-05:gap=2.483e-03;0.3:w=7.063e-05:gap=2.717e-03;0.325:w=9.435e-05:gap=2.952e-03;0.35:w=1.260e-04:gap=3.189e-03;0.375:w=1.683e-04:gap=3.427e-03;0.4:w=2.248e-04:gap=3.666e-03;0.425:w=3.002e-04:gap=3.907e-03;0.45:w=4.009e-04:gap=4.149e-03;0.475:w=5.355e-04:gap=4.392e-03;0.5:w=7.153e-04:gap=4.637e-03;0.525:w=9.557e-04:gap=4.883e-03;0.55:w=1.277e-03:gap=5.131e-03;0.575:w=1.708e-03:gap=5.380e-03;0.6:w=2.283e-03:gap=5.630e-03;0.625:w=3.055e-03:gap=5.882e-03;0.65:w=4.089e-03:gap=6.134e-03;0.675:w=5.475e-03:gap=6.388e-03;0.7:w=7.335e-03:gap=6.644e-03;0.725:w=9.833e-03:gap=6.900e-03;0.75:w=1.319e-02:gap=7.158e-03;0.775:w=1.770e-02:gap=7.417e-03;0.8:w=2.377e-02:gap=7.677e-03;0.825:w=3.195e-02:gap=7.938e-03;0.85:w=4.297e-02:gap=8.200e-03;0.875:w=5.784e-02:gap=8.463e-03;0.9:w=7.791e-02:gap=8.728e-03;0.925:w=1.050e-01:gap=8.993e-03;0.95:w=1.416e-01:gap=9.259e-03;0.975:w=1.911e-01:gap=9.526e-03;1:w=2.580e-01:gap=9.795e-03,0:1,0,0.000e+00,0.0,0.0,0.0,1.0,true,converged-pure,"support collapsed to the pure profile (0,-0)",0.0,0.0,"accepted; pure profile (0,-0)"
1.51,0.025,S3_mass_near_0_v0.1,weights proportional to exp(-q/0.05); v = 0.1,0.1,"H mixes over the correctly signed mesh {0, m, ..., 1} at spacing 0.025; L plays a pure order -v with v in [0, 1] (OA.60 restriction, residual monotonicity checked)",120,120,budget_exhausted,0.0020781164116407394,1.504632769052528e-37,pruned_to_pure,7.52316384526264e-38,2,0.025:w=1.602e-01:gap=2.309e-04;0.05:w=3.207e-02:gap=4.617e-04;0.075:w=6.420e-03:gap=6.926e-04;0.1:w=1.285e-03:gap=9.235e-04;0.125:w=2.572e-04:gap=1.154e-03;0.15:w=5.147e-05:gap=1.385e-03;0.175:w=1.030e-05:gap=1.616e-03;0.2:w=2.060e-06:gap=1.847e-03;0.225:w=4.122e-07:gap=2.078e-03,0:1,0,0.000e+00,0.0,0.0,0.0,1.0,true,converged-pure,"support collapsed to the pure profile (0,-0)",0.0,0.0,"accepted; pure profile (0,-0)"
1.51,0.05,S1_uniform_v0.5,uniform weights on the mesh; v = 0.5,0.5,"H mixes over the correctly signed mesh {0, m, ..., 1} at spacing 0.05; L plays a pure order -v with v in [0, 1] (OA.60 restriction, residual monotonicity checked)",120,35,stalled,0.009294503093584245,2.9103830456733704e-11,pruned_to_pure,2.9103830456733704e-11,2,0.05:w=2.494e-01:gap=4.618e-04;0.1:w=1.330e-01:gap=9.240e-04;0.15:w=7.077e-02:gap=1.386e-03;0.2:w=3.759e-02:gap=1.849e-03;0.25:w=1.994e-02:gap=2.313e-03;0.3:w=1.055e-02:gap=2.776e-03;0.35:w=5.578e-03:gap=3.240e-03;0.4:w=2.943e-03:gap=3.704e-03;0.45:w=1.550e-03:gap=4.169e-03;0.5:w=8.155e-04:gap=4.633e-03;0.55:w=4.283e-04:gap=5.099e-03;0.6:w=2.246e-04:gap=5.564e-03;0.65:w=1.176e-04:gap=6.029e-03;0.7:w=6.153e-05:gap=6.495e-03;0.75:w=3.214e-05:gap=6.961e-03;0.8:w=1.677e-05:gap=7.427e-03;0.85:w=8.738e-06:gap=7.894e-03;0.9:w=4.548e-06:gap=8.361e-03;0.95:w=2.365e-06:gap=8.827e-03;1:w=1.228e-06:gap=9.295e-03,0:1,0,0.000e+00,0.0,0.0,0.0,1.0,true,converged-pure,"support collapsed to the pure profile (0,-0)",0.0,0.0,"accepted; pure profile (0,-0)"
1.51,0.05,S2_mass_near_1_v0.9,weights proportional to exp(-(1-q)/0.05); v = 0.9,0.9,"H mixes over the correctly signed mesh {0, m, ..., 1} at spacing 0.05; L plays a pure order -v with v in [0, 1] (OA.60 restriction, residual monotonicity checked)",120,32,stalled,0.00979528882983707,5.209143465284658e-08,pruned_to_pure,5.209143465284658e-08,2,0.05:w=6.491e-06:gap=4.392e-04;0.1:w=1.160e-05:gap=8.835e-04;0.15:w=2.072e-05:gap=1.333e-03;0.2:w=3.697e-05:gap=1.788e-03;0.25:w=6.594e-05:gap=2.248e-03;0.3:w=1.176e-04:gap=2.714e-03;0.35:w=2.097e-04:gap=3.186e-03;0.4:w=3.739e-04:gap=3.663e-03;0.45:w=6.673e-04:gap=4.146e-03;0.5:w=1.192e-03:gap=4.634e-03;0.55:w=2.132e-03:gap=5.128e-03;0.6:w=3.822e-03:gap=5.627e-03;0.65:w=6.865e-03:gap=6.132e-03;0.7:w=1.236e-02:gap=6.641e-03;0.75:w=2.234e-02:gap=7.156e-03;0.8:w=4.049e-02:gap=7.675e-03;0.85:w=7.368e-02:gap=8.199e-03;0.9:w=1.346e-01:gap=8.727e-03;0.95:w=2.468e-01:gap=9.259e-03;1:w=4.542e-01:gap=9.795e-03,0:1,0,0.000e+00,0.0,0.0,0.0,1.0,true,converged-pure,"support collapsed to the pure profile (0,-0)",0.0,0.0,"accepted; pure profile (0,-0)"
1.51,0.05,S3_mass_near_0_v0.1,weights proportional to exp(-q/0.05); v = 0.1,0.1,"H mixes over the correctly signed mesh {0, m, ..., 1} at spacing 0.05; L plays a pure order -v with v in [0, 1] (OA.60 restriction, residual monotonicity checked)",120,117,stalled,0.0023087474872608748,1.2037062152420225e-36,pruned_to_pure,1.2037062152420225e-36,2,0.05:w=4.131e-02:gap=4.617e-04;0.1:w=1.783e-03:gap=9.235e-04;0.15:w=7.692e-05:gap=1.385e-03;0.2:w=3.318e-06:gap=1.847e-03;0.25:w=1.430e-07:gap=2.309e-03,0:1,0,0.000e+00,0.0,0.0,0.0,1.0,true,converged-pure,"support collapsed to the pure profile (0,-0)",0.0,0.0,"accepted; pure profile (0,-0)"
1.55,0.025,S1_uniform_v0.5,uniform weights on the mesh; v = 0.5,0.5,"H mixes over the correctly signed mesh {0, m, ..., 1} at spacing 0.025; L plays a pure order -v with v in [0, 1] (OA.60 restriction, residual monotonicity checked)",120,39,stalled,0.00788782925605704,1.8189894035458565e-12,pruned_to_pure,1.8189894035458565e-12,2,0.025:w=1.914e-01:gap=1.950e-04;0.05:w=1.423e-01:gap=3.902e-04;0.075:w=1.058e-01:gap=5.855e-04;0.1:w=7.855e-02:gap=7.809e-04;0.125:w=5.831e-02:gap=9.765e-04;0.15:w=4.326e-02:gap=1.172e-03;0.175:w=3.207e-02:gap=1.368e-03;0.2:w=2.377e-02:gap=1.564e-03;0.225:w=1.760e-02:gap=1.760e-03;0.25:w=1.303e-02:gap=1.956e-03;0.275:w=9.635e-03:gap=2.152e-03;0.3:w=7.123e-03:gap=2.349e-03;0.325:w=5.262e-03:gap=2.545e-03;0.35:w=3.886e-03:gap=2.742e-03;0.375:w=2.868e-03:gap=2.939e-03;0.4:w=2.115e-03:gap=3.136e-03;0.425:w=1.560e-03:gap=3.333e-03;0.45:w=1.149e-03:gap=3.530e-03;0.475:w=8.463e-04:gap=3.727e-03;0.5:w=6.230e-04:gap=3.924e-03;0.525:w=4.583e-04:gap=4.122e-03;0.55:w=3.371e-04:gap=4.319e-03;0.575:w=2.477e-04:gap=4.517e-03;0.6:w=1.820e-04:gap=4.714e-03;0.625:w=1.337e-04:gap=4.912e-03;0.65:w=9.810e-05:gap=5.110e-03;0.675:w=7.197e-05:gap=5.308e-03;0.7:w=5.278e-05:gap=5.506e-03;0.725:w=3.869e-05:gap=5.704e-03;0.75:w=2.835e-05:gap=5.902e-03;0.775:w=2.076e-05:gap=6.100e-03;0.8:w=1.520e-05:gap=6.299e-03;0.825:w=1.113e-05:gap=6.497e-03;0.85:w=8.140e-06:gap=6.695e-03;0.875:w=5.952e-06:gap=6.894e-03;0.9:w=4.351e-06:gap=7.093e-03;0.925:w=3.180e-06:gap=7.291e-03;0.95:w=2.323e-06:gap=7.490e-03;0.975:w=1.696e-06:gap=7.689e-03;1:w=1.238e-06:gap=7.888e-03,0:1,0,0.000e+00,0.0,0.0,0.0,1.0,true,converged-pure,"support collapsed to the pure profile (0,-0)",0.0,0.0,"accepted; pure profile (0,-0)"
1.55,0.025,S2_mass_near_1_v0.9,weights proportional to exp(-(1-q)/0.05); v = 0.9,0.9,"H mixes over the correctly signed mesh {0, m, ..., 1} at spacing 0.025; L plays a pure order -v with v in [0, 1] (OA.60 restriction, residual monotonicity checked)",120,120,budget_exhausted,0.0019674985520793317,4.3675184343172635e-05,pruned_to_pure,6.638432298311514e-08,2,0.7:w=1.418e-07:gap=1.967e-03;0.725:w=4.394e-07:gap=1.837e-03;0.75:w=1.403e-06:gap=1.701e-03;0.775:w=4.623e-06:gap=1.558e-03;0.8:w=1.573e-05:gap=1.408e-03;0.825:w=5.530e-05:gap=1.252e-03;0.85:w=2.011e-04:gap=1.088e-03;0.875:w=7.552e-04:gap=9.176e-04;0.9:w=2.898e-03:gap=7.418e-04;0.925:w=1.133e-02:gap=5.621e-04;0.95:w=4.513e-02:gap=3.786e-04;0.975:w=1.831e-01:gap=1.912e-04,1:1,0.003607846727,0.000e+00,1.0,0.460316190847,0.0,1.0,true,converged-pure,"support collapsed to the pure profile (1,-0.460316)",0.00166075026270128,-6.934780874545687e-10,"accepted; pure profile (1,-0.460316)"
1.55,0.025,S3_mass_near_0_v0.1,weights proportional to exp(-q/0.05); v = 0.1,0.1,"H mixes over the correctly signed mesh {0, m, ..., 1} at spacing 0.025; L plays a pure order -v with v in [0, 1] (OA.60 restriction, residual monotonicity checked)",120,120,budget_exhausted,0.0021465088099678,1.504632769052528e-37,pruned_to_pure,7.52316384526264e-38,2,0.025:w=1.813e-01:gap=1.951e-04;0.05:w=4.309e-02:gap=3.901e-04;0.075:w=1.024e-02:gap=5.852e-04;0.1:w=2.435e-03:gap=7.804e-04;0.125:w=5.785e-04:gap=9.755e-04;0.15:w=1.375e-04:gap=1.171e-03;0.175:w=3.265e-05:gap=1.366e-03;0.2:w=7.755e-06:gap=1.561e-03;0.225:w=1.842e-06:gap=1.756e-03;0.25:w=4.373e-07:gap=1.951e-03;0.275:w=1.038e-07:gap=2.147e-03,0:1,0,0.000e+00,0.0,0.0,0.0,1.0,true,converged-pure,"support collapsed to the pure profile (0,-0)",0.0,0.0,"accepted; pure profile (0,-0)"
1.55,0.05,S1_uniform_v0.5,uniform weights on the mesh; v = 0.5,0.5,"H mixes over the correctly signed mesh {0, m, ..., 1} at spacing 0.05; L plays a pure order -v with v in [0, 1] (OA.60 restriction, residual monotonicity checked)",120,39,stalled,0.007875792999099726,1.8189894035458565e-12,pruned_to_pure,1.8189894035458565e-12,2,0.05:w=2.480e-01:gap=3.902e-04;0.1:w=1.369e-01:gap=7.809e-04;0.15:w=7.540e-02:gap=1.172e-03;0.2:w=4.143e-02:gap=1.564e-03;0.25:w=2.271e-02:gap=1.955e-03;0.3:w=1.243e-02:gap=2.348e-03;0.35:w=6.782e-03:gap=2.741e-03;0.4:w=3.694e-03:gap=3.134e-03;0.45:w=2.008e-03:gap=3.527e-03;0.5:w=1.089e-03:gap=3.921e-03;0.55:w=5.899e-04:gap=4.315e-03;0.6:w=3.188e-04:gap=4.710e-03;0.65:w=1.720e-04:gap=5.105e-03;0.7:w=9.265e-05:gap=5.500e-03;0.75:w=4.982e-05:gap=5.895e-03;0.8:w=2.675e-05:gap=6.291e-03;0.85:w=1.434e-05:gap=6.687e-03;0.9:w=7.675e-06:gap=7.083e-03;0.95:w=4.103e-06:gap=7.479e-03;1:w=2.190e-06:gap=7.876e-03,0:1,0,0.000e+00,0.0,0.0,0.0,1.0,true,converged-pure,"support collapsed to the pure profile (0,-0)",0.0,0.0,"accepted; pure profile (0,-0)"
1.55,0.05,S2_mass_near_1_v0.9,weights proportional to exp(-(1-q)/0.05); v = 0.9,0.9,"H mixes over the correctly signed mesh {0, m, ..., 1} at spacing 0.05; L plays a pure order -v with v in [0, 1] (OA.60 restriction, residual monotonicity checked)",120,120,budget_exhausted,0.001955784002800061,2.819045477464588e-05,pruned_to_pure,8.039729226805292e-08,2,0.7:w=1.908e-07:gap=1.956e-03;0.75:w=1.861e-06:gap=1.691e-03;0.8:w=2.055e-05:gap=1.401e-03;0.85:w=2.587e-04:gap=1.083e-03;0.9:w=3.682e-03:gap=7.385e-04;0.95:w=5.669e-02:gap=3.769e-04,1:1,0.003607846727,0.000e+00,1.0,0.460316190847,0.0,1.0,true,converged-pure,"support collapsed to the pure profile (1,-0.460316)",0.00166075026270128,-6.934780874545687e-10,"accepted; pure profile (1,-0.460316)"
1.55,0.05,S3_mass_near_0_v0.1,weights proportional to exp(-q/0.05); v = 0.1,0.1,"H mixes over the correctly signed mesh {0, m, ..., 1} at spacing 0.05; L plays a pure order -v with v in [0, 1] (OA.60 restriction, residual monotonicity checked)",120,120,budget_exhausted,0.001950879224196519,1.504632769052528e-37,pruned_to_pure,7.52316384526264e-38,2,0.05:w=5.334e-02:gap=3.901e-04;0.1:w=3.015e-03:gap=7.803e-04;0.15:w=1.703e-04:gap=1.170e-03;0.2:w=9.617e-06:gap=1.561e-03;0.25:w=5.428e-07:gap=1.951e-03,0:1,0,0.000e+00,0.0,0.0,0.0,1.0,true,converged-pure,"support collapsed to the pure profile (0,-0)",0.0,0.0,"accepted; pure profile (0,-0)"
1.8,0.025,S1_uniform_v0.5,uniform weights on the mesh; v = 0.5,0.5,"H mixes over the correctly signed mesh {0, m, ..., 1} at spacing 0.025; L plays a pure order -v with v in [0, 1] (OA.60 restriction, residual monotonicity checked)",120,120,budget_exhausted,0.0005311778175935093,6.0940168052470156e-05,pruned_to_pure,4.204091569315338e-08,2,0:w=3.505e-03:gap=5.312e-04;0.025:w=4.537e-03:gap=4.772e-04;0.05:w=5.790e-03:gap=4.262e-04;0.075:w=7.283e-03:gap=3.782e-04;0.1:w=9.032e-03:gap=3.332e-04;0.125:w=1.104e-02:gap=2.912e-04;0.15:w=1.331e-02:gap=2.521e-04;0.175:w=1.582e-02:gap=2.159e-04;0.2:w=1.855e-02:gap=1.827e-04;0.225:w=2.144e-02:gap=1.524e-04;0.25:w=2.445e-02:gap=1.249e-04;0.275:w=2.751e-02:gap=1.002e-04;0.3:w=3.053e-02:gap=7.839e-05;0.325:w=3.344e-02:gap=5.932e-05;0.35:w=3.615e-02:gap=4.298e-05;0.375:w=3.858e-02:gap=2.933e-05;0.4:w=4.065e-02:gap=1.833e-05;0.425:w=4.230e-02:gap=9.944e-06;0.45:w=4.348e-02:gap=4.122e-06;0.475:w=4.414e-02:gap=8.228e-07;0.525:w=4.391e-02:gap=1.608e-06;0.55:w=4.304e-02:gap=5.601e-06;0.575:w=4.171e-02:gap=1.193e-05;0.6:w=3.998e-02:gap=2.056e-05;0.625:w=3.790e-02:gap=3.143e-05;0.65:w=3.555e-02:gap=4.450e-05;0.675:w=3.300e-02:gap=5.972e-05;0.7:w=3.032e-02:gap=7.705e-05;0.725:w=2.758e-02:gap=9.645e-05;0.75:w=2.485e-02:gap=1.179e-04;0.775:w=2.217e-02:gap=1.413e-04;0.8:w=1.959e-02:gap=1.666e-04;0.825:w=1.716e-02:gap=1.938e-04;0.85:w=1.489e-02:gap=2.229e-04;0.875:w=1.281e-02:gap=2.538e-04;0.9:w=1.092e-02:gap=2.865e-04;0.925:w=9.238e-03:gap=3.209e-04;0.95:w=7.749e-03:gap=3.571e-04;0.975:w=6.448e-03:gap=3.948e-04;1:w=5.323e-03:gap=4.343e-04,0.498899:1,0.0005320738289,-2.269e-09,0.5,0.4988983461608738,0.0,1.0,true,converged-pure,"support collapsed to the pure profile (0.498899,-0.498898)",0.0005320734459059364,-2.2697583222652806e-09,"accepted; pure profile (0.498899,-0.498898)"
1.8,0.025,S2_mass_near_1_v0.9,weights proportional to exp(-(1-q)/0.05); v = 0.9,0.9,"H mixes over the correctly signed mesh {0, m, ..., 1} at spacing 0.025; L plays a pure order -v with v in [0, 1] (OA.60 restriction, residual monotonicity checked)",120,120,budget_exhausted,0.002343284819551924,0.0,pruned_to_pure,0.0,2,0.9:w=1.613e-06:gap=2.343e-03;0.925:w=4.364e-05:gap=1.763e-03;0.95:w=1.203e-03:gap=1.179e-03;0.975:w=3.375e-02:gap=5.915e-04,1:1,0.01963365837,0.000e+00,1.0,1.0,0.0,1.0,true,converged-pure,"support collapsed to the pure profile (1,-1)",0.019633658372657365,0.0,"accepted; pure profile (1,-1)"
1.8,0.025,S3_mass_near_0_v0.1,weights proportional to exp(-q/0.05); v = 0.1,0.1,"H mixes over the correctly signed mesh {0, m, ..., 1} at spacing 0.025; L plays a pure order -v with v in [0, 1] (OA.60 restriction, residual monotonicity checked)",120,120,budget_exhausted,0.0003382660760141362,0.00022296723277748232,pure_polish_unresolved,8.541839979780974e-08,6,0:w=2.935e-01:gap=3.383e-04;0.025:w=2.123e-01:gap=3.016e-04;0.05:w=1.519e-01:gap=2.672e-04;0.075:w=1.075e-01:gap=2.351e-04;0.1:w=7.526e-02:gap=2.052e-04;0.125:w=5.215e-02:gap=1.776e-04;0.15:w=3.577e-02:gap=1.521e-04;0.175:w=2.429e-02:gap=1.287e-04;0.2:w=1.634e-02:gap=1.074e-04;0.225:w=1.088e-02:gap=8.818e-05;0.25:w=7.178e-03:gap=7.094e-05;0.275:w=4.692e-03:gap=5.567e-05;0.3:w=3.039e-03:gap=4.233e-05;0.325:w=1.951e-03:gap=3.089e-05;0.35:w=1.241e-03:gap=2.130e-05;0.375:w=7.831e-04:gap=1.354e-05;0.4:w=4.899e-04:gap=7.558e-06;0.425:w=3.040e-04:gap=3.331e-06;0.45:w=1.871e-04:gap=8.231e-07;0.5:w=6.920e-05:gap=8.295e-07;0.525:w=4.160e-05:gap=3.280e-06;0.55:w=2.483e-05:gap=7.318e-06;0.575:w=1.471e-05:gap=1.292e-05;0.6:w=8.648e-06:gap=2.004e-05;0.625:w=5.050e-06:gap=2.866e-05;0.65:w=2.929e-06:gap=3.875e-05;0.675:w=1.687e-06:gap=5.028e-05;0.7:w=9.652e-07:gap=6.322e-05;0.725:w=5.487e-07:gap=7.754e-05;0.75:w=3.099e-07:gap=9.322e-05;0.775:w=1.740e-07:gap=1.102e-04;0.475:w=6.667e-01:gap=4.189e-05;0.325:w=6.667e-01:gap=1.635e-06,0.35:1,0.0004178391326,3.190e-05,0.475,0.5856534928172188,0.0,1.0,true,unresolved,"replicator budget_exhausted after 120 of 120 iterations (gap 3.383e-04, v residual 2.230e-04); support solve pure_polish_unresolved (residual 8.542e-08); best tested mesh gain 3.190e-05 at q = 0.475; residual monotone=True",0.0006991684213354162,2.42861286636753e-17,not validated (unresolved attempt)
1.8,0.05,S1_uniform_v0.5,uniform weights on the mesh; v = 0.5,0.5,"H mixes over the correctly signed mesh {0, m, ..., 1} at spacing 0.05; L plays a pure order -v with v in [0, 1] (OA.60 restriction, residual monotonicity checked)",120,120,budget_exhausted,0.0005312679380990778,6.14900747516467e-05,pruned_to_pure,3.7278207076774095e-08,2,0:w=6.986e-03:gap=5.313e-04;0.05:w=1.154e-02:gap=4.263e-04;0.1:w=1.800e-02:gap=3.333e-04;0.15:w=2.653e-02:gap=2.521e-04;0.2:w=3.697e-02:gap=1.827e-04;0.25:w=4.874e-02:gap=1.249e-04;0.3:w=6.086e-02:gap=7.841e-05;0.35:w=7.207e-02:gap=4.298e-05;0.4:w=8.103e-02:gap=1.833e-05;0.45:w=8.665e-02:gap=4.120e-06;0.55:w=8.577e-02:gap=5.608e-06;0.6:w=7.966e-02:gap=2.058e-05;0.65:w=7.082e-02:gap=4.453e-05;0.7:w=6.038e-02:gap=7.711e-05;0.75:w=4.946e-02:gap=1.180e-04;0.8:w=3.898e-02:gap=1.667e-04;0.85:w=2.961e-02:gap=2.231e-04;0.9:w=2.171e-02:gap=2.867e-04;0.95:w=1.539e-02:gap=3.573e-04;1:w=1.057e-02:gap=4.346e-04,0.498899:1,0.00053207379,-2.269e-09,0.5,0.4988983825547014,0.0,1.0,true,converged-pure,"support collapsed to the pure profile (0.498899,-0.498898)",0.0005320734890244747,-2.269680993496892e-09,"accepted; pure profile (0.498899,-0.498898)"
1.8,0.05,S2_mass_near_1_v0.9,weights proportional to exp(-(1-q)/0.05); v = 0.9,0.9,"H mixes over the correctly signed mesh {0, m, ..., 1} at spacing 0.05; L plays a pure order -v with v in [0, 1] (OA.60 restriction, residual monotonicity checked)",120,92,stalled,0.003491186158599339,0.0,pruned_to_pure,0.0,2,0.85:w=1.427e-07:gap=3.491e-03;0.9:w=2.580e-05:gap=2.342e-03;0.95:w=4.928e-03:gap=1.179e-03,1:1,0.01963365837,0.000e+00,1.0,1.0,0.0,1.0,true,converged-pure,"support collapsed to the pure profile (1,-1)",0.019633658372657365,0.0,"accepted; pure profile (1,-1)"
1.8,0.05,S3_mass_near_0_v0.1,weights proportional to exp(-q/0.05); v = 0.1,0.1,"H mixes over the correctly signed mesh {0, m, ..., 1} at spacing 0.05; L plays a pure order -v with v in [0, 1] (OA.60 restriction, residual monotonicity checked)",120,120,budget_exhausted,0.0003347629170840725,0.0002222282974466694,pure_polish_unresolved,4.562689670528641e-08,5,0:w=5.028e-01:gap=3.348e-04;0.05:w=2.595e-01:gap=2.643e-04;0.1:w=1.283e-01:gap=2.028e-04;0.15:w=6.087e-02:gap=1.501e-04;0.2:w=2.775e-02:gap=1.058e-04;0.25:w=1.218e-02:gap=6.960e-05;0.3:w=5.151e-03:gap=4.122e-05;0.35:w=2.103e-03:gap=2.035e-05;0.4:w=8.297e-04:gap=6.703e-06;0.55:w=4.207e-05:gap=6.419e-06;0.6:w=1.467e-05:gap=1.902e-05;0.65:w=4.972e-06:gap=3.756e-05;0.7:w=1.641e-06:gap=6.180e-05;0.75:w=5.275e-07:gap=9.153e-05;0.8:w=1.655e-07:gap=1.265e-04;0.5:w=2.701e-01:gap=3.351e-05;0.45:w=6.667e-01:gap=2.918e-05,0.35:1,0.0004178391706,3.178e-05,0.5,0.5856534386602861,0.0,1.0,true,unresolved,"replicator budget_exhausted after 120 of 120 iterations (gap 3.348e-04, v residual 2.222e-04); support solve pure_polish_unresolved (residual 4.563e-08); best tested mesh gain 3.178e-05 at q = 0.5; residual monotone=True",0.0006991684201897441,3.469446951953614e-18,not validated (unresolved attempt)
