eps,r,regime,tau_minus,tau_plus,x_minus,x_plus,dead_exists,z0,pool_prob,pool_belief,J,sufficient_test,E,O_H,U,largest_consistent_cutoff,sufficient_cutoff_end,ceiling_strength,grid_full_fixed_point,grid_E,status
0,3,III price-gated entry,0.705,0.705,0.8712224465,0.8712224465,True,0.8712224465,0.6363236037,0.3683819013,0.09550289242,True,0.3636763963,0.265589901,0.07550289242,inf,2.614003697,3.592658519,True,0.3636300916,numerical diagnostic
0.001,3,III price-gated entry,0.70488,0.70512,0.8706455223,0.8717995072,True,0.8706455223,0.6362276967,0.3683311675,0.0955028919,True,0.3636763907,0.2655898951,0.0755028919,inf,2.614003697,3.595388801,True,0.3636811654,numerical diagnostic
0.01,3,III price-gated entry,0.7038,0.7062,0.8654593231,0.8769992198,True,0.8654593231,0.6353660588,0.367875496,0.09550283999,True,0.363675829,0.2655893092,0.07550283999,inf,2.614003697,3.619961713,True,0.3636774496,numerical diagnostic
0.05,3,III price-gated entry,0.699,0.711,0.8425404775,0.9002457417,True,0.8425404775,0.6315691304,0.3658703478,0.09550158133,True,0.3636622109,0.2655751033,0.07550158133,inf,2.614003697,3.729182441,True,0.3636621405,numerical diagnostic
0.1,3,III price-gated entry,0.693,0.717,0.8141822516,0.929628943,True,0.8141822516,0.6268949291,0.3634088007,0.09549764639,True,0.3636196218,0.2655306782,0.07549764639,inf,2.614003697,3.86572498,True,0.3636193995,numerical diagnostic
0.25,3,III price-gated entry,0.675,0.735,0.7308875085,1,True,0.7308875085,0.6133097406,0.3563059801,0.08961063958,True,0.3409691109,0.2488786009,0.06961063958,inf,2.478108955,4.275446514,True,0.3409689865,numerical diagnostic
0.5,3,III price-gated entry,0.645,0.765,0.5971325273,1,True,0.5971325273,0.5918960262,0.3453130761,0.07112404985,True,0.2698624946,0.1966071873,0.05112404985,inf,1.949076634,4.958551379,True,0.2698623939,numerical diagnostic
1,3,III price-gated entry,0.585,0.825,0.343333327,1,True,0.343333327,0.5523166236,0.3259556682,0.06424517011,True,0.2419770445,0.1753451558,0.04424517011,inf,1.62074138,6.325301769,True,0.2419769619,numerical diagnostic
1.5,3,III price-gated entry,0.525,0.885,0.1000834586,1,True,0.1000834586,0.5151822562,0.3094316391,0.06400661894,True,0.239047207,0.1719855784,0.04400661894,inf,1.498116616,7.692453211,True,0.2390471173,numerical diagnostic
1.7,3,III price-gated entry,0.501,0.909,0.004000005333,1,True,0.004000005333,0.5006065319,0.3035042982,0.06445167951,True,0.2398716626,0.1720082475,0.04445167951,inf,1.468137281,8.239381409,True,0.2398715704,numerical diagnostic
