r,branch,qH,qL,E,eH,eL,O_H,U_H,U_L,tau,x_star,mubar,DeltaT,B_half,B_M,J_full,exists,status
1.2,dead,0,0,0,0,0,0,0,0,0.633116883,inf,0.5,0.0166666667,4.80416667,6.8798429,0.0027742958,True,analytical
1.25,dead,0,0,0,0,0,0,0,0,0.635097493,inf,0.5,0.025,4.7875,6.86125074,0.00414501035,True,analytical
1.3,dead,0,0,0,0,0,0,0,0,0.637065637,inf,0.5,0.0346153846,4.77115385,6.84268287,0.00571904265,True,analytical
1.35,dead,0,0,0,0,0,0,0,0,0.639023886,inf,0.5,0.0453703704,4.75509259,6.82413659,0.00746619228,True,analytical
1.4,dead,0,0,0,0,0,0,0,0,0.640974441,inf,0.5,0.0571428571,4.73928571,6.80560957,0.00937021227,True,analytical
1.45,dead,0,0,0,0,0,0,0,0,0.642919201,inf,0.5,0.0698275862,4.7237069,6.78709984,0.0114045528,True,analytical
1.5,dead,0,0,0,0,0,0,0,0,0.644859813,inf,0.5,0.0833333333,4.70833333,6.76860566,0.0135619671,True,analytical
1.51,dead,0,0,0,0,0,0,0,0,0.645247568,inf,0.5,0.0861258278,4.70528146,6.76490855,0.0140039301,True,analytical
1.52,dead,0,0,0,0,0,0,0,0,0.645635225,inf,0.5,0.0889473684,4.70223684,6.761212,0.0144562562,True,analytical
1.53,dead,0,0,0,0,0,0,0,0,0.646022796,inf,0.5,0.0917973856,4.69919935,6.75751598,0.0149061432,True,analytical
1.54,dead,0,0,0,0,0,0,0,0,0.64641029,inf,0.5,0.0946753247,4.69616883,6.75382049,0.0153597374,True,analytical
1.55,dead,0,0,0,0,0,0,0,0,0.646797717,inf,0.5,0.0975806452,4.69314516,6.75012552,0.0158240115,True,analytical
1.56,dead,0,0,0,0,0,0,0,0,0.647185087,inf,0.5,0.100512821,4.69012821,6.74643106,0.0162849348,True,analytical
1.57,dead,0,0,0,0,0,0,0,0,0.647572409,inf,0.5,0.103471338,4.68711783,6.7427371,0.0167492766,True,analytical
1.58,dead,0,0,0,0,0,0,0,0,0.647959692,inf,0.5,0.106455696,4.68411392,6.73904363,0.0172169449,True,analytical
1.59,dead,0,0,0,0,0,0,0,0,0.648346945,inf,0.5,0.109465409,4.68111635,6.73535064,0.0176957754,True,analytical
1.6,dead,0,0,0,0,0,0,0,0,0.648734177,inf,0.5,0.1125,4.678125,6.73165812,0.0181700474,True,analytical
1.61,dead,0,0,0,0,0,0,0,0,0.649121397,inf,0.5,0.115559006,4.67513975,6.72796606,0.0186473854,True,analytical
1.62,dead,0,0,0,0,0,0,0,0,0.649508611,inf,0.5,0.118641975,4.67216049,6.72427446,0.0191362897,True,analytical
1.63,dead,0,0,0,0,0,0,0,0,0.64989583,inf,0.5,0.121748466,4.66918712,6.7205833,0.0196197346,True,analytical
1.64,dead,0,0,0,0,0,0,0,0,0.65028306,inf,0.5,0.124878049,4.66621951,6.71689258,0.0201060039,True,analytical
1.65,dead,0,0,0,0,0,0,0,0,0.65067031,inf,0.5,0.128030303,4.66325758,6.71320228,0.0206042759,True,analytical
1.66,dead,0,0,0,0,0,0,0,0,0.651057587,inf,0.5,0.131204819,4.6603012,6.70951241,0.0210961911,True,analytical
1.66,live,1,-0.252,0.384160938,0.500624383,0.267697493,0.250312192,0.00288563095,0.000727179,0.651057587,0.998,0.405443217,0.131204819,4.6603012,6.70951241,0.0210961911,True,numerical diagnostic
1.67,dead,0,0,0,0,0,0,0,0,0.651444897,inf,0.5,0.134401198,4.6573503,6.70582296,0.0215907062,True,analytical
1.67,live,1,-0.2875,0.384851788,0.504603449,0.265100126,0.252301725,0.00335821662,0.000965487278,0.651444897,0.982,0.40266433,0.134401198,4.6573503,6.70582296,0.0215907062,True,numerical diagnostic
1.68,dead,0,0,0,0,0,0,0,0,0.65183225,inf,0.5,0.137619048,4.65440476,6.70213391,0.0220877495,True,analytical
1.68,live,1,-0.3215,0.385449312,0.508305023,0.262593601,0.254152512,0.00382808943,0.00123073075,0.65183225,0.967,0.400044227,0.137619048,4.65440476,6.70213391,0.0220877495,True,numerical diagnostic
1.69,dead,0,0,0,0,0,0,0,0,0.652219651,inf,0.5,0.140857988,4.6514645,6.69844526,0.0225974233,True,analytical
1.69,live,1,-0.3545,0.386109901,0.511978939,0.260240862,0.25598947,0.00430336188,0.00152554179,0.652219651,0.952,0.397482378,0.140857988,4.6514645,6.69844526,0.0225974233,True,numerical diagnostic
1.7,dead,0,0,0,0,0,0,0,0,0.652607107,inf,0.5,0.144117647,4.64852941,6.694757,0.0230995471,True,analytical
1.7,live,1,-0.386,0.386678423,0.515383157,0.257973689,0.257691578,0.00477645191,0.00184371044,0.652607107,0.938,0.395075585,0.144117647,4.64852941,6.694757,0.0230995471,True,numerical diagnostic
1.71,dead,0,0,0,0,0,0,0,0,0.652994626,inf,0.5,0.147397661,4.64559942,6.69106913,0.0236039955,True,analytical
1.71,live,1,-0.4165,0.387308895,0.518763627,0.255854162,0.259381814,0.0052556386,0.00218897348,0.652994626,0.924,0.392723428,0.147397661,4.64559942,6.69106913,0.0236039955,True,numerical diagnostic
1.72,dead,0,0,0,0,0,0,0,0,0.653382214,inf,0.5,0.150697674,4.64267442,6.68738164,0.0241215777,True,analytical
1.72,live,1,-0.445,0.387697224,0.521642399,0.253752049,0.2608212,0.00572503373,0.00254764001,0.653382214,0.912,0.390621712,0.150697674,4.64267442,6.68738164,0.0241215777,True,numerical diagnostic
1.73,dead,0,0,0,0,0,0,0,0,0.653769877,inf,0.5,0.154017341,4.63975434,6.68369452,0.0246307174,True,analytical
1.73,live,1,-0.4735,0.388267356,0.524741639,0.251793072,0.262370819,0.0062049087,0.00293802427,0.653769877,0.899,0.388452614,0.154017341,4.63975434,6.68369452,0.0246307174,True,numerical diagnostic
1.74,dead,0,0,0,0,0,0,0,0,0.654157622,inf,0.5,0.157356322,4.63683908,6.68000776,0.0251419919,True,analytical
1.74,live,1,-0.501,0.388716934,0.52758465,0.249849219,0.263792325,0.00667900501,0.00334618151,0.654157622,0.887,0.386412852,0.157356322,4.63683908,6.68000776,0.0251419919,True,numerical diagnostic
1.75,dead,0,0,0,0,0,0,0,0,0.654545455,inf,0.5,0.160714286,4.63392857,6.67632136,0.0256553406,True,analytical
1.75,live,1,-0.527,0.38907908,0.530175801,0.24798236,0.2650879,0.00715185929,0.00376902985,0.654545455,0.876,0.384521219,0.160714286,4.63392857,6.67632136,0.0256553406,True,numerical diagnostic
1.76,dead,0,0,0,0,0,0,0,0,0.654933381,inf,0.5,0.164090909,4.63102273,6.67263532,0.026182532,True,analytical
1.76,live,1,-0.5525,0.389471865,0.53275274,0.24619099,0.26637637,0.00762746053,0.00421417194,0.654933381,0.865,0.382658193,0.164090909,4.63102273,6.67263532,0.026182532,True,numerical diagnostic
1.77,dead,0,0,0,0,0,0,0,0,0.655321408,inf,0.5,0.167485876,4.62812147,6.66894963,0.026700093,True,analytical
1.77,live,1,-0.577,0.389747852,0.535083144,0.24441256,0.267541572,0.00809739184,0.00467219644,0.655321408,0.855,0.380921862,0.167485876,4.62812147,6.66894963,0.026700093,True,numerical diagnostic
1.78,dead,0,0,0,0,0,0,0,0,0.655709541,inf,0.5,0.170898876,4.62522472,6.66526428,0.0272195553,True,analytical
1.78,live,1,-0.601,0.390231099,0.537633166,0.242829032,0.268816583,0.00858385514,0.00515889694,0.655709541,0.844,0.379132771,0.170898876,4.62522472,6.66526428,0.0272195553,True,numerical diagnostic
1.79,dead,0,0,0,0,0,0,0,0,0.656097785,inf,0.5,0.174329609,4.6223324,6.66157926,0.0277534196,True,analytical
1.79,live,1,-0.624,0.390597496,0.539939229,0.241255762,0.269969615,0.00906503913,0.00565658441,0.656097785,0.834,0.377468651,0.174329609,4.6223324,6.66157926,0.0277534196,True,numerical diagnostic
1.8,dead,0,0,0,0,0,0,0,0,0.656486146,inf,0.5,0.177777778,4.61944444,6.65789457,0.0282767636,True,analytical
1.8,live,1,-0.646,0.390848768,0.542004851,0.239692686,0.271002425,0.00954086457,0.00616339851,0.656486146,0.825,0.375928863,0.177777778,4.61944444,6.65789457,0.0282767636,True,numerical diagnostic
1.81,dead,0,0,0,0,0,0,0,0,0.65687463,inf,0.5,0.181243094,4.61656077,6.65421021,0.0288018473,True,analytical
1.81,live,1,-0.6675,0.391130238,0.544061198,0.238199279,0.272030599,0.0100202101,0.00668849022,0.65687463,0.816,0.374413999,0.181243094,4.61656077,6.65421021,0.0288018473,True,numerical diagnostic
1.82,dead,0,0,0,0,0,0,0,0,0.657263242,inf,0.5,0.184725275,4.61368132,6.65052617,0.029328619,True,analytical
1.82,live,1,-0.6885,0.391441337,0.546108312,0.236774362,0.273054156,0.0105032776,0.00723150663,0.657263242,0.807,0.372923464,0.184725275,4.61368132,6.65052617,0.029328619,True,numerical diagnostic
1.85,dead,0,0,0,0,0,0,0,0,0.658429898,inf,0.5,0.19527027,4.60506757,6.6394759,0.0309326011,True,analytical
1.85,live,1,-0.7485,0.392036506,0.551522459,0.232550553,0.27576123,0.0119320358,0.00893113485,0.658429898,0.783,0.368835847,0.19527027,4.60506757,6.6394759,0.0309326011,True,numerical diagnostic
1.9,dead,0,0,0,0,0,0,0,0,0.660377358,inf,0.5,0.213157895,4.59078947,6.62106472,0.0336436216,True,analytical
1.9,live,1,-0.836,0.393080825,0.559522832,0.226638819,0.279761416,0.0143667356,0.0120105909,0.660377358,0.747,0.362879518,0.213157895,4.59078947,6.62106472,0.0336436216,True,numerical diagnostic
1.95,dead,0,0,0,0,0,0,0,0,0.662329118,inf,0.5,0.231410256,4.57660256,6.60266045,0.0363750078,True,analytical
1.95,live,1,-0.913,0.393563953,0.565863665,0.221264242,0.282931832,0.0167864521,0.0153260307,0.662329118,0.718,0.357940662,0.231410256,4.57660256,6.60266045,0.0363750078,True,numerical diagnostic
2,dead,0,0,0,0,0,0,0,0,0.664285714,inf,0.5,0.25,4.5625,6.58426256,0.0391358668,True,analytical
2,live,1,-0.981,0.394068525,0.571470908,0.216666143,0.285735454,0.0192445028,0.0188788573,0.664285714,0.692,0.353611765,0.25,4.5625,6.58426256,0.0391358668,True,numerical diagnostic
2.05,dead,0,0,0,0,0,0,0,0,0.666247643,inf,0.5,0.268902439,4.54847561,6.5658706,0.0419217526,True,analytical
2.05,live,1,-1,0.393044234,0.571470908,0.214617561,0.285735454,0.0219217526,0.0219217526,0.666247643,0.692,0.353015014,0.268902439,4.54847561,6.5658706,0.0419217526,True,numerical diagnostic
2.1,dead,0,0,0,0,0,0,0,0,0.668215359,inf,0.5,0.288095238,4.53452381,6.54748414,0.0447286502,True,analytical
2.1,live,1,-1,0.391596067,0.569538183,0.213653951,0.284769092,0.0247286502,0.0247286502,0.668215359,0.701,0.353763099,0.288095238,4.53452381,6.54748414,0.0447286502,True,numerical diagnostic
2.15,dead,0,0,0,0,0,0,0,0,0.670189285,inf,0.5,0.30755814,4.52063953,6.5291028,0.0475529261,True,analytical
2.15,live,1,-1,0.390145704,0.567596741,0.212694668,0.28379837,0.0275529261,0.0275529261,0.670189285,0.71,0.354513502,0.30755814,4.52063953,6.5291028,0.0475529261,True,numerical diagnostic
2.2,dead,0,0,0,0,0,0,0,0,0.672169811,inf,0.5,0.327272727,4.50681818,6.51072622,0.0503912845,True,analytical
2.2,live,1,-1,0.388693117,0.565646543,0.211739692,0.282823271,0.0303912845,0.0303912845,0.672169811,0.719,0.355266214,0.327272727,4.50681818,6.51072622,0.0503912845,True,numerical diagnostic
2.25,dead,0,0,0,0,0,0,0,0,0.674157303,inf,0.5,0.347222222,4.49305556,6.49235409,0.0532407302,True,analytical
2.25,live,1,-1,0.387238276,0.563687549,0.210789003,0.281843774,0.0332407302,0.0332407302,0.674157303,0.728,0.356021224,0.347222222,4.49305556,6.49235409,0.0532407302,True,numerical diagnostic
2.3,dead,0,0,0,0,0,0,0,0,0.676152103,inf,0.5,0.367391304,4.47934783,6.47398612,0.0560985358,True,analytical
2.3,live,1,-1,0.385781151,0.561719719,0.209842583,0.28085986,0.0360985358,0.0360985358,0.676152103,0.737,0.356778523,0.367391304,4.47934783,6.47398612,0.0560985358,True,numerical diagnostic
2.35,dead,0,0,0,0,0,0,0,0,0.67815453,inf,0.5,0.387765957,4.46569149,6.45562205,0.0589622137,True,analytical
2.35,live,1,-1,0.384321714,0.559743015,0.208900413,0.279871507,0.0389622137,0.0389622137,0.67815453,0.746,0.357538103,0.387765957,4.46569149,6.45562205,0.0589622137,True,numerical diagnostic
2.4,dead,0,0,0,0,0,0,0,0,0.680164888,inf,0.5,0.408333333,4.45208333,6.43726162,0.0618294906,True,analytical
2.4,live,1,-1,0.382859934,0.557757395,0.207962472,0.278878698,0.0418294906,0.0418294906,0.680164888,0.755,0.358299953,0.408333333,4.45208333,6.43726162,0.0618294906,True,numerical diagnostic
2.45,dead,0,0,0,0,0,0,0,0,0.682183463,inf,0.5,0.429081633,4.43852041,6.41890462,0.0646982865,True,analytical
2.45,live,1,-1,0.381395782,0.55576282,0.207028743,0.27788141,0.0446982865,0.0446982865,0.682183463,0.764,0.359064063,0.429081633,4.43852041,6.41890462,0.0646982865,True,numerical diagnostic
2.5,dead,0,0,0,0,0,0,0,0,0.684210526,inf,0.5,0.45,4.425,6.40055085,0.0675349759,True,analytical
2.5,live,1,-1,0.379766128,0.553536073,0.205996183,0.276768037,0.0475349759,0.0475349759,0.684210526,0.774,0.359915716,0.45,4.425,6.40055085,0.0675349759,True,numerical diagnostic
2.55,dead,0,0,0,0,0,0,0,0,0.686246336,inf,0.5,0.471078431,4.41151961,6.3822001,0.0703998159,True,analytical
2.55,live,1,-1,0.378296871,0.551522459,0.205071282,0.27576123,0.0503998159,0.0503998159,0.686246336,0.783,0.360684569,0.471078431,4.41151961,6.3822001,0.0703998159,True,numerical diagnostic
2.6,dead,0,0,0,0,0,0,0,0,0.688291139,inf,0.5,0.492307692,4.39807692,6.36385222,0.0732263268,True,analytical
2.6,live,1,-1,0.376661471,0.549274457,0.204048484,0.274637229,0.0532263268,0.0532263268,0.688291139,0.793,0.361541467,0.492307692,4.39807692,6.36385222,0.0732263268,True,numerical diagnostic
2.65,dead,0,0,0,0,0,0,0,0,0.690345173,inf,0.5,0.513679245,4.38466981,6.34550702,0.076080746,True,analytical
2.65,live,1,-1,0.375186976,0.547241623,0.203132329,0.273620812,0.056080746,0.056080746,0.690345173,0.802,0.362315021,0.513679245,4.38466981,6.34550702,0.076080746,True,numerical diagnostic
2.7,dead,0,0,0,0,0,0,0,0,0.692408663,inf,0.5,0.535185185,4.3712963,6.32716438,0.078891115,True,analytical
2.7,live,1,-1,0.373545682,0.544972163,0.202119201,0.272486082,0.058891115,0.058891115,0.692408663,0.812,0.363177119,0.535185185,4.3712963,6.32716438,0.078891115,True,numerical diagnostic
2.75,dead,0,0,0,0,0,0,0,0,0.69448183,inf,0.5,0.556818182,4.35795455,6.30882414,0.0816907468,True,analytical
2.75,live,1,-1,0.371901228,0.542691328,0.201111127,0.271345664,0.0616907468,0.0616907468,0.69448183,0.822,0.364041934,0.556818182,4.35795455,6.30882414,0.0816907468,True,numerical diagnostic
2.8,dead,0,0,0,0,0,0,0,0,0.696564885,inf,0.5,0.578571429,4.34464286,6.29048617,0.084518809,True,analytical
2.8,live,1,-1,0.370418481,0.540628803,0.20020816,0.270314401,0.064518809,0.064518809,0.696564885,0.831,0.364822581,0.578571429,4.34464286,6.29048617,0.084518809,True,numerical diagnostic
2.85,dead,0,0,0,0,0,0,0,0,0.698658034,inf,0.5,0.600438596,4.33135965,6.27215037,0.0872950014,True,analytical
2.85,live,1,-1,0.368767907,0.538326196,0.199209617,0.269163098,0.0672950014,0.0672950014,0.698658034,0.841,0.365692525,0.600438596,4.33135965,6.27215037,0.0872950014,True,numerical diagnostic
2.9,dead,0,0,0,0,0,0,0,0,0.700761474,inf,0.5,0.622413793,4.31810345,6.25381661,0.0900572234,True,analytical
2.9,live,1,-1,0.367114051,0.536012048,0.198216054,0.268006024,0.0700572234,0.0700572234,0.700761474,0.851,0.36656515,0.622413793,4.31810345,6.25381661,0.0900572234,True,numerical diagnostic
2.95,dead,0,0,0,0,0,0,0,0,0.702875399,inf,0.5,0.644491525,4.30487288,6.23548479,0.0927598972,True,analytical
2.95,live,1,-1,0.365290972,0.533453085,0.197128858,0.266726542,0.0727598972,0.0727598972,0.702875399,0.862,0.367528118,0.644491525,4.30487288,6.23548479,0.0927598972,True,numerical diagnostic
3,dead,0,0,0,0,0,0,0,0,0.705,inf,0.5,0.666666667,4.29166667,6.21715482,0.0954900528,True,analytical
3,live,1,-1,0.363630092,0.53111451,0.196145673,0.265557255,0.0754900528,0.0754900528,0.705,0.872,0.36840633,0.666666667,4.29166667,6.21715482,0.0954900528,True,numerical diagnostic
3.05,dead,0,0,0,0,0,0,0,0,0.70713546,inf,0.5,0.688934426,4.27848361,6.1988266,0.098203689,True,analytical
3.05,live,1,-1,0.361965803,0.528764213,0.195167392,0.264382106,0.078203689,0.078203689,0.70713546,0.882,0.369287183,0.688934426,4.27848361,6.1988266,0.098203689,True,numerical diagnostic
3.1,dead,0,0,0,0,0,0,0,0,0.709281961,inf,0.5,0.711290323,4.26532258,6.18050006,0.100900081,True,analytical
3.1,live,1,-1,0.360298063,0.526402135,0.19419399,0.263201067,0.0809000811,0.0809000811,0.709281961,0.892,0.370170663,0.711290323,4.26532258,6.18050006,0.100900081,True,numerical diagnostic
3.15,dead,0,0,0,0,0,0,0,0,0.711439681,inf,0.5,0.733730159,4.25218254,6.1621751,0.103528144,True,analytical
3.15,live,1,-1,0.358459513,0.523790171,0.193128855,0.261895086,0.0835281443,0.0835281443,0.711439681,0.903,0.371145512,0.733730159,4.25218254,6.1621751,0.103528144,True,numerical diagnostic
3.2,dead,0,0,0,0,0,0,0,0,0.713608795,inf,0.5,0.75625,4.2390625,6.14385166,0.106186649,True,analytical
3.2,live,1,-1,0.35678439,0.521403161,0.19216562,0.26070158,0.0861866491,0.0861866491,0.713608795,0.913,0.37203447,0.75625,4.2390625,6.14385166,0.106186649,True,numerical diagnostic
3.25,dead,0,0,0,0,0,0,0,0,0.715789474,inf,0.5,0.778846154,4.22596154,6.12552966,0.108772772,True,analytical
3.25,live,1,-1,0.354937619,0.518763627,0.19111161,0.259381814,0.0887727719,0.0887727719,0.715789474,0.924,0.373015312,0.778846154,4.22596154,6.12552966,0.108772772,True,numerical diagnostic
3.3,dead,0,0,0,0,0,0,0,0,0.717981889,inf,0.5,0.801515152,4.21287879,6.10720904,0.111336404,True,analytical
3.3,live,1,-1,0.353086459,0.516109537,0.190063381,0.258054768,0.0913364039,0.0913364039,0.717981889,0.935,0.373999268,0.801515152,4.21287879,6.10720904,0.111336404,True,numerical diagnostic
3.35,dead,0,0,0,0,0,0,0,0,0.720186208,inf,0.5,0.824253731,4.19981343,6.08888974,0.113877064,True,analytical
3.35,live,1,-1,0.351230855,0.513440808,0.189020901,0.256720404,0.0938770635,0.0938770635,0.720186208,0.946,0.374986322,0.824253731,4.19981343,6.08888974,0.113877064,True,numerical diagnostic
3.4,dead,0,0,0,0,0,0,0,0,0.722402597,inf,0.5,0.847058824,4.18676471,6.07057171,0.116394307,True,analytical
3.4,live,1,-1,0.34937075,0.510757361,0.187984139,0.25537868,0.096394307,0.096394307,0.722402597,0.957,0.375976456,0.847058824,4.18676471,6.07057171,0.116394307,True,numerical diagnostic
3.45,dead,0,0,0,0,0,0,0,0,0.724631222,inf,0.5,0.869927536,4.17373188,6.05225487,0.118887726,True,analytical
3.45,live,1,-1,0.347506089,0.508059114,0.186953064,0.254029557,0.098887726,0.098887726,0.724631222,0.968,0.376969653,0.869927536,4.17373188,6.05225487,0.118887726,True,numerical diagnostic
3.5,dead,0,0,0,0,0,0,0,0,0.726872247,inf,0.5,0.892857143,4.16071429,6.03393919,0.121356945,True,analytical
3.5,live,1,-1,0.345636815,0.505345986,0.185927644,0.252672993,0.101356945,0.101356945,0.726872247,0.979,0.377965896,0.892857143,4.16071429,6.03393919,0.121356945,True,numerical diagnostic
3.55,dead,0,0,0,0,0,0,0,0,0.729125833,inf,0.5,0.91584507,4.14771127,6.01562462,0.1237399,True,analytical
3.55,live,1,-1,0.34359228,0.502369142,0.184815418,0.251184571,0.1037399,0.1037399,0.729125833,0.991,0.37905616,0.91584507,4.14771127,6.01562462,0.1237399,True,numerical diagnostic
3.59,dead,0,0,0,0,0,0,0,0,0.730937856,inf,0.5,0.934275766,4.13731894,6.00097372,0.125664074,True,analytical
3.59,live,1,-1,0.342055187,0.500124758,0.183985617,0.250062379,0.105664074,0.105664074,0.730937856,1,0.37987621,0.934275766,4.13731894,6.00097372,0.125664074,True,numerical diagnostic
3.5926,dead,0,0,0,0,0,0,0,0,0.731055921,inf,0.5,0.935474971,4.13664374,6.00002143,0.125825372,True,analytical
3.5926,live,1,-1,0.342055187,0.500124758,0.183985617,0.250062379,0.105825372,0.105825372,0.731055921,1,0.37987621,0.935474971,4.13664374,6.00002143,0.125825372,True,numerical diagnostic
3.5927,dead,0,0,0,0,0,0,0,0,0.731060463,inf,0.5,0.935521097,4.13661777,5.99998481,0,True,analytical
3.6,dead,0,0,0,0,0,0,0,0,0.731392143,inf,0.5,0.938888889,4.13472222,5.9973111,0,True,analytical
3.65,dead,0,0,0,0,0,0,0,0,0.733671339,inf,0.5,0.961986301,4.12174658,5.9789986,0,True,analytical
3.7,dead,0,0,0,0,0,0,0,0,0.735963581,inf,0.5,0.985135135,4.10878378,5.96068707,0,True,analytical
