r,branch,state,support_index,q,weight,U(q),support_gap,off_support_gain_bound,accepted,status,init_id,mesh_spacing,iterations,stop_reason,final_gap,gap_to_best_tested,simplex_residual,residual_monotone,quadrature_error,search_domain,outcome
1.2,mixed_mesh_0.025,H,0,0.0,1.0,0.0,0.0,0.0,true,converged-pure (budget_exhausted; support solve pruned_to_pure),S1_uniform_v0.5,0.025,120,budget_exhausted,0.00313544227324802,0.0,0.0,true,1.0625181290357943e-19,"H mixes over the correctly signed mesh {0, m, ..., 1} at spacing 0.025; L plays a pure order -v with v in [0, 1] (OA.60 restriction, residual monotonicity checked)",converged-pure
1.2,mixed_mesh_0.025,L,0,-3.76158192263132e-37,1.0,n/a,0.0,n/a,true,converged-pure (budget_exhausted; support solve pruned_to_pure),S1_uniform_v0.5,0.025,120,budget_exhausted,0.00313544227324802,7.52316384526264e-37,0.0,true,1.0625181290357943e-19,"H mixes over the correctly signed mesh {0, m, ..., 1} at spacing 0.025; L plays a pure order -v with v in [0, 1] (OA.60 restriction, residual monotonicity checked)",converged-pure
1.2,mixed_mesh_0.025,H,0,0.0,1.0,0.0,0.0,0.0,true,converged-pure (stalled; support solve pruned_to_pure),S2_mass_near_1_v0.9,0.025,26,stalled,0.01801463857956852,0.0,0.0,true,1.0842021724855044e-19,"H mixes over the correctly signed mesh {0, m, ..., 1} at spacing 0.025; L plays a pure order -v with v in [0, 1] (OA.60 restriction, residual monotonicity checked)",converged-pure
1.2,mixed_mesh_0.025,L,0,-2.6822090148925782e-08,1.0,n/a,0.0,n/a,true,converged-pure (stalled; support solve pruned_to_pure),S2_mass_near_1_v0.9,0.025,26,stalled,0.01801463857956852,2.6822090148925782e-08,0.0,true,1.0842021724855044e-19,"H mixes over the correctly signed mesh {0, m, ..., 1} at spacing 0.025; L plays a pure order -v with v in [0, 1] (OA.60 restriction, residual monotonicity checked)",converged-pure
1.2,mixed_mesh_0.025,H,0,0.0,1.0,0.0,0.0,0.0,true,converged-pure (budget_exhausted; support solve pruned_to_pure),S3_mass_near_0_v0.1,0.025,120,budget_exhausted,0.002687510932853877,0.0,0.0,true,1.0625181290357943e-19,"H mixes over the correctly signed mesh {0, m, ..., 1} at spacing 0.025; L plays a pure order -v with v in [0, 1] (OA.60 restriction, residual monotonicity checked)",converged-pure
1.2,mixed_mesh_0.025,L,0,-7.52316384526264e-38,1.0,n/a,0.0,n/a,true,converged-pure (budget_exhausted; support solve pruned_to_pure),S3_mass_near_0_v0.1,0.025,120,budget_exhausted,0.002687510932853877,1.504632769052528e-37,0.0,true,1.0625181290357943e-19,"H mixes over the correctly signed mesh {0, m, ..., 1} at spacing 0.025; L plays a pure order -v with v in [0, 1] (OA.60 restriction, residual monotonicity checked)",converged-pure
1.2,mixed_mesh_0.05,H,0,0.0,1.0,0.0,0.0,0.0,true,converged-pure (budget_exhausted; support solve pruned_to_pure),S1_uniform_v0.5,0.05,120,budget_exhausted,0.0026875040566260227,0.0,0.0,true,1.0625181290357943e-19,"H mixes over the correctly signed mesh {0, m, ..., 1} at spacing 0.05; L plays a pure order -v with v in [0, 1] (OA.60 restriction, residual monotonicity checked)",converged-pure
1.2,mixed_mesh_0.05,L,0,-3.76158192263132e-37,1.0,n/a,0.0,n/a,true,converged-pure (budget_exhausted; support solve pruned_to_pure),S1_uniform_v0.5,0.05,120,budget_exhausted,0.0026875040566260227,7.52316384526264e-37,0.0,true,1.0625181290357943e-19,"H mixes over the correctly signed mesh {0, m, ..., 1} at spacing 0.05; L plays a pure order -v with v in [0, 1] (OA.60 restriction, residual monotonicity checked)",converged-pure
1.2,mixed_mesh_0.05,H,0,0.0,1.0,0.0,0.0,0.0,true,converged-pure (stalled; support solve pruned_to_pure),S2_mass_near_1_v0.9,0.05,26,stalled,0.018015181496255497,0.0,0.0,true,1.0842021724855044e-19,"H mixes over the correctly signed mesh {0, m, ..., 1} at spacing 0.05; L plays a pure order -v with v in [0, 1] (OA.60 restriction, residual monotonicity checked)",converged-pure
1.2,mixed_mesh_0.05,L,0,-2.6822090148925782e-08,1.0,n/a,0.0,n/a,true,converged-pure (stalled; support solve pruned_to_pure),S2_mass_near_1_v0.9,0.05,26,stalled,0.018015181496255497,2.6822090148925782e-08,0.0,true,1.0842021724855044e-19,"H mixes over the correctly signed mesh {0, m, ..., 1} at spacing 0.05; L plays a pure order -v with v in [0, 1] (OA.60 restriction, residual monotonicity checked)",converged-pure
1.2,mixed_mesh_0.05,H,0,0.0,1.0,0.0,0.0,0.0,true,converged-pure (stalled; support solve pruned_to_pure),S3_mass_near_0_v0.1,0.05,111,stalled,0.002687502048206324,0.0,0.0,true,1.0625181290357943e-19,"H mixes over the correctly signed mesh {0, m, ..., 1} at spacing 0.05; L plays a pure order -v with v in [0, 1] (OA.60 restriction, residual monotonicity checked)",converged-pure
1.2,mixed_mesh_0.05,L,0,-7.703719777548944e-35,1.0,n/a,0.0,n/a,true,converged-pure (stalled; support solve pruned_to_pure),S3_mass_near_0_v0.1,0.05,111,stalled,0.002687502048206324,7.703719777548944e-35,0.0,true,1.0625181290357943e-19,"H mixes over the correctly signed mesh {0, m, ..., 1} at spacing 0.05; L plays a pure order -v with v in [0, 1] (OA.60 restriction, residual monotonicity checked)",converged-pure
1.51,mixed_mesh_0.025,H,0,0.0,1.0,0.0,0.0,0.0,true,converged-pure (stalled; support solve pruned_to_pure),S1_uniform_v0.5,0.025,34,stalled,0.009307519992628048,0.0,0.0,true,8.630249292984615e-19,"H mixes over the correctly signed mesh {0, m, ..., 1} at spacing 0.025; L plays a pure order -v with v in [0, 1] (OA.60 restriction, residual monotonicity checked)",converged-pure
1.51,mixed_mesh_0.025,L,0,-5.820766091346741e-11,1.0,n/a,0.0,n/a,true,converged-pure (stalled; support solve pruned_to_pure),S1_uniform_v0.5,0.025,34,stalled,0.009307519992628048,5.820766091346741e-11,0.0,true,8.630249292984615e-19,"H mixes over the correctly signed mesh {0, m, ..., 1} at spacing 0.025; L plays a pure order -v with v in [0, 1] (OA.60 restriction, residual monotonicity checked)",converged-pure
1.51,mixed_mesh_0.025,H,0,0.0,1.0,0.0,0.0,0.0,true,converged-pure (stalled; support solve pruned_to_pure),S2_mass_near_1_v0.9,0.025,31,stalled,0.009794532167109132,0.0,0.0,true,8.586881206085195e-19,"H mixes over the correctly signed mesh {0, m, ..., 1} at spacing 0.025; L plays a pure order -v with v in [0, 1] (OA.60 restriction, residual monotonicity checked)",converged-pure
1.51,mixed_mesh_0.025,L,0,-5.461363869295981e-08,1.0,n/a,0.0,n/a,true,converged-pure (stalled; support solve pruned_to_pure),S2_mass_near_1_v0.9,0.025,31,stalled,0.009794532167109132,5.461363869295981e-08,0.0,true,8.586881206085195e-19,"H mixes over the correctly signed mesh {0, m, ..., 1} at spacing 0.025; L plays a pure order -v with v in [0, 1] (OA.60 restriction, residual monotonicity checked)",converged-pure
1.51,mixed_mesh_0.025,H,0,0.0,1.0,0.0,0.0,0.0,true,converged-pure (budget_exhausted; support solve pruned_to_pure),S3_mass_near_0_v0.1,0.025,120,budget_exhausted,0.0020781164116407394,0.0,0.0,true,8.456776945386935e-19,"H mixes over the correctly signed mesh {0, m, ..., 1} at spacing 0.025; L plays a pure order -v with v in [0, 1] (OA.60 restriction, residual monotonicity checked)",converged-pure
1.51,mixed_mesh_0.025,L,0,-7.52316384526264e-38,1.0,n/a,0.0,n/a,true,converged-pure (budget_exhausted; support solve pruned_to_pure),S3_mass_near_0_v0.1,0.025,120,budget_exhausted,0.0020781164116407394,1.504632769052528e-37,0.0,true,8.456776945386935e-19,"H mixes over the correctly signed mesh {0, m, ..., 1} at spacing 0.025; L plays a pure order -v with v in [0, 1] (OA.60 restriction, residual monotonicity checked)",converged-pure
1.51,mixed_mesh_0.05,H,0,0.0,1.0,0.0,0.0,0.0,true,converged-pure (stalled; support solve pruned_to_pure),S1_uniform_v0.5,0.05,35,stalled,0.009294503093584245,0.0,0.0,true,8.673617379884035e-19,"H mixes over the correctly signed mesh {0, m, ..., 1} at spacing 0.05; L plays a pure order -v with v in [0, 1] (OA.60 restriction, residual monotonicity checked)",converged-pure
1.51,mixed_mesh_0.05,L,0,-2.9103830456733704e-11,1.0,n/a,0.0,n/a,true,converged-pure (stalled; support solve pruned_to_pure),S1_uniform_v0.5,0.05,35,stalled,0.009294503093584245,2.9103830456733704e-11,0.0,true,8.673617379884035e-19,"H mixes over the correctly signed mesh {0, m, ..., 1} at spacing 0.05; L plays a pure order -v with v in [0, 1] (OA.60 restriction, residual monotonicity checked)",converged-pure
1.51,mixed_mesh_0.05,H,0,0.0,1.0,0.0,0.0,0.0,true,converged-pure (stalled; support solve pruned_to_pure),S2_mass_near_1_v0.9,0.05,32,stalled,0.00979528882983707,0.0,0.0,true,8.543513119185776e-19,"H mixes over the correctly signed mesh {0, m, ..., 1} at spacing 0.05; L plays a pure order -v with v in [0, 1] (OA.60 restriction, residual monotonicity checked)",converged-pure
1.51,mixed_mesh_0.05,L,0,-5.209143465284658e-08,1.0,n/a,0.0,n/a,true,converged-pure (stalled; support solve pruned_to_pure),S2_mass_near_1_v0.9,0.05,32,stalled,0.00979528882983707,5.209143465284658e-08,0.0,true,8.543513119185776e-19,"H mixes over the correctly signed mesh {0, m, ..., 1} at spacing 0.05; L plays a pure order -v with v in [0, 1] (OA.60 restriction, residual monotonicity checked)",converged-pure
1.51,mixed_mesh_0.05,H,0,0.0,1.0,0.0,0.0,0.0,true,converged-pure (stalled; support solve pruned_to_pure),S3_mass_near_0_v0.1,0.05,117,stalled,0.0023087474872608748,0.0,0.0,true,8.456776945386935e-19,"H mixes over the correctly signed mesh {0, m, ..., 1} at spacing 0.05; L plays a pure order -v with v in [0, 1] (OA.60 restriction, residual monotonicity checked)",converged-pure
1.51,mixed_mesh_0.05,L,0,-1.2037062152420225e-36,1.0,n/a,0.0,n/a,true,converged-pure (stalled; support solve pruned_to_pure),S3_mass_near_0_v0.1,0.05,117,stalled,0.0023087474872608748,1.2037062152420225e-36,0.0,true,8.456776945386935e-19,"H mixes over the correctly signed mesh {0, m, ..., 1} at spacing 0.05; L plays a pure order -v with v in [0, 1] (OA.60 restriction, residual monotonicity checked)",converged-pure
1.55,mixed_mesh_0.025,H,0,0.0,1.0,0.0,0.0,0.0,true,converged-pure (stalled; support solve pruned_to_pure),S1_uniform_v0.5,0.025,39,stalled,0.00788782925605704,0.0,0.0,true,1.242495689668388e-18,"H mixes over the correctly signed mesh {0, m, ..., 1} at spacing 0.025; L plays a pure order -v with v in [0, 1] (OA.60 restriction, residual monotonicity checked)",converged-pure
1.55,mixed_mesh_0.025,L,0,-1.8189894035458565e-12,1.0,n/a,0.0,n/a,true,converged-pure (stalled; support solve pruned_to_pure),S1_uniform_v0.5,0.025,39,stalled,0.00788782925605704,1.8189894035458565e-12,0.0,true,1.242495689668388e-18,"H mixes over the correctly signed mesh {0, m, ..., 1} at spacing 0.025; L plays a pure order -v with v in [0, 1] (OA.60 restriction, residual monotonicity checked)",converged-pure
1.55,mixed_mesh_0.025,H,0,1.0,1.0,0.003607846468585984,0.0,0.0,true,converged-pure (budget_exhausted; support solve pruned_to_pure),S2_mass_near_1_v0.9,0.025,120,budget_exhausted,0.0019674985520793317,0.0,0.0,true,1.734723475976807e-18,"H mixes over the correctly signed mesh {0, m, ..., 1} at spacing 0.025; L plays a pure order -v with v in [0, 1] (OA.60 restriction, residual monotonicity checked)",converged-pure
1.55,mixed_mesh_0.025,L,0,-0.46031628748396625,1.0,n/a,0.0,n/a,true,converged-pure (budget_exhausted; support solve pruned_to_pure),S2_mass_near_1_v0.9,0.025,120,budget_exhausted,0.0019674985520793317,4.3675184343172635e-05,0.0,true,1.734723475976807e-18,"H mixes over the correctly signed mesh {0, m, ..., 1} at spacing 0.025; L plays a pure order -v with v in [0, 1] (OA.60 restriction, residual monotonicity checked)",converged-pure
1.55,mixed_mesh_0.025,H,0,0.0,1.0,0.0,0.0,0.0,true,converged-pure (budget_exhausted; support solve pruned_to_pure),S3_mass_near_0_v0.1,0.025,120,budget_exhausted,0.0021465088099678,0.0,0.0,true,8.673617379884035e-19,"H mixes over the correctly signed mesh {0, m, ..., 1} at spacing 0.025; L plays a pure order -v with v in [0, 1] (OA.60 restriction, residual monotonicity checked)",converged-pure
1.55,mixed_mesh_0.025,L,0,-7.52316384526264e-38,1.0,n/a,0.0,n/a,true,converged-pure (budget_exhausted; support solve pruned_to_pure),S3_mass_near_0_v0.1,0.025,120,budget_exhausted,0.0021465088099678,1.504632769052528e-37,0.0,true,8.673617379884035e-19,"H mixes over the correctly signed mesh {0, m, ..., 1} at spacing 0.025; L plays a pure order -v with v in [0, 1] (OA.60 restriction, residual monotonicity checked)",converged-pure
1.55,mixed_mesh_0.05,H,0,0.0,1.0,0.0,0.0,0.0,true,converged-pure (stalled; support solve pruned_to_pure),S1_uniform_v0.5,0.05,39,stalled,0.007875792999099726,0.0,0.0,true,1.242495689668388e-18,"H mixes over the correctly signed mesh {0, m, ..., 1} at spacing 0.05; L plays a pure order -v with v in [0, 1] (OA.60 restriction, residual monotonicity checked)",converged-pure
1.55,mixed_mesh_0.05,L,0,-1.8189894035458565e-12,1.0,n/a,0.0,n/a,true,converged-pure (stalled; support solve pruned_to_pure),S1_uniform_v0.5,0.05,39,stalled,0.007875792999099726,1.8189894035458565e-12,0.0,true,1.242495689668388e-18,"H mixes over the correctly signed mesh {0, m, ..., 1} at spacing 0.05; L plays a pure order -v with v in [0, 1] (OA.60 restriction, residual monotonicity checked)",converged-pure
1.55,mixed_mesh_0.05,H,0,1.0,1.0,0.0036078464433265574,0.0,0.0,true,converged-pure (budget_exhausted; support solve pruned_to_pure),S2_mass_near_1_v0.9,0.05,120,budget_exhausted,0.001955784002800061,0.0,0.0,true,2.1857515797307773e-18,"H mixes over the correctly signed mesh {0, m, ..., 1} at spacing 0.05; L plays a pure order -v with v in [0, 1] (OA.60 restriction, residual monotonicity checked)",converged-pure
1.55,mixed_mesh_0.05,L,0,-0.4603162969166387,1.0,n/a,0.0,n/a,true,converged-pure (budget_exhausted; support solve pruned_to_pure),S2_mass_near_1_v0.9,0.05,120,budget_exhausted,0.001955784002800061,2.819045477464588e-05,0.0,true,2.1857515797307773e-18,"H mixes over the correctly signed mesh {0, m, ..., 1} at spacing 0.05; L plays a pure order -v with v in [0, 1] (OA.60 restriction, residual monotonicity checked)",converged-pure
1.55,mixed_mesh_0.05,H,0,0.0,1.0,0.0,0.0,0.0,true,converged-pure (budget_exhausted; support solve pruned_to_pure),S3_mass_near_0_v0.1,0.05,120,budget_exhausted,0.001950879224196519,0.0,0.0,true,8.673617379884035e-19,"H mixes over the correctly signed mesh {0, m, ..., 1} at spacing 0.05; L plays a pure order -v with v in [0, 1] (OA.60 restriction, residual monotonicity checked)",converged-pure
1.55,mixed_mesh_0.05,L,0,-7.52316384526264e-38,1.0,n/a,0.0,n/a,true,converged-pure (budget_exhausted; support solve pruned_to_pure),S3_mass_near_0_v0.1,0.05,120,budget_exhausted,0.001950879224196519,1.504632769052528e-37,0.0,true,8.673617379884035e-19,"H mixes over the correctly signed mesh {0, m, ..., 1} at spacing 0.05; L plays a pure order -v with v in [0, 1] (OA.60 restriction, residual monotonicity checked)",converged-pure
1.6,mixed_mesh_0.025,H,0,0.0,1.0,0.0,0.0,0.0,true,converged-pure (stalled; support solve pruned_to_pure),S1_uniform_v0.5,0.025,48,stalled,0.0060423608714385,0.0,0.0,true,1.1579279202145187e-18,"H mixes over the correctly signed mesh {0, m, ..., 1} at spacing 0.025; L plays a pure order -v with v in [0, 1] (OA.60 restriction, residual monotonicity checked)",converged-pure
1.6,mixed_mesh_0.025,L,0,-3.552713678800501e-15,1.0,n/a,0.0,n/a,true,converged-pure (stalled; support solve pruned_to_pure),S1_uniform_v0.5,0.025,48,stalled,0.0060423608714385,3.552713678800501e-15,0.0,true,1.1579279202145187e-18,"H mixes over the correctly signed mesh {0, m, ..., 1} at spacing 0.025; L plays a pure order -v with v in [0, 1] (OA.60 restriction, residual monotonicity checked)",converged-pure
1.6,mixed_mesh_0.025,H,0,1.0,1.0,0.006349633758455025,0.0,0.0,true,converged-pure (budget_exhausted; support solve pruned_to_pure),S2_mass_near_1_v0.9,0.025,120,budget_exhausted,0.002114988303946753,0.0,0.0,true,3.874917290742024e-18,"H mixes over the correctly signed mesh {0, m, ..., 1} at spacing 0.025; L plays a pure order -v with v in [0, 1] (OA.60 restriction, residual monotonicity checked)",converged-pure
1.6,mixed_mesh_0.025,L,0,-0.707475473069382,1.0,n/a,0.0,n/a,true,converged-pure (budget_exhausted; support solve pruned_to_pure),S2_mass_near_1_v0.9,0.025,120,budget_exhausted,0.002114988303946753,3.885428548833225e-05,0.0,true,3.874917290742024e-18,"H mixes over the correctly signed mesh {0, m, ..., 1} at spacing 0.025; L plays a pure order -v with v in [0, 1] (OA.60 restriction, residual monotonicity checked)",converged-pure
1.6,mixed_mesh_0.025,H,0,0.0,1.0,0.0,0.0,0.0,true,converged-pure (budget_exhausted; support solve pruned_to_pure),S3_mass_near_0_v0.1,0.025,120,budget_exhausted,0.0019315026174468305,0.0,0.0,true,8.673617379884035e-19,"H mixes over the correctly signed mesh {0, m, ..., 1} at spacing 0.025; L plays a pure order -v with v in [0, 1] (OA.60 restriction, residual monotonicity checked)",converged-pure
1.6,mixed_mesh_0.025,L,0,-7.52316384526264e-38,1.0,n/a,0.0,n/a,true,converged-pure (budget_exhausted; support solve pruned_to_pure),S3_mass_near_0_v0.1,0.025,120,budget_exhausted,0.0019315026174468305,1.504632769052528e-37,0.0,true,8.673617379884035e-19,"H mixes over the correctly signed mesh {0, m, ..., 1} at spacing 0.025; L plays a pure order -v with v in [0, 1] (OA.60 restriction, residual monotonicity checked)",converged-pure
1.6,mixed_mesh_0.05,H,0,0.0,1.0,0.0,0.0,0.0,true,converged-pure (stalled; support solve pruned_to_pure),S1_uniform_v0.5,0.05,48,stalled,0.006028479226409448,0.0,0.0,true,1.1579279202145187e-18,"H mixes over the correctly signed mesh {0, m, ..., 1} at spacing 0.05; L plays a pure order -v with v in [0, 1] (OA.60 restriction, residual monotonicity checked)",converged-pure
1.6,mixed_mesh_0.05,L,0,-3.552713678800501e-15,1.0,n/a,0.0,n/a,true,converged-pure (stalled; support solve pruned_to_pure),S1_uniform_v0.5,0.05,48,stalled,0.006028479226409448,3.552713678800501e-15,0.0,true,1.1579279202145187e-18,"H mixes over the correctly signed mesh {0, m, ..., 1} at spacing 0.05; L plays a pure order -v with v in [0, 1] (OA.60 restriction, residual monotonicity checked)",converged-pure
1.6,mixed_mesh_0.05,H,0,1.0,1.0,0.006349633711670941,0.0,0.0,true,converged-pure (budget_exhausted; support solve pruned_to_pure),S2_mass_near_1_v0.9,0.05,120,budget_exhausted,0.0018886448812273846,0.0,0.0,true,3.3653635433950057e-18,"H mixes over the correctly signed mesh {0, m, ..., 1} at spacing 0.05; L plays a pure order -v with v in [0, 1] (OA.60 restriction, residual monotonicity checked)",converged-pure
1.6,mixed_mesh_0.05,L,0,-0.707475486623026,1.0,n/a,0.0,n/a,true,converged-pure (budget_exhausted; support solve pruned_to_pure),S2_mass_near_1_v0.9,0.05,120,budget_exhausted,0.0018886448812273846,2.1115294537299434e-05,0.0,true,3.3653635433950057e-18,"H mixes over the correctly signed mesh {0, m, ..., 1} at spacing 0.05; L plays a pure order -v with v in [0, 1] (OA.60 restriction, residual monotonicity checked)",converged-pure
1.6,mixed_mesh_0.05,H,0,0.0,1.0,0.0,0.0,0.0,true,converged-pure (budget_exhausted; support solve pruned_to_pure),S3_mass_near_0_v0.1,0.05,120,budget_exhausted,0.0017819750665118523,0.0,0.0,true,8.673617379884035e-19,"H mixes over the correctly signed mesh {0, m, ..., 1} at spacing 0.05; L plays a pure order -v with v in [0, 1] (OA.60 restriction, residual monotonicity checked)",converged-pure
1.6,mixed_mesh_0.05,L,0,-7.52316384526264e-38,1.0,n/a,0.0,n/a,true,converged-pure (budget_exhausted; support solve pruned_to_pure),S3_mass_near_0_v0.1,0.05,120,budget_exhausted,0.0017819750665118523,1.504632769052528e-37,0.0,true,8.673617379884035e-19,"H mixes over the correctly signed mesh {0, m, ..., 1} at spacing 0.05; L plays a pure order -v with v in [0, 1] (OA.60 restriction, residual monotonicity checked)",converged-pure
1.65,mixed_mesh_0.025,H,0,0.0,1.0,0.0,0.0,0.0,true,converged-pure (stalled; support solve pruned_to_pure),S1_uniform_v0.5,0.025,65,stalled,0.004126170474625934,0.0,0.0,true,8.673617379884035e-19,"H mixes over the correctly signed mesh {0, m, ..., 1} at spacing 0.025; L plays a pure order -v with v in [0, 1] (OA.60 restriction, residual monotonicity checked)",converged-pure
1.65,mixed_mesh_0.025,L,0,-2.710505431213761e-20,1.0,n/a,0.0,n/a,true,converged-pure (stalled; support solve pruned_to_pure),S1_uniform_v0.5,0.025,65,stalled,0.004126170474625934,2.710505431213761e-20,0.0,true,8.673617379884035e-19,"H mixes over the correctly signed mesh {0, m, ..., 1} at spacing 0.025; L plays a pure order -v with v in [0, 1] (OA.60 restriction, residual monotonicity checked)",converged-pure
1.65,mixed_mesh_0.025,H,0,1.0,1.0,0.009130197967326944,0.0,0.0,true,converged-pure (budget_exhausted; support solve pruned_to_pure),S2_mass_near_1_v0.9,0.025,120,budget_exhausted,0.0023883829867920384,0.0,0.0,true,3.486794186713382e-18,"H mixes over the correctly signed mesh {0, m, ..., 1} at spacing 0.025; L plays a pure order -v with v in [0, 1] (OA.60 restriction, residual monotonicity checked)",converged-pure
1.65,mixed_mesh_0.025,L,0,-0.9033320884143943,1.0,n/a,0.0,n/a,true,converged-pure (budget_exhausted; support solve pruned_to_pure),S2_mass_near_1_v0.9,0.025,120,budget_exhausted,0.0023883829867920384,3.250078295413683e-05,0.0,true,3.486794186713382e-18,"H mixes over the correctly signed mesh {0, m, ..., 1} at spacing 0.025; L plays a pure order -v with v in [0, 1] (OA.60 restriction, residual monotonicity checked)",converged-pure
1.65,mixed_mesh_0.025,H,0,0.0,1.0,0.0,0.0,0.0,true,converged-pure (budget_exhausted; support solve pruned_to_pure),S3_mass_near_0_v0.1,0.025,120,budget_exhausted,0.0016028333799005864,0.0,0.0,true,8.673617379884035e-19,"H mixes over the correctly signed mesh {0, m, ..., 1} at spacing 0.025; L plays a pure order -v with v in [0, 1] (OA.60 restriction, residual monotonicity checked)",converged-pure
1.65,mixed_mesh_0.025,L,0,-7.52316384526264e-38,1.0,n/a,0.0,n/a,true,converged-pure (budget_exhausted; support solve pruned_to_pure),S3_mass_near_0_v0.1,0.025,120,budget_exhausted,0.0016028333799005864,1.504632769052528e-37,0.0,true,8.673617379884035e-19,"H mixes over the correctly signed mesh {0, m, ..., 1} at spacing 0.025; L plays a pure order -v with v in [0, 1] (OA.60 restriction, residual monotonicity checked)",converged-pure
1.65,mixed_mesh_0.05,H,0,0.0,1.0,0.0,0.0,0.0,true,converged-pure (stalled; support solve pruned_to_pure),S1_uniform_v0.5,0.05,65,stalled,0.004110447379581401,0.0,0.0,true,8.673617379884035e-19,"H mixes over the correctly signed mesh {0, m, ..., 1} at spacing 0.05; L plays a pure order -v with v in [0, 1] (OA.60 restriction, residual monotonicity checked)",converged-pure
1.65,mixed_mesh_0.05,L,0,-2.710505431213761e-20,1.0,n/a,0.0,n/a,true,converged-pure (stalled; support solve pruned_to_pure),S1_uniform_v0.5,0.05,65,stalled,0.004110447379581401,2.710505431213761e-20,0.0,true,8.673617379884035e-19,"H mixes over the correctly signed mesh {0, m, ..., 1} at spacing 0.05; L plays a pure order -v with v in [0, 1] (OA.60 restriction, residual monotonicity checked)",converged-pure
1.65,mixed_mesh_0.05,H,0,1.0,1.0,0.009130198042247583,0.0,0.0,true,converged-pure (budget_exhausted; support solve pruned_to_pure),S2_mass_near_1_v0.9,0.05,120,budget_exhausted,0.002384093775464932,0.0,0.0,true,4.9468520169792485e-18,"H mixes over the correctly signed mesh {0, m, ..., 1} at spacing 0.05; L plays a pure order -v with v in [0, 1] (OA.60 restriction, residual monotonicity checked)",converged-pure
1.65,mixed_mesh_0.05,L,0,-0.9033320704831304,1.0,n/a,0.0,n/a,true,converged-pure (budget_exhausted; support solve pruned_to_pure),S2_mass_near_1_v0.9,0.05,120,budget_exhausted,0.002384093775464932,1.436638724350292e-05,0.0,true,4.9468520169792485e-18,"H mixes over the correctly signed mesh {0, m, ..., 1} at spacing 0.05; L plays a pure order -v with v in [0, 1] (OA.60 restriction, residual monotonicity checked)",converged-pure
1.65,mixed_mesh_0.05,H,0,0.0,1.0,0.0,0.0,0.0,true,converged-pure (budget_exhausted; support solve pruned_to_pure),S3_mass_near_0_v0.1,0.05,120,budget_exhausted,0.001600894182196607,0.0,0.0,true,8.673617379884035e-19,"H mixes over the correctly signed mesh {0, m, ..., 1} at spacing 0.05; L plays a pure order -v with v in [0, 1] (OA.60 restriction, residual monotonicity checked)",converged-pure
1.65,mixed_mesh_0.05,L,0,-7.52316384526264e-38,1.0,n/a,0.0,n/a,true,converged-pure (budget_exhausted; support solve pruned_to_pure),S3_mass_near_0_v0.1,0.05,120,budget_exhausted,0.001600894182196607,1.504632769052528e-37,0.0,true,8.673617379884035e-19,"H mixes over the correctly signed mesh {0, m, ..., 1} at spacing 0.05; L plays a pure order -v with v in [0, 1] (OA.60 restriction, residual monotonicity checked)",converged-pure
1.8,mixed_mesh_0.025,H,0,0.5,1.0,0.0005327562057356825,0.0,0.0,true,converged-pure (budget_exhausted; support solve pruned_to_pure),S1_uniform_v0.5,0.025,120,budget_exhausted,0.0005311778175935093,0.0,0.0,true,2.5500435096859064e-18,"H mixes over the correctly signed mesh {0, m, ..., 1} at spacing 0.025; L plays a pure order -v with v in [0, 1] (OA.60 restriction, residual monotonicity checked)",converged-pure
1.8,mixed_mesh_0.025,L,0,-0.49826685528251513,1.0,n/a,0.0,n/a,true,converged-pure (budget_exhausted; support solve pruned_to_pure),S1_uniform_v0.5,0.025,120,budget_exhausted,0.0005311778175935093,6.0940168052470156e-05,0.0,true,2.5500435096859064e-18,"H mixes over the correctly signed mesh {0, m, ..., 1} at spacing 0.025; L plays a pure order -v with v in [0, 1] (OA.60 restriction, residual monotonicity checked)",converged-pure
1.8,mixed_mesh_0.025,H,0,1.0,1.0,0.019633658372657365,0.0,0.0,true,converged-pure (budget_exhausted; support solve pruned_to_pure),S2_mass_near_1_v0.9,0.025,120,budget_exhausted,0.002343284819551924,0.0,0.0,true,9.211381657436847e-18,"H mixes over the correctly signed mesh {0, m, ..., 1} at spacing 0.025; L plays a pure order -v with v in [0, 1] (OA.60 restriction, residual monotonicity checked)",converged-pure
1.8,mixed_mesh_0.025,L,0,-1.0,1.0,n/a,0.0,n/a,true,converged-pure (budget_exhausted; support solve pruned_to_pure),S2_mass_near_1_v0.9,0.025,120,budget_exhausted,0.002343284819551924,0.0,0.0,true,9.211381657436847e-18,"H mixes over the correctly signed mesh {0, m, ..., 1} at spacing 0.025; L plays a pure order -v with v in [0, 1] (OA.60 restriction, residual monotonicity checked)",converged-pure
1.8,mixed_mesh_0.025,H,0,0.35,1.0,0.00041783913264181564,0.0,3.189988332457684e-05,false,unresolved (budget_exhausted; support solve pruned_to_pure),S3_mass_near_0_v0.1,0.025,120,budget_exhausted,0.0003382660760141362,3.189988332457684e-05,0.0,true,n/a,"H mixes over the correctly signed mesh {0, m, ..., 1} at spacing 0.025; L plays a pure order -v with v in [0, 1] (OA.60 restriction, residual monotonicity checked)",unresolved
1.8,mixed_mesh_0.025,L,0,-0.5856534928172188,1.0,n/a,0.0,n/a,false,unresolved (budget_exhausted; support solve pruned_to_pure),S3_mass_near_0_v0.1,0.025,120,budget_exhausted,0.0003382660760141362,0.00022296723277748232,0.0,true,n/a,"H mixes over the correctly signed mesh {0, m, ..., 1} at spacing 0.025; L plays a pure order -v with v in [0, 1] (OA.60 restriction, residual monotonicity checked)",unresolved
1.8,mixed_mesh_0.05,H,0,0.5,1.0,0.000532756197907892,0.0,0.0,true,converged-pure (budget_exhausted; support solve pruned_to_pure),S1_uniform_v0.5,0.05,120,budget_exhausted,0.0005312679380990778,0.0,0.0,true,1.734723475976807e-18,"H mixes over the correctly signed mesh {0, m, ..., 1} at spacing 0.05; L plays a pure order -v with v in [0, 1] (OA.60 restriction, residual monotonicity checked)",converged-pure
1.8,mixed_mesh_0.05,L,0,-0.4982668627536658,1.0,n/a,0.0,n/a,true,converged-pure (budget_exhausted; support solve pruned_to_pure),S1_uniform_v0.5,0.05,120,budget_exhausted,0.0005312679380990778,6.14900747516467e-05,0.0,true,1.734723475976807e-18,"H mixes over the correctly signed mesh {0, m, ..., 1} at spacing 0.05; L plays a pure order -v with v in [0, 1] (OA.60 restriction, residual monotonicity checked)",converged-pure
1.8,mixed_mesh_0.05,H,0,1.0,1.0,0.019633658372657365,0.0,0.0,true,converged-pure (stalled; support solve pruned_to_pure),S2_mass_near_1_v0.9,0.05,92,stalled,0.003491186158599339,0.0,0.0,true,9.211381657436847e-18,"H mixes over the correctly signed mesh {0, m, ..., 1} at spacing 0.05; L plays a pure order -v with v in [0, 1] (OA.60 restriction, residual monotonicity checked)",converged-pure
1.8,mixed_mesh_0.05,L,0,-1.0,1.0,n/a,0.0,n/a,true,converged-pure (stalled; support solve pruned_to_pure),S2_mass_near_1_v0.9,0.05,92,stalled,0.003491186158599339,0.0,0.0,true,9.211381657436847e-18,"H mixes over the correctly signed mesh {0, m, ..., 1} at spacing 0.05; L plays a pure order -v with v in [0, 1] (OA.60 restriction, residual monotonicity checked)",converged-pure
1.8,mixed_mesh_0.05,H,0,0.35,1.0,0.00041783917059583144,0.0,3.178251034431558e-05,false,unresolved (budget_exhausted; support solve pruned_to_pure),S3_mass_near_0_v0.1,0.05,120,budget_exhausted,0.0003347629170840725,3.178251034431558e-05,0.0,true,n/a,"H mixes over the correctly signed mesh {0, m, ..., 1} at spacing 0.05; L plays a pure order -v with v in [0, 1] (OA.60 restriction, residual monotonicity checked)",unresolved
1.8,mixed_mesh_0.05,L,0,-0.5856534386602861,1.0,n/a,0.0,n/a,false,unresolved (budget_exhausted; support solve pruned_to_pure),S3_mass_near_0_v0.1,0.05,120,budget_exhausted,0.0003347629170840725,0.0002222282974466694,0.0,true,n/a,"H mixes over the correctly signed mesh {0, m, ..., 1} at spacing 0.05; L plays a pure order -v with v in [0, 1] (OA.60 restriction, residual monotonicity checked)",unresolved
2.5,mixed_mesh_0.025,H,0,1.0,1.0,0.07730387038859111,0.0,0.0,true,converged-pure (stalled; support solve pruned_to_pure),S1_uniform_v0.5,0.025,88,stalled,0.004436099734450222,0.0,0.0,true,2.2516710718178957e-17,"H mixes over the correctly signed mesh {0, m, ..., 1} at spacing 0.025; L plays a pure order -v with v in [0, 1] (OA.60 restriction, residual monotonicity checked)",converged-pure
2.5,mixed_mesh_0.025,L,0,-1.0,1.0,n/a,0.0,n/a,true,converged-pure (stalled; support solve pruned_to_pure),S1_uniform_v0.5,0.025,88,stalled,0.004436099734450222,0.0,0.0,true,2.2516710718178957e-17,"H mixes over the correctly signed mesh {0, m, ..., 1} at spacing 0.025; L plays a pure order -v with v in [0, 1] (OA.60 restriction, residual monotonicity checked)",converged-pure
2.5,mixed_mesh_0.025,H,0,1.0,1.0,0.07730387038859111,0.0,0.0,true,converged-pure (stalled; support solve pruned_to_pure),S2_mass_near_1_v0.9,0.025,81,stalled,0.004436100085968106,0.0,0.0,true,2.2516710718178957e-17,"H mixes over the correctly signed mesh {0, m, ..., 1} at spacing 0.025; L plays a pure order -v with v in [0, 1] (OA.60 restriction, residual monotonicity checked)",converged-pure
2.5,mixed_mesh_0.025,L,0,-1.0,1.0,n/a,0.0,n/a,true,converged-pure (stalled; support solve pruned_to_pure),S2_mass_near_1_v0.9,0.025,81,stalled,0.004436100085968106,0.0,0.0,true,2.2516710718178957e-17,"H mixes over the correctly signed mesh {0, m, ..., 1} at spacing 0.025; L plays a pure order -v with v in [0, 1] (OA.60 restriction, residual monotonicity checked)",converged-pure
2.5,mixed_mesh_0.025,H,0,1.0,1.0,0.07730387076824795,0.0,0.0,true,converged-pure (stalled; support solve pruned_to_pure),S3_mass_near_0_v0.1,0.025,26,stalled,0.05165602989094303,0.0,0.0,true,2.3488155678610328e-17,"H mixes over the correctly signed mesh {0, m, ..., 1} at spacing 0.025; L plays a pure order -v with v in [0, 1] (OA.60 restriction, residual monotonicity checked)",converged-pure
2.5,mixed_mesh_0.025,L,0,-0.9999999731779099,1.0,n/a,0.0,n/a,true,converged-pure (stalled; support solve pruned_to_pure),S3_mass_near_0_v0.1,0.025,26,stalled,0.05165602989094303,2.682209010451686e-08,0.0,true,2.3488155678610328e-17,"H mixes over the correctly signed mesh {0, m, ..., 1} at spacing 0.025; L plays a pure order -v with v in [0, 1] (OA.60 restriction, residual monotonicity checked)",converged-pure
2.5,mixed_mesh_0.05,H,0,1.0,1.0,0.07730387038859111,0.0,0.0,true,converged-pure (stalled; support solve pruned_to_pure),S1_uniform_v0.5,0.05,73,stalled,0.004436079492305303,0.0,0.0,true,2.2516710718178957e-17,"H mixes over the correctly signed mesh {0, m, ..., 1} at spacing 0.05; L plays a pure order -v with v in [0, 1] (OA.60 restriction, residual monotonicity checked)",converged-pure
2.5,mixed_mesh_0.05,L,0,-1.0,1.0,n/a,0.0,n/a,true,converged-pure (stalled; support solve pruned_to_pure),S1_uniform_v0.5,0.05,73,stalled,0.004436079492305303,0.0,0.0,true,2.2516710718178957e-17,"H mixes over the correctly signed mesh {0, m, ..., 1} at spacing 0.05; L plays a pure order -v with v in [0, 1] (OA.60 restriction, residual monotonicity checked)",converged-pure
2.5,mixed_mesh_0.05,H,0,1.0,1.0,0.07730387038859111,0.0,0.0,true,converged-pure (stalled; support solve pruned_to_pure),S2_mass_near_1_v0.9,0.05,66,stalled,0.004436079500809792,0.0,0.0,true,2.2516710718178957e-17,"H mixes over the correctly signed mesh {0, m, ..., 1} at spacing 0.05; L plays a pure order -v with v in [0, 1] (OA.60 restriction, residual monotonicity checked)",converged-pure
2.5,mixed_mesh_0.05,L,0,-1.0,1.0,n/a,0.0,n/a,true,converged-pure (stalled; support solve pruned_to_pure),S2_mass_near_1_v0.9,0.05,66,stalled,0.004436079500809792,0.0,0.0,true,2.2516710718178957e-17,"H mixes over the correctly signed mesh {0, m, ..., 1} at spacing 0.05; L plays a pure order -v with v in [0, 1] (OA.60 restriction, residual monotonicity checked)",converged-pure
2.5,mixed_mesh_0.05,H,0,1.0,1.0,0.07730387076824795,0.0,0.0,true,converged-pure (stalled; support solve pruned_to_pure),S3_mass_near_0_v0.1,0.05,26,stalled,0.05332011902027234,0.0,0.0,true,2.3488155678610328e-17,"H mixes over the correctly signed mesh {0, m, ..., 1} at spacing 0.05; L plays a pure order -v with v in [0, 1] (OA.60 restriction, residual monotonicity checked)",converged-pure
2.5,mixed_mesh_0.05,L,0,-0.9999999731779099,1.0,n/a,0.0,n/a,true,converged-pure (stalled; support solve pruned_to_pure),S3_mass_near_0_v0.1,0.05,26,stalled,0.05332011902027234,2.682209010451686e-08,0.0,true,2.3488155678610328e-17,"H mixes over the correctly signed mesh {0, m, ..., 1} at spacing 0.05; L plays a pure order -v with v in [0, 1] (OA.60 restriction, residual monotonicity checked)",converged-pure
3,mixed_mesh_0.025,H,0,1.0,1.0,0.12073122728303941,0.0,0.0,true,converged-pure (stalled; support solve pruned_to_pure),S1_uniform_v0.5,0.025,86,stalled,0.0034913013325827136,0.0,0.0,true,2.67841304690819e-17,"H mixes over the correctly signed mesh {0, m, ..., 1} at spacing 0.025; L plays a pure order -v with v in [0, 1] (OA.60 restriction, residual monotonicity checked)",converged-pure
3,mixed_mesh_0.025,L,0,-1.0,1.0,n/a,0.0,n/a,true,converged-pure (stalled; support solve pruned_to_pure),S1_uniform_v0.5,0.025,86,stalled,0.0034913013325827136,0.0,0.0,true,2.67841304690819e-17,"H mixes over the correctly signed mesh {0, m, ..., 1} at spacing 0.025; L plays a pure order -v with v in [0, 1] (OA.60 restriction, residual monotonicity checked)",converged-pure
3,mixed_mesh_0.025,H,0,1.0,1.0,0.12073122728303941,0.0,0.0,true,converged-pure (stalled; support solve pruned_to_pure),S2_mass_near_1_v0.9,0.025,81,stalled,0.003491301310289102,0.0,0.0,true,2.67841304690819e-17,"H mixes over the correctly signed mesh {0, m, ..., 1} at spacing 0.025; L plays a pure order -v with v in [0, 1] (OA.60 restriction, residual monotonicity checked)",converged-pure
3,mixed_mesh_0.025,L,0,-1.0,1.0,n/a,0.0,n/a,true,converged-pure (stalled; support solve pruned_to_pure),S2_mass_near_1_v0.9,0.025,81,stalled,0.003491301310289102,0.0,0.0,true,2.67841304690819e-17,"H mixes over the correctly signed mesh {0, m, ..., 1} at spacing 0.025; L plays a pure order -v with v in [0, 1] (OA.60 restriction, residual monotonicity checked)",converged-pure
3,mixed_mesh_0.025,H,0,1.0,1.0,0.12073122728303941,0.0,0.0,true,converged-pure (stalled; support solve pruned_to_pure),S3_mass_near_0_v0.1,0.025,96,stalled,0.0034913013119552416,0.0,0.0,true,2.67841304690819e-17,"H mixes over the correctly signed mesh {0, m, ..., 1} at spacing 0.025; L plays a pure order -v with v in [0, 1] (OA.60 restriction, residual monotonicity checked)",converged-pure
3,mixed_mesh_0.025,L,0,-1.0,1.0,n/a,0.0,n/a,true,converged-pure (stalled; support solve pruned_to_pure),S3_mass_near_0_v0.1,0.025,96,stalled,0.0034913013119552416,0.0,0.0,true,2.67841304690819e-17,"H mixes over the correctly signed mesh {0, m, ..., 1} at spacing 0.025; L plays a pure order -v with v in [0, 1] (OA.60 restriction, residual monotonicity checked)",converged-pure
3,mixed_mesh_0.05,H,0,1.0,1.0,0.12073122728303941,0.0,0.0,true,converged-pure (stalled; support solve pruned_to_pure),S1_uniform_v0.5,0.05,57,stalled,0.006964630631689311,0.0,0.0,true,2.67841304690819e-17,"H mixes over the correctly signed mesh {0, m, ..., 1} at spacing 0.05; L plays a pure order -v with v in [0, 1] (OA.60 restriction, residual monotonicity checked)",converged-pure
3,mixed_mesh_0.05,L,0,-1.0,1.0,n/a,0.0,n/a,true,converged-pure (stalled; support solve pruned_to_pure),S1_uniform_v0.5,0.05,57,stalled,0.006964630631689311,0.0,0.0,true,2.67841304690819e-17,"H mixes over the correctly signed mesh {0, m, ..., 1} at spacing 0.05; L plays a pure order -v with v in [0, 1] (OA.60 restriction, residual monotonicity checked)",converged-pure
3,mixed_mesh_0.05,H,0,1.0,1.0,0.12073122728303941,0.0,0.0,true,converged-pure (stalled; support solve pruned_to_pure),S2_mass_near_1_v0.9,0.05,52,stalled,0.006964630626238033,0.0,0.0,true,2.67841304690819e-17,"H mixes over the correctly signed mesh {0, m, ..., 1} at spacing 0.05; L plays a pure order -v with v in [0, 1] (OA.60 restriction, residual monotonicity checked)",converged-pure
3,mixed_mesh_0.05,L,0,-1.0,1.0,n/a,0.0,n/a,true,converged-pure (stalled; support solve pruned_to_pure),S2_mass_near_1_v0.9,0.05,52,stalled,0.006964630626238033,0.0,0.0,true,2.67841304690819e-17,"H mixes over the correctly signed mesh {0, m, ..., 1} at spacing 0.05; L plays a pure order -v with v in [0, 1] (OA.60 restriction, residual monotonicity checked)",converged-pure
3,mixed_mesh_0.05,H,0,1.0,1.0,0.12073122728303941,0.0,0.0,true,converged-pure (stalled; support solve pruned_to_pure),S3_mass_near_0_v0.1,0.05,67,stalled,0.0069646306266457625,0.0,0.0,true,2.67841304690819e-17,"H mixes over the correctly signed mesh {0, m, ..., 1} at spacing 0.05; L plays a pure order -v with v in [0, 1] (OA.60 restriction, residual monotonicity checked)",converged-pure
3,mixed_mesh_0.05,L,0,-1.0,1.0,n/a,0.0,n/a,true,converged-pure (stalled; support solve pruned_to_pure),S3_mass_near_0_v0.1,0.05,67,stalled,0.0069646306266457625,0.0,0.0,true,2.67841304690819e-17,"H mixes over the correctly signed mesh {0, m, ..., 1} at spacing 0.05; L plays a pure order -v with v in [0, 1] (OA.60 restriction, residual monotonicity checked)",converged-pure
3.592658518794662,mixed_mesh_0.025,H,0,1.0,1.0,0.17131868322177596,0.0,0.0,false,converged-pure (stalled; support solve pruned_to_pure),S1_uniform_v0.5,0.025,114,stalled,0.0030293640843420677,0.0,0.0,true,4.794775687599895e-17,"H mixes over the correctly signed mesh {0, m, ..., 1} at spacing 0.025; L plays a pure order -v with v in [0, 1] (OA.60 restriction, residual monotonicity checked)",converged-pure
3.592658518794662,mixed_mesh_0.025,L,0,-1.0,1.0,n/a,0.0,n/a,false,converged-pure (stalled; support solve pruned_to_pure),S1_uniform_v0.5,0.025,114,stalled,0.0030293640843420677,0.0,0.0,true,4.794775687599895e-17,"H mixes over the correctly signed mesh {0, m, ..., 1} at spacing 0.025; L plays a pure order -v with v in [0, 1] (OA.60 restriction, residual monotonicity checked)",converged-pure
3.592658518794662,mixed_mesh_0.025,H,0,1.0,1.0,0.17131868322177596,0.0,0.0,false,converged-pure (stalled; support solve pruned_to_pure),S2_mass_near_1_v0.9,0.025,106,stalled,0.0030293642561352585,0.0,0.0,true,4.794775687599895e-17,"H mixes over the correctly signed mesh {0, m, ..., 1} at spacing 0.025; L plays a pure order -v with v in [0, 1] (OA.60 restriction, residual monotonicity checked)",converged-pure
3.592658518794662,mixed_mesh_0.025,L,0,-1.0,1.0,n/a,0.0,n/a,false,converged-pure (stalled; support solve pruned_to_pure),S2_mass_near_1_v0.9,0.025,106,stalled,0.0030293642561352585,0.0,0.0,true,4.794775687599895e-17,"H mixes over the correctly signed mesh {0, m, ..., 1} at spacing 0.025; L plays a pure order -v with v in [0, 1] (OA.60 restriction, residual monotonicity checked)",converged-pure
3.592658518794662,mixed_mesh_0.025,H,0,1.0,1.0,0.17131868322177596,0.0,0.0,false,converged-pure (budget_exhausted; support solve pruned_to_pure),S3_mass_near_0_v0.1,0.025,120,budget_exhausted,0.0030293646727515278,0.0,0.0,true,4.794775687599895e-17,"H mixes over the correctly signed mesh {0, m, ..., 1} at spacing 0.025; L plays a pure order -v with v in [0, 1] (OA.60 restriction, residual monotonicity checked)",converged-pure
3.592658518794662,mixed_mesh_0.025,L,0,-1.0,1.0,n/a,0.0,n/a,false,converged-pure (budget_exhausted; support solve pruned_to_pure),S3_mass_near_0_v0.1,0.025,120,budget_exhausted,0.0030293646727515278,0.0,0.0,true,4.794775687599895e-17,"H mixes over the correctly signed mesh {0, m, ..., 1} at spacing 0.025; L plays a pure order -v with v in [0, 1] (OA.60 restriction, residual monotonicity checked)",converged-pure
3.592658518794662,mixed_mesh_0.05,H,0,1.0,1.0,0.17131868322177596,0.0,0.0,false,converged-pure (stalled; support solve pruned_to_pure),S1_uniform_v0.5,0.05,92,stalled,0.003029350949407511,0.0,0.0,true,4.794775687599895e-17,"H mixes over the correctly signed mesh {0, m, ..., 1} at spacing 0.05; L plays a pure order -v with v in [0, 1] (OA.60 restriction, residual monotonicity checked)",converged-pure
3.592658518794662,mixed_mesh_0.05,L,0,-1.0,1.0,n/a,0.0,n/a,false,converged-pure (stalled; support solve pruned_to_pure),S1_uniform_v0.5,0.05,92,stalled,0.003029350949407511,0.0,0.0,true,4.794775687599895e-17,"H mixes over the correctly signed mesh {0, m, ..., 1} at spacing 0.05; L plays a pure order -v with v in [0, 1] (OA.60 restriction, residual monotonicity checked)",converged-pure
3.592658518794662,mixed_mesh_0.05,H,0,1.0,1.0,0.17131868322177596,0.0,0.0,false,converged-pure (stalled; support solve pruned_to_pure),S2_mass_near_1_v0.9,0.05,84,stalled,0.0030293509604260027,0.0,0.0,true,4.794775687599895e-17,"H mixes over the correctly signed mesh {0, m, ..., 1} at spacing 0.05; L plays a pure order -v with v in [0, 1] (OA.60 restriction, residual monotonicity checked)",converged-pure
3.592658518794662,mixed_mesh_0.05,L,0,-1.0,1.0,n/a,0.0,n/a,false,converged-pure (stalled; support solve pruned_to_pure),S2_mass_near_1_v0.9,0.05,84,stalled,0.0030293509604260027,0.0,0.0,true,4.794775687599895e-17,"H mixes over the correctly signed mesh {0, m, ..., 1} at spacing 0.05; L plays a pure order -v with v in [0, 1] (OA.60 restriction, residual monotonicity checked)",converged-pure
3.592658518794662,mixed_mesh_0.05,H,0,1.0,1.0,0.17131868322177596,0.0,0.0,false,converged-pure (stalled; support solve pruned_to_pure),S3_mass_near_0_v0.1,0.05,98,stalled,0.003029350982212353,0.0,0.0,true,4.794775687599895e-17,"H mixes over the correctly signed mesh {0, m, ..., 1} at spacing 0.05; L plays a pure order -v with v in [0, 1] (OA.60 restriction, residual monotonicity checked)",converged-pure
3.592658518794662,mixed_mesh_0.05,L,0,-1.0,1.0,n/a,0.0,n/a,false,converged-pure (stalled; support solve pruned_to_pure),S3_mass_near_0_v0.1,0.05,98,stalled,0.003029350982212353,0.0,0.0,true,4.794775687599895e-17,"H mixes over the correctly signed mesh {0, m, ..., 1} at spacing 0.05; L plays a pure order -v with v in [0, 1] (OA.60 restriction, residual monotonicity checked)",converged-pure
3.6,mixed_mesh_0.025,H,0,1.0,1.0,0.07732154830075973,0.0,0.0,true,converged-pure (stalled; support solve pruned_to_pure),S1_uniform_v0.5,0.025,114,stalled,0.003043951702421499,0.0,0.0,true,5.488665077990618e-17,"H mixes over the correctly signed mesh {0, m, ..., 1} at spacing 0.025; L plays a pure order -v with v in [0, 1] (OA.60 restriction, residual monotonicity checked)",converged-pure
3.6,mixed_mesh_0.025,L,0,-1.0,1.0,n/a,0.0,n/a,true,converged-pure (stalled; support solve pruned_to_pure),S1_uniform_v0.5,0.025,114,stalled,0.003043951702421499,0.0,0.0,true,5.488665077990618e-17,"H mixes over the correctly signed mesh {0, m, ..., 1} at spacing 0.025; L plays a pure order -v with v in [0, 1] (OA.60 restriction, residual monotonicity checked)",converged-pure
3.6,mixed_mesh_0.025,H,0,1.0,1.0,0.07732154830075973,0.0,0.0,true,converged-pure (stalled; support solve pruned_to_pure),S2_mass_near_1_v0.9,0.025,106,stalled,0.003043951901008854,0.0,0.0,true,5.488665077990618e-17,"H mixes over the correctly signed mesh {0, m, ..., 1} at spacing 0.025; L plays a pure order -v with v in [0, 1] (OA.60 restriction, residual monotonicity checked)",converged-pure
3.6,mixed_mesh_0.025,L,0,-1.0,1.0,n/a,0.0,n/a,true,converged-pure (stalled; support solve pruned_to_pure),S2_mass_near_1_v0.9,0.025,106,stalled,0.003043951901008854,0.0,0.0,true,5.488665077990618e-17,"H mixes over the correctly signed mesh {0, m, ..., 1} at spacing 0.025; L plays a pure order -v with v in [0, 1] (OA.60 restriction, residual monotonicity checked)",converged-pure
3.6,mixed_mesh_0.025,H,0,1.0,1.0,0.07732154830075973,0.0,0.0,true,converged-pure (stalled; support solve pruned_to_pure),S3_mass_near_0_v0.1,0.025,120,stalled,0.0030439522499536714,0.0,0.0,true,5.488665077990618e-17,"H mixes over the correctly signed mesh {0, m, ..., 1} at spacing 0.025; L plays a pure order -v with v in [0, 1] (OA.60 restriction, residual monotonicity checked)",converged-pure
3.6,mixed_mesh_0.025,L,0,-1.0,1.0,n/a,0.0,n/a,true,converged-pure (stalled; support solve pruned_to_pure),S3_mass_near_0_v0.1,0.025,120,stalled,0.0030439522499536714,0.0,0.0,true,5.488665077990618e-17,"H mixes over the correctly signed mesh {0, m, ..., 1} at spacing 0.025; L plays a pure order -v with v in [0, 1] (OA.60 restriction, residual monotonicity checked)",converged-pure
3.6,mixed_mesh_0.05,H,0,1.0,1.0,0.07732154830075973,0.0,0.0,true,converged-pure (stalled; support solve pruned_to_pure),S1_uniform_v0.5,0.05,91,stalled,0.0030439389869787586,0.0,0.0,true,5.488665077990618e-17,"H mixes over the correctly signed mesh {0, m, ..., 1} at spacing 0.05; L plays a pure order -v with v in [0, 1] (OA.60 restriction, residual monotonicity checked)",converged-pure
3.6,mixed_mesh_0.05,L,0,-1.0,1.0,n/a,0.0,n/a,true,converged-pure (stalled; support solve pruned_to_pure),S1_uniform_v0.5,0.05,91,stalled,0.0030439389869787586,0.0,0.0,true,5.488665077990618e-17,"H mixes over the correctly signed mesh {0, m, ..., 1} at spacing 0.05; L plays a pure order -v with v in [0, 1] (OA.60 restriction, residual monotonicity checked)",converged-pure
3.6,mixed_mesh_0.05,H,0,1.0,1.0,0.07732154830075973,0.0,0.0,true,converged-pure (stalled; support solve pruned_to_pure),S2_mass_near_1_v0.9,0.05,84,stalled,0.003043938951790018,0.0,0.0,true,5.488665077990618e-17,"H mixes over the correctly signed mesh {0, m, ..., 1} at spacing 0.05; L plays a pure order -v with v in [0, 1] (OA.60 restriction, residual monotonicity checked)",converged-pure
3.6,mixed_mesh_0.05,L,0,-1.0,1.0,n/a,0.0,n/a,true,converged-pure (stalled; support solve pruned_to_pure),S2_mass_near_1_v0.9,0.05,84,stalled,0.003043938951790018,0.0,0.0,true,5.488665077990618e-17,"H mixes over the correctly signed mesh {0, m, ..., 1} at spacing 0.05; L plays a pure order -v with v in [0, 1] (OA.60 restriction, residual monotonicity checked)",converged-pure
3.6,mixed_mesh_0.05,H,0,1.0,1.0,0.07732154830075973,0.0,0.0,true,converged-pure (stalled; support solve pruned_to_pure),S3_mass_near_0_v0.1,0.05,98,stalled,0.0030439389693212165,0.0,0.0,true,5.488665077990618e-17,"H mixes over the correctly signed mesh {0, m, ..., 1} at spacing 0.05; L plays a pure order -v with v in [0, 1] (OA.60 restriction, residual monotonicity checked)",converged-pure
3.6,mixed_mesh_0.05,L,0,-1.0,1.0,n/a,0.0,n/a,true,converged-pure (stalled; support solve pruned_to_pure),S3_mass_near_0_v0.1,0.05,98,stalled,0.0030439389693212165,0.0,0.0,true,5.488665077990618e-17,"H mixes over the correctly signed mesh {0, m, ..., 1} at spacing 0.05; L plays a pure order -v with v in [0, 1] (OA.60 restriction, residual monotonicity checked)",converged-pure
