r,s_bar,tau_sbar,dead_removed,min_pool_survives,members_searched,members_surviving,largest_surviving_cutoff,R_T_worst_surviving,R_T_best_surviving,E_worst_surviving,outlay,x_bar,status
3,1.7083,0.500004,False,True,48,48,3.222,0.524948485,0.760368629,0.116501648,0,inf,analytical (window); numerical diagnostic (family members)
3,1.70833333,0.5,True,True,48,48,3.222,0.524948485,0.760368629,0.116501648,0,inf,analytical (window); numerical diagnostic (family members)
3,1.7583,0.494004,True,True,48,48,3.222,0.524948485,0.760368629,0.116501648,0,6.2083303,analytical (window); numerical diagnostic (family members)
3,1.8083,0.488004,True,True,48,48,3.222,0.524948485,0.760368629,0.116501648,0,4.87136017,analytical (window); numerical diagnostic (family members)
3,1.8583,0.482004,True,True,48,48,3.222,0.524948485,0.760368629,0.116501648,0,4.10897976,analytical (window); numerical diagnostic (family members)
3,1.9083,0.476004,True,True,48,48,3.222,0.524948485,0.760368629,0.116501648,0,3.58111547,analytical (window); numerical diagnostic (family members)
3,1.9583,0.470004,True,True,48,45,3.072,0.532858413,0.760368629,0.124433063,0,3.18126557,analytical (window); numerical diagnostic (family members)
3,2.0083,0.464004,True,True,48,40,2.822,0.547420689,0.760368629,0.139018981,0,2.86202511,analytical (window); numerical diagnostic (family members)
3,2.0583,0.458004,True,True,48,35,2.572,0.564066323,0.760368629,0.155862076,0,2.5981293,analytical (window); numerical diagnostic (family members)
3,2.1083,0.452004,True,True,48,31,2.372,0.579568498,0.760368629,0.172254252,0,2.37451407,analytical (window); numerical diagnostic (family members)
3,2.1583,0.446004,True,True,48,27,2.172,0.59670105,0.760368629,0.190370408,0,2.18147605,analytical (window); numerical diagnostic (family members)
3,2.2083,0.440004,True,True,48,23,1.972,0.615635449,0.760368629,0.210391857,0,2.01240048,analytical (window); numerical diagnostic (family members)
3,2.2583,0.434004,True,True,48,20,1.822,0.631131976,0.760368629,0.226778061,0,1.86257816,analytical (window); numerical diagnostic (family members)
3,2.3083,0.428004,True,True,48,18,1.722,0.642127856,0.760368629,0.23840523,0,1.72853936,analytical (window); numerical diagnostic (family members)
3,2.3583,0.422004,True,True,48,15,1.572,0.659687722,0.760368629,0.256973232,0,1.60765535,analytical (window); numerical diagnostic (family members)
3,2.4083,0.416004,True,True,48,13,1.472,0.672147686,0.760368629,0.27014854,0,1.49788807,analytical (window); numerical diagnostic (family members)
3,2.4583,0.410004,True,True,48,11,1.372,0.685246486,0.760368629,0.283999361,0,1.39762647,analytical (window); numerical diagnostic (family members)
3,2.5083,0.404004,True,True,48,9,1.272,0.699016877,0.760368629,0.298560328,0,1.30557573,analytical (window); numerical diagnostic (family members)
3,2.5583,0.398004,True,True,48,7,1.172,0.71349329,0.760368629,0.313867853,0,1.22068021,analytical (window); numerical diagnostic (family members)
3,2.6083,0.392004,True,True,48,6,1.122,0.721007496,0.760368629,0.321813459,0,1.14206846,analytical (window); numerical diagnostic (family members)
3,2.6583,0.386004,True,True,48,4,1.022,0.736611392,0.760368629,0.338313197,0,1.06901314,analytical (window); numerical diagnostic (family members)
3,2.7083,0.380004,True,True,48,3,0.972,0.744653741,0.760368629,0.34682689,0,1.00090125,analytical (window); numerical diagnostic (family members)
3,2.7583,0.374004,True,True,48,2,0.922,0.752581996,0.760368629,0.35527372,0,0.934553029,analytical (window); numerical diagnostic (family members)
3,2.80505082,0.368393901,True,True,48,0,nan,nan,nan,nan,0,0.871358891,analytical (window); numerical diagnostic (family members)
3,2.80515082,0.368381901,True,False,48,0,nan,nan,nan,nan,0,0.871222446,analytical (window); numerical diagnostic (family members)
3,2.8083,0.368004,True,False,48,0,nan,nan,nan,nan,0,0.866922704,analytical (window); numerical diagnostic (family members)
3,2.8583,0.362004,True,False,48,0,nan,nan,nan,nan,0,0.797884684,analytical (window); numerical diagnostic (family members)
3,2.9083,0.356004,True,False,48,0,nan,nan,nan,nan,0,0.727295172,analytical (window); numerical diagnostic (family members)
3,2.9583,0.350004,True,False,48,0,nan,nan,nan,nan,0,0.654987103,analytical (window); numerical diagnostic (family members)
3,3.0083,0.344004,True,False,48,0,nan,nan,nan,nan,0,0.580764089,analytical (window); numerical diagnostic (family members)
