a,d,r,q_plus,q_minus,mu_lower,mu_upper,phi_minus_mu_lower,phi_plus_mu_upper,x_star_Yplus,x_star_Yminus,e_H,e_L,E,O_H,R_T,low_cost_margin,private_only_exclusion_margin,joint_entry_margin,weak_order_margin,strong_order_margin,posterior_error,residual_error,epsilon_P,epsilon_q,status,accepted
0.70,0.75,1.1,0.0,0.0,0.40757656854799806,0.5924234314520019,0.1865469729106162,0.8134530270893837,n/a,n/a,0.8500000000000001,0.8500000000000001,0.8500000000000001,0.42500000000000004,0.6030681818181819,0.7734304987566458,0.05250000000000021,0.04526515341726789,0.0014545454545454636,0.0017971457303477337,0.0,1.2197274440461925e-16,0.0,0.0,analytical (Theorem R2 region: all five margins strictly positive; unique outcome),true
0.70,0.75,1.1,1.0,-1.0,0.40757656854799806,0.5924234314520019,0.1865469729106162,0.8134530270893837,n/a,n/a,0.9137536585409307,0.8653561825144411,0.8895549205276859,0.45687682927046536,0.6184956594278354,0.7734304987566458,0.05250000000000021,0.04526515341726789,0.0014545454545454636,0.0017971457303477337,4.7628567756419216e-14,2.0794997668271975e-16,0.0,0.0119840302519983,rejected: epsilon_q=1.198e-02,false
0.70,0.75,2.3,1.0,-1.0,0.40757656854799806,0.5924234314520019,0.1865469729106162,0.8134530270893837,0.8971243428932919,inf,0.8978848012459626,0.8609903018640358,0.8794375515549993,0.4489424006229813,0.948165138639258,0.7734304987566458,0.05250000000000021,0.04526515341726789,0.0014545454545454636,0.0017971457303477337,4.440892098500626e-16,2.498001805406602e-16,0.0,0.0,analytical (Theorem R2 region: all five margins strictly positive; unique outcome),true
0.70,0.75,2.3,0.0,0.0,0.40757656854799806,0.5924234314520019,0.1865469729106162,0.8134530270893837,n/a,n/a,0.8500000000000001,0.8500000000000001,0.8500000000000001,0.42500000000000004,0.92625,0.7734304987566458,0.05250000000000021,0.04526515341726789,0.0014545454545454636,0.0017971457303477337,0.0,1.3183898417423734e-16,0.0,0.04745652173913043,rejected: epsilon_q=4.746e-02,false
0.68,0.73,1.1,0.0,0.0,0.41681891169319824,0.5831810883068018,0.20908188618339157,0.7909181138166085,n/a,n/a,0.8500000000000001,0.8500000000000001,0.8500000000000001,0.42500000000000004,0.6030681818181819,0.967965587030974,0.23240909090909145,-0.14926993485705964,0.0036534545454545483,0.00011743115731296938,0.0,6.754579534584693e-17,0.0,0.0,numerical diagnostic (validated candidate; theorem margins not all positive or multiple candidates),true
0.68,0.73,1.1,1.0,-1.0,0.41681891169319824,0.5831810883068018,0.20908188618339157,0.7909181138166085,n/a,n/a,0.9059424395933078,0.8651143076562656,0.8855283736247868,0.4529712197966539,0.616922195354107,0.967965587030974,0.23240909090909145,-0.14926993485705964,0.0036534545454545483,0.00011743115731296938,2.5202062658991053e-14,1.95590071916385e-16,0.0,0.012676456681774792,rejected: epsilon_q=1.268e-02,false
0.68,0.73,2.3,1.0,-1.0,0.41681891169319824,0.5831810883068018,0.20908188618339157,0.7909181138166085,inf,inf,0.8500000000000002,0.8500000000000001,0.8500000000000001,0.4250000000000001,0.92625,0.967965587030974,0.23240909090909145,-0.14926993485705964,0.0036534545454545483,0.00011743115731296938,6.661338147750939e-16,1.942890293094024e-16,0.0,0.0,numerical diagnostic (validated candidate; theorem margins not all positive or multiple candidates),true
0.68,0.73,2.3,0.0,0.0,0.41681891169319824,0.5831810883068018,0.20908188618339157,0.7909181138166085,n/a,n/a,0.8500000000000001,0.8500000000000001,0.8500000000000001,0.42500000000000004,0.92625,0.967965587030974,0.23240909090909145,-0.14926993485705964,0.0036534545454545483,0.00011743115731296938,0.0,6.245004513516506e-17,0.0,0.04121086956521742,rejected: epsilon_q=4.121e-02,false
0.68,0.74,1.1,0.0,0.0,0.41681891169319824,0.5831810883068018,0.20071775002636486,0.7992822499736351,n/a,n/a,0.8500000000000001,0.8500000000000001,0.8500000000000001,0.42500000000000004,0.6030681818181819,0.8957612725102064,0.14245454545454628,-0.07706562033629272,0.0032312727272727285,0.00011743115731296938,0.0,6.754579534584693e-17,0.0,0.0,numerical diagnostic (validated candidate; theorem margins not all positive or multiple candidates),true
0.68,0.74,1.1,1.0,-1.0,0.41681891169319824,0.5831810883068018,0.20071775002636486,0.7992822499736351,n/a,n/a,0.9093255012230291,0.8653782926502485,0.8873518969366387,0.45466275061151457,0.6176344272282992,0.8957612725102064,0.14245454545454628,-0.07706562033629272,0.0032312727272727285,0.00011743115731296938,2.5202062658991053e-14,1.7694179454963432e-16,0.0,0.01249022017753952,rejected: epsilon_q=1.249e-02,false
0.68,0.74,2.3,1.0,-1.0,0.41681891169319824,0.5831810883068018,0.20071775002636486,0.7992822499736351,inf,inf,0.8500000000000002,0.8500000000000001,0.8500000000000001,0.4250000000000001,0.92625,0.8957612725102064,0.14245454545454628,-0.07706562033629272,0.0032312727272727285,0.00011743115731296938,6.661338147750939e-16,1.942890293094024e-16,0.0,0.0,numerical diagnostic (validated candidate; theorem margins not all positive or multiple candidates),true
0.68,0.74,2.3,0.0,0.0,0.41681891169319824,0.5831810883068018,0.20071775002636486,0.7992822499736351,n/a,n/a,0.8500000000000001,0.8500000000000001,0.8500000000000001,0.42500000000000004,0.92625,0.8957612725102064,0.14245454545454628,-0.07706562033629272,0.0032312727272727285,0.00011743115731296938,0.0,6.245004513516506e-17,0.0,0.04121086956521742,rejected: epsilon_q=4.121e-02,false
0.68,0.75,1.1,0.0,0.0,0.41681891169319824,0.5831810883068018,0.19240499866220792,0.8075950013377922,n/a,n/a,0.8500000000000001,0.8500000000000001,0.8500000000000001,0.42500000000000004,0.6030681818181819,0.8240005427991908,0.05250000000000021,-0.005304890625275505,0.002809090909090912,0.00011743115731296938,0.0,6.754579534584693e-17,0.0,0.0,numerical diagnostic (validated candidate; theorem margins not all positive or multiple candidates),true
0.68,0.75,1.1,1.0,-1.0,0.41681891169319824,0.5831810883068018,0.19240499866220792,0.8075950013377922,n/a,n/a,0.9127181470647578,0.8656019962642167,0.8891600716644873,0.4563590735323789,0.6183407507500628,0.8240005427991908,0.05250000000000021,-0.005304890625275505,0.002809090909090912,0.00011743115731296938,2.5202062658991053e-14,1.6479873021779667e-16,0.0,0.01229264691557465,rejected: epsilon_q=1.229e-02,false
0.68,0.75,2.3,1.0,-1.0,0.41681891169319824,0.5831810883068018,0.19240499866220792,0.8075950013377922,inf,inf,0.8500000000000002,0.8500000000000001,0.8500000000000001,0.4250000000000001,0.92625,0.8240005427991908,0.05250000000000021,-0.005304890625275505,0.002809090909090912,0.00011743115731296938,6.661338147750939e-16,1.942890293094024e-16,0.0,0.0,numerical diagnostic (validated candidate; theorem margins not all positive or multiple candidates),true
0.68,0.75,2.3,0.0,0.0,0.41681891169319824,0.5831810883068018,0.19240499866220792,0.8075950013377922,n/a,n/a,0.8500000000000001,0.8500000000000001,0.8500000000000001,0.42500000000000004,0.92625,0.8240005427991908,0.05250000000000021,-0.005304890625275505,0.002809090909090912,0.00011743115731296938,0.0,6.245004513516506e-17,0.0,0.04121086956521742,rejected: epsilon_q=4.121e-02,false
0.68,0.76,1.1,0.0,0.0,0.41681891169319824,0.5831810883068018,0.1841431600198429,0.8158568399801571,n/a,n/a,0.964,0.8860000000000001,0.925,0.482,0.6323045454545455,0.7526793226930355,-0.03745454545454496,0.06601632948087932,0.0023869090909090923,0.00011743115731296938,0.0,6.678685382510707e-17,0.0,0.0,numerical diagnostic (validated candidate; theorem margins not all positive or multiple candidates),true
0.68,0.76,1.1,1.0,-1.0,0.41681891169319824,0.5831810883068018,0.1841431600198429,0.8158568399801571,n/a,n/a,0.9161579828690527,0.8657965390866335,0.890977260977843,0.45807899143452635,0.6190506644297782,0.7526793226930355,-0.03745454545454496,0.06601632948087932,0.0023869090909090923,0.00011743115731296938,2.5202062658991053e-14,1.700029006457271e-16,0.0,0.012082724222373772,rejected: epsilon_q=1.208e-02,false
0.68,0.76,2.3,1.0,-1.0,0.41681891169319824,0.5831810883068018,0.1841431600198429,0.8158568399801571,0.833479808005241,inf,0.8991491902584837,0.8611139573865785,0.880131573822531,0.44957459512924186,0.9487066939357842,0.7526793226930355,-0.03745454545454496,0.06601632948087932,0.0023869090909090923,0.00011743115731296938,6.661338147750939e-16,1.734723475976807e-16,0.0,0.0,numerical diagnostic (validated candidate; theorem margins not all positive or multiple candidates),true
0.68,0.76,2.3,0.0,0.0,0.41681891169319824,0.5831810883068018,0.1841431600198429,0.8158568399801571,n/a,n/a,0.8500000000000001,0.8500000000000001,0.8500000000000001,0.42500000000000004,0.92625,0.7526793226930355,-0.03745454545454496,0.06601632948087932,0.0023869090909090923,0.00011743115731296938,0.0,6.245004513516506e-17,0.0,0.04121086956521742,rejected: epsilon_q=4.121e-02,false
0.68,0.77,1.1,0.0,0.0,0.41681891169319824,0.5831810883068018,0.17593176779308164,0.8240682322069184,n/a,n/a,0.9655000000000002,0.8845000000000002,0.9250000000000003,0.4827500000000001,0.6323079545454546,0.6817935867528855,-0.12740909090909014,0.13690206542102867,0.0019647272727272742,0.00011743115731296938,0.0,8.413408858487514e-17,0.0,0.0,numerical diagnostic (validated candidate; theorem margins not all positive or multiple candidates),true
0.68,0.77,1.1,1.0,-1.0,0.41681891169319824,0.5831810883068018,0.17593176779308164,0.8240682322069184,n/a,n/a,0.9196862272563531,0.8659734048892512,0.8928298160728021,0.45984311362817654,0.6197744430900745,0.6817935867528855,-0.12740909090909014,0.13690206542102867,0.0019647272727272742,0.00011743115731296938,2.5202062658991053e-14,1.951563910473908e-16,0.0,0.011859220502193084,rejected: epsilon_q=1.186e-02,false
0.68,0.77,2.3,1.0,-1.0,0.41681891169319824,0.5831810883068018,0.17593176779308164,0.8240682322069184,0.6592632602067073,inf,0.9034826445165411,0.8615014280414258,0.8824920362789834,0.4517413222582706,0.950554675867042,0.6817935867528855,-0.12740909090909014,0.13690206542102867,0.0019647272727272742,0.00011743115731296938,6.661338147750939e-16,2.0816681711721685e-16,0.0,0.0,numerical diagnostic (validated candidate; theorem margins not all positive or multiple candidates),true
0.68,0.77,2.3,0.0,0.0,0.41681891169319824,0.5831810883068018,0.17593176779308164,0.8240682322069184,n/a,n/a,0.8500000000000001,0.8500000000000001,0.8500000000000001,0.42500000000000004,0.92625,0.6817935867528855,-0.12740909090909014,0.13690206542102867,0.0019647272727272742,0.00011743115731296938,0.0,6.245004513516506e-17,0.0,0.04121086956521742,rejected: epsilon_q=4.121e-02,false
0.69,0.73,1.1,0.0,0.0,0.4121977401205982,0.5878022598794018,0.20595049434453155,0.7940495056554684,n/a,n/a,0.8500000000000001,0.8500000000000001,0.8500000000000001,0.42500000000000004,0.6030681818181819,0.9409335066133369,0.23240909090909145,-0.12223785443942337,0.0030230909090909197,0.0009572884438303446,0.0,1.3953681959888442e-16,0.0,0.0,numerical diagnostic (validated candidate; theorem margins not all positive or multiple candidates),true
0.69,0.73,1.1,1.0,-1.0,0.4121977401205982,0.5878022598794018,0.20595049434453155,0.7940495056554684,n/a,n/a,0.9067304957359292,0.8650782234251246,0.8859043595805269,0.4533652478679646,0.6170692536918763,0.9409335066133369,0.23240909090909145,-0.12223785443942337,0.0030230909090909197,0.0009572884438303446,4.1799896877137144e-14,1.588356182691264e-16,0.0,0.012531646044177688,rejected: epsilon_q=1.253e-02,false
0.69,0.73,2.3,1.0,-1.0,0.4121977401205982,0.5878022598794018,0.20595049434453155,0.7940495056554684,inf,inf,0.8500000000000003,0.8500000000000001,0.8500000000000002,0.42500000000000016,0.92625,0.9409335066133369,0.23240909090909145,-0.12223785443942337,0.0030230909090909197,0.0009572884438303446,6.661338147750939e-16,2.0816681711721685e-16,0.0,0.0,numerical diagnostic (validated candidate; theorem margins not all positive or multiple candidates),true
0.69,0.73,2.3,0.0,0.0,0.4121977401205982,0.5878022598794018,0.20595049434453155,0.7940495056554684,n/a,n/a,0.8500000000000001,0.8500000000000001,0.8500000000000001,0.42500000000000004,0.92625,0.9409335066133369,0.23240909090909145,-0.12223785443942337,0.0030230909090909197,0.0009572884438303446,0.0,6.938893903907228e-17,0.0,0.044333695652173905,rejected: epsilon_q=4.433e-02,false
0.69,0.74,1.1,0.0,0.0,0.4121977401205982,0.5878022598794018,0.1976803174049521,0.8023196825950479,n/a,n/a,0.8500000000000001,0.8500000000000001,0.8500000000000001,0.42500000000000004,0.6030681818181819,0.8695403052501411,0.14245454545454628,-0.05084465307622654,0.0025774545454545546,0.0009572884438303446,0.0,1.3953681959888442e-16,0.0,0.0,numerical diagnostic (validated candidate; theorem margins not all positive or multiple candidates),true
0.69,0.74,1.1,1.0,-1.0,0.4121977401205982,0.5878022598794018,0.1976803174049521,0.8023196825950479,n/a,n/a,0.9099774007167403,0.8652972943966204,0.8876373475566803,0.45498870035837014,0.6177461965576192,0.8695403052501411,0.14245454545454628,-0.05084465307622654,0.0025774545454545546,0.0009572884438303446,4.1799896877137144e-14,1.7564075194265172e-16,0.0,0.012340705717496204,rejected: epsilon_q=1.234e-02,false
0.69,0.74,2.3,1.0,-1.0,0.4121977401205982,0.5878022598794018,0.1976803174049521,0.8023196825950479,inf,inf,0.8500000000000003,0.8500000000000001,0.8500000000000002,0.42500000000000016,0.92625,0.8695403052501411,0.14245454545454628,-0.05084465307622654,0.0025774545454545546,0.0009572884438303446,6.661338147750939e-16,2.0816681711721685e-16,0.0,0.0,numerical diagnostic (validated candidate; theorem margins not all positive or multiple candidates),true
0.69,0.74,2.3,0.0,0.0,0.4121977401205982,0.5878022598794018,0.1976803174049521,0.8023196825950479,n/a,n/a,0.8500000000000001,0.8500000000000001,0.8500000000000001,0.42500000000000004,0.92625,0.8695403052501411,0.14245454545454628,-0.05084465307622654,0.0025774545454545546,0.0009572884438303446,0.0,6.938893903907228e-17,0.0,0.044333695652173905,rejected: epsilon_q=4.433e-02,false
0.69,0.75,1.1,0.0,0.0,0.4121977401205982,0.5878022598794018,0.18946354283465827,0.8105364571653418,n/a,n/a,0.8500000000000001,0.8500000000000001,0.8500000000000001,0.42500000000000004,0.6030681818181819,0.798608105644409,0.05250000000000021,0.020087546529506284,0.0021318181818181913,0.0009572884438303446,0.0,1.3953681959888442e-16,0.0,0.0,analytical (Theorem R2 region: all five margins strictly positive; unique outcome),true
0.69,0.75,1.1,1.0,-1.0,0.4121977401205982,0.5878022598794018,0.18946354283465827,0.8105364571653418,n/a,n/a,0.9132398657558876,0.8654803897623408,0.8893601277591141,0.4566199328779438,0.6184192308745575,0.798608105644409,0.05250000000000021,0.020087546529506284,0.0021318181818181913,0.0009572884438303446,4.1799896877137144e-14,1.5525775109992423e-16,0.0,0.012138338417076754,rejected: epsilon_q=1.214e-02,false
0.69,0.75,2.3,1.0,-1.0,0.4121977401205982,0.5878022598794018,0.18946354283465827,0.8105364571653418,0.9515643863976091,inf,0.8963133121100152,0.8608276856788135,0.8785704988944143,0.4481566560550076,0.9474900590144592,0.798608105644409,0.05250000000000021,0.020087546529506284,0.0021318181818181913,0.0009572884438303446,6.661338147750939e-16,2.0816681711721685e-16,0.0,0.0,analytical (Theorem R2 region: all five margins strictly positive; unique outcome),true
0.69,0.75,2.3,0.0,0.0,0.4121977401205982,0.5878022598794018,0.18946354283465827,0.8105364571653418,n/a,n/a,0.8500000000000001,0.8500000000000001,0.8500000000000001,0.42500000000000004,0.92625,0.798608105644409,0.05250000000000021,0.020087546529506284,0.0021318181818181913,0.0009572884438303446,0.0,6.938893903907228e-17,0.0,0.044333695652173905,rejected: epsilon_q=4.433e-02,false
0.69,0.76,1.1,0.0,0.0,0.4121977401205982,0.5878022598794018,0.18129965505182466,0.8187003449481753,n/a,n/a,0.9640000000000002,0.8860000000000001,0.9250000000000002,0.4820000000000001,0.6323045454545456,0.728132456979991,-0.03745454545454496,0.09056319519392364,0.0016861818181818262,0.0009572884438303446,0.0,8.586881206085195e-17,0.0,0.0,numerical diagnostic (validated candidate; theorem margins not all positive or multiple candidates),true
0.69,0.76,1.1,1.0,-1.0,0.4121977401205982,0.5878022598794018,0.18129965505182466,0.8187003449481753,n/a,n/a,0.9165494335295544,0.8656366512375093,0.8910930423835319,0.4582747167647772,0.6190962878152955,0.728132456979991,-0.03745454545454496,0.09056319519392364,0.0016861818181818262,0.0009572884438303446,4.1799896877137144e-14,2.0296264668928643e-16,0.0,0.01192358475477092,rejected: epsilon_q=1.192e-02,false
0.69,0.76,2.3,1.0,-1.0,0.4121977401205982,0.5878022598794018,0.18129965505182466,0.8187003449481753,0.7848155434861789,inf,0.9005807445330721,0.8612372739201916,0.8809090092266318,0.45029037226653607,0.9493161300097914,0.728132456979991,-0.03745454545454496,0.09056319519392364,0.0016861818181818262,0.0009572884438303446,6.661338147750939e-16,2.636779683484747e-16,0.0,0.0,numerical diagnostic (validated candidate; theorem margins not all positive or multiple candidates),true
0.69,0.76,2.3,0.0,0.0,0.4121977401205982,0.5878022598794018,0.18129965505182466,0.8187003449481753,n/a,n/a,0.8500000000000001,0.8500000000000001,0.8500000000000001,0.42500000000000004,0.92625,0.728132456979991,-0.03745454545454496,0.09056319519392364,0.0016861818181818262,0.0009572884438303446,0.0,6.938893903907228e-17,0.0,0.044333695652173905,rejected: epsilon_q=4.433e-02,false
0.69,0.77,1.1,0.0,0.0,0.4121977401205982,0.5878022598794018,0.17318814509035946,0.8268118549096406,n/a,n/a,0.9655000000000002,0.8845000000000002,0.9250000000000003,0.4827500000000001,0.6323079545454546,0.6581089655517773,-0.12740909090909014,0.16058668662213726,0.0012405454545454647,0.0009572884438303446,0.0,6.071532165918825e-18,0.0,0.0,numerical diagnostic (validated candidate; theorem margins not all positive or multiple candidates),true
0.69,0.77,1.1,1.0,-1.0,0.4121977401205982,0.5878022598794018,0.17318814509035946,0.8268118549096406,n/a,n/a,0.9199408423292073,0.8657755612276765,0.8928582017784419,0.4599704211646036,0.6197859889651463,0.6581089655517773,-0.12740909090909014,0.16058668662213726,0.0012405454545454647,0.0009572884438303446,4.1799896877137144e-14,1.448494102440634e-16,0.0,0.011695284525599108,rejected: epsilon_q=1.170e-02,false
0.69,0.77,2.3,1.0,-1.0,0.4121977401205982,0.5878022598794018,0.17318814509035946,0.8268118549096406,0.6222119572979908,inf,0.9046615495663577,0.8615570128051752,0.8831092811857664,0.45233077478317885,0.9510463121335637,0.6581089655517773,-0.12740909090909014,0.16058668662213726,0.0012405454545454647,0.0009572884438303446,7.771561172376096e-16,2.220446049250313e-16,0.0,0.0,numerical diagnostic (validated candidate; theorem margins not all positive or multiple candidates),true
0.69,0.77,2.3,0.0,0.0,0.4121977401205982,0.5878022598794018,0.17318814509035946,0.8268118549096406,n/a,n/a,0.8500000000000001,0.8500000000000001,0.8500000000000001,0.42500000000000004,0.92625,0.6581089655517773,-0.12740909090909014,0.16058668662213726,0.0012405454545454647,0.0009572884438303446,0.0,6.938893903907228e-17,0.0,0.044333695652173905,rejected: epsilon_q=4.433e-02,false
0.70,0.73,1.1,0.0,0.0,0.40757656854799806,0.5924234314520019,0.20284364200866933,0.7971563579913307,n/a,n/a,0.8500000000000001,0.8500000000000001,0.8500000000000001,0.42500000000000004,0.6030681818181819,0.9141132661226654,0.23240909090909145,-0.09541761394875081,0.0023927272727272825,0.0017971457303477337,0.0,1.2197274440461925e-16,0.0,0.0,numerical diagnostic (validated candidate; theorem margins not all positive or multiple candidates),true
0.70,0.73,1.1,1.0,-1.0,0.40757656854799806,0.5924234314520019,0.20284364200866933,0.7971563579913307,n/a,n/a,0.9074811430810956,0.8650292484966708,0.8862551957888832,0.4537405715405478,0.6172065100617984,0.9141132661226654,0.23240909090909145,-0.09541761394875081,0.0023927272727272825,0.0017971457303477337,4.7628567756419216e-14,2.0794997668271975e-16,0.0,0.012386861115044867,rejected: epsilon_q=1.239e-02,false
0.70,0.73,2.3,1.0,-1.0,0.40757656854799806,0.5924234314520019,0.20284364200866933,0.7971563579913307,inf,inf,0.8500000000000002,0.8500000000000001,0.8500000000000001,0.4250000000000001,0.92625,0.9141132661226654,0.23240909090909145,-0.09541761394875081,0.0023927272727272825,0.0017971457303477337,6.661338147750939e-16,2.498001805406602e-16,0.0,0.0,numerical diagnostic (validated candidate; theorem margins not all positive or multiple candidates),true
0.70,0.73,2.3,0.0,0.0,0.40757656854799806,0.5924234314520019,0.20284364200866933,0.7971563579913307,n/a,n/a,0.8500000000000001,0.8500000000000001,0.8500000000000001,0.42500000000000004,0.92625,0.9141132661226654,0.23240909090909145,-0.09541761394875081,0.0023927272727272825,0.0017971457303477337,0.0,1.3183898417423734e-16,0.0,0.04745652173913043,rejected: epsilon_q=4.746e-02,false
0.70,0.74,1.1,0.0,0.0,0.40757656854799806,0.5924234314520019,0.19466763854394517,0.8053323614560548,n/a,n/a,0.8500000000000001,0.8500000000000001,0.8500000000000001,0.42500000000000004,0.6030681818181819,0.8435330275174053,0.14245454545454628,-0.024837375343491175,0.0019236363636363722,0.0017971457303477337,0.0,1.2197274440461925e-16,0.0,0.0,numerical diagnostic (validated candidate; theorem margins not all positive or multiple candidates),true
0.70,0.74,1.1,1.0,-1.0,0.40757656854799806,0.5924234314520019,0.19466763854394517,0.8053323614560548,n/a,n/a,0.9106074022654955,0.8652089243090552,0.8879081632872754,0.45530370113274776,0.617852261729778,0.8435330275174053,0.14245454545454628,-0.024837375343491175,0.0019236363636363722,0.0017971457303477337,4.7628567756419216e-14,2.0794997668271975e-16,0.0,0.01219119749700308,rejected: epsilon_q=1.219e-02,false
0.70,0.74,2.3,1.0,-1.0,0.40757656854799806,0.5924234314520019,0.19466763854394517,0.8053323614560548,inf,inf,0.8500000000000002,0.8500000000000001,0.8500000000000001,0.4250000000000001,0.92625,0.8435330275174053,0.14245454545454628,-0.024837375343491175,0.0019236363636363722,0.0017971457303477337,6.661338147750939e-16,2.498001805406602e-16,0.0,0.0,numerical diagnostic (validated candidate; theorem margins not all positive or multiple candidates),true
0.70,0.74,2.3,0.0,0.0,0.40757656854799806,0.5924234314520019,0.19466763854394517,0.8053323614560548,n/a,n/a,0.8500000000000001,0.8500000000000001,0.8500000000000001,0.42500000000000004,0.92625,0.8435330275174053,0.14245454545454628,-0.024837375343491175,0.0019236363636363722,0.0017971457303477337,0.0,1.3183898417423734e-16,0.0,0.04745652173913043,rejected: epsilon_q=4.746e-02,false
0.70,0.76,1.1,0.0,0.0,0.40757656854799806,0.5924234314520019,0.17848108518708125,0.8215189148129187,n/a,n/a,0.9640000000000002,0.8860000000000001,0.9250000000000002,0.4820000000000001,0.6323045454545456,0.7038008462563039,-0.03745454545454496,0.11489480591761048,0.0009854545454545532,0.0017971457303477337,0.0,2.0816681711721685e-17,0.0,0.0,numerical diagnostic (validated candidate; theorem margins not all positive or multiple candidates),true
0.70,0.76,1.1,1.0,-1.0,0.40757656854799806,0.5924234314520019,0.17848108518708125,0.8215189148129187,n/a,n/a,0.9169466018823953,0.8654785896069861,0.8912125957446907,0.45847330094119765,0.6191433815419997,0.7038008462563039,-0.03745454545454496,0.11489480591761048,0.0009854545454545532,0.0017971457303477337,4.7628567756419216e-14,2.0794997668271975e-16,0.0,0.011764445156136685,rejected: epsilon_q=1.176e-02,false
0.70,0.76,2.3,1.0,-1.0,0.40757656854799806,0.5924234314520019,0.17848108518708125,0.8215189148129187,0.7417627115734485,inf,0.9018908596843047,0.8613282427710693,0.881609551227687,0.45094542984215236,0.9498689905326078,0.7038008462563039,-0.03745454545454496,0.11489480591761048,0.0009854545454545532,0.0017971457303477337,7.771561172376096e-16,3.0531133177191805e-16,0.0,0.0,numerical diagnostic (validated candidate; theorem margins not all positive or multiple candidates),true
0.70,0.76,2.3,0.0,0.0,0.40757656854799806,0.5924234314520019,0.17848108518708125,0.8215189148129187,n/a,n/a,0.8500000000000001,0.8500000000000001,0.8500000000000001,0.42500000000000004,0.92625,0.7038008462563039,-0.03745454545454496,0.11489480591761048,0.0009854545454545532,0.0017971457303477337,0.0,1.3183898417423734e-16,0.0,0.04745652173913043,rejected: epsilon_q=4.746e-02,false
0.70,0.77,1.1,0.0,0.0,0.40757656854799806,0.5924234314520019,0.170469422980244,0.829530577019756,n/a,n/a,0.9655000000000002,0.8845000000000002,0.9250000000000003,0.4827500000000001,0.6323079545454546,0.6346393014229328,-0.12740909090909014,0.18405635075098115,0.0005163636363636464,0.0017971457303477337,0.0,3.469446951953614e-17,0.0,0.0,numerical diagnostic (validated candidate; theorem margins not all positive or multiple candidates),true
0.70,0.77,1.1,1.0,-1.0,0.40757656854799806,0.5924234314520019,0.170469422980244,0.829530577019756,n/a,n/a,0.9202157443045467,0.865584023143228,0.8928998837238873,0.46010787215227333,0.6198027181303759,0.6346393014229328,-0.12740909090909014,0.18405635075098115,0.0005163636363636464,0.0017971457303477337,4.7628567756419216e-14,2.0794997668271975e-16,0.0,0.011531342881789822,rejected: epsilon_q=1.153e-02,false
0.70,0.77,2.3,1.0,-1.0,0.40757656854799806,0.5924234314520019,0.170469422980244,0.829530577019756,0.5892166279766141,inf,0.905757488665596,0.8615908307165732,0.8836741596910846,0.452878744332798,0.951499370715033,0.6346393014229328,-0.12740909090909014,0.18405635075098115,0.0005163636363636464,0.0017971457303477337,4.440892098500626e-16,2.498001805406602e-16,0.0,0.0,numerical diagnostic (validated candidate; theorem margins not all positive or multiple candidates),true
0.70,0.77,2.3,0.0,0.0,0.40757656854799806,0.5924234314520019,0.170469422980244,0.829530577019756,n/a,n/a,0.8500000000000001,0.8500000000000001,0.8500000000000001,0.42500000000000004,0.92625,0.6346393014229328,-0.12740909090909014,0.18405635075098115,0.0005163636363636464,0.0017971457303477337,0.0,1.3183898417423734e-16,0.0,0.04745652173913043,rejected: epsilon_q=4.746e-02,false
0.71,0.73,1.1,0.0,0.0,0.40295539697539795,0.597044603024602,0.1997610418418202,0.8002389581581798,n/a,n/a,0.8500000000000001,0.8500000000000001,0.8500000000000001,0.42500000000000004,0.6030681818181819,0.8875023851171047,0.23240909090909145,-0.06880673294319006,0.0017623636363636452,0.0026370030168651228,0.0,6.06069014419397e-17,0.0,0.0,numerical diagnostic (validated candidate; theorem margins not all positive or multiple candidates),true
0.71,0.73,1.1,1.0,-1.0,0.40295539697539795,0.597044603024602,0.1997610418418202,0.8002389581581798,n/a,n/a,0.9082000350719387,0.8649693276390271,0.886584681355483,0.45410001753596935,0.6173354451488728,0.8875023851171047,0.23240909090909145,-0.06880673294319006,0.0017623636363636452,0.0026370030168651228,4.296563105299356e-14,1.43982048506075e-16,0.0,0.01224209701558757,rejected: epsilon_q=1.224e-02,false
0.71,0.73,2.3,1.0,-1.0,0.40295539697539795,0.597044603024602,0.1997610418418202,0.8002389581581798,inf,inf,0.8500000000000001,0.8500000000000001,0.8500000000000001,0.42500000000000004,0.92625,0.8875023851171047,0.23240909090909145,-0.06880673294319006,0.0017623636363636452,0.0026370030168651228,6.661338147750939e-16,1.8041124150158794e-16,0.0,0.0,numerical diagnostic (validated candidate; theorem margins not all positive or multiple candidates),true
0.71,0.73,2.3,0.0,0.0,0.40295539697539795,0.597044603024602,0.1997610418418202,0.8002389581581798,n/a,n/a,0.8500000000000001,0.8500000000000001,0.8500000000000001,0.42500000000000004,0.92625,0.8875023851171047,0.23240909090909145,-0.06880673294319006,0.0017623636363636452,0.0026370030168651228,0.0,2.7755575615628914e-17,0.0,0.05057934782608696,rejected: epsilon_q=5.058e-02,false
0.71,0.74,1.1,0.0,0.0,0.40295539697539795,0.597044603024602,0.1916794120727238,0.8083205879272762,n/a,n/a,0.8500000000000001,0.8500000000000001,0.8500000000000001,0.42500000000000004,0.6030681818181819,0.8177368376973615,0.14245454545454628,0.0009588144765526607,0.0012698181818181897,0.0026370030168651228,0.0,6.06069014419397e-17,0.0,0.0,analytical (Theorem R2 region: all five margins strictly positive; unique outcome),true
0.71,0.74,1.1,1.0,-1.0,0.40295539697539795,0.597044603024602,0.1916794120727238,0.8083205879272762,n/a,n/a,0.9112187028633447,0.8651142581692306,0.8881664805162877,0.45560935143167236,0.6179534554332551,0.8177368376973615,0.14245454545454628,0.0009588144765526607,0.0012698181818181897,0.0026370030168651228,4.296563105299356e-14,1.5959455978986625e-16,0.0,0.012041694347111267,rejected: epsilon_q=1.204e-02,false
0.71,0.74,2.3,1.0,-1.0,0.40295539697539795,0.597044603024602,0.1916794120727238,0.8083205879272762,0.9979128056069342,inf,0.8953733034876099,0.8607595074453896,0.8780664054664997,0.44768665174380495,0.9470927331855119,0.8177368376973615,0.14245454545454628,0.0009588144765526607,0.0012698181818181897,0.0026370030168651228,6.661338147750939e-16,1.8041124150158794e-16,0.0,0.0,analytical (Theorem R2 region: all five margins strictly positive; unique outcome),true
0.71,0.74,2.3,0.0,0.0,0.40295539697539795,0.597044603024602,0.1916794120727238,0.8083205879272762,n/a,n/a,0.8500000000000001,0.8500000000000001,0.8500000000000001,0.42500000000000004,0.92625,0.8177368376973615,0.14245454545454628,0.0009588144765526607,0.0012698181818181897,0.0026370030168651228,0.0,2.7755575615628914e-17,0.0,0.05057934782608696,rejected: epsilon_q=5.058e-02,false
0.71,0.75,1.1,0.0,0.0,0.40295539697539795,0.597044603024602,0.18365497440324285,0.8163450255967573,n/a,n/a,0.8500000000000001,0.8500000000000001,0.8500000000000001,0.42500000000000004,0.6030681818181819,0.7484650072940815,0.05250000000000021,0.07023064487983355,0.0007772727272727358,0.0026370030168651228,0.0,6.06069014419397e-17,0.0,0.0,analytical (Theorem R2 region: all five margins strictly positive; unique outcome),true
0.71,0.75,1.1,1.0,-1.0,0.40295539697539795,0.597044603024602,0.18365497440324285,0.8163450255967573,n/a,n/a,0.9142606611214832,0.8652297471721626,0.8897452041468229,0.4571303305607416,0.6185703303774577,0.7484650072940815,0.05250000000000021,0.07023064487983355,0.0007772727272727358,0.0026370030168651228,4.296563105299356e-14,1.474514954580286e-16,0.0,0.01182972235830108,rejected: epsilon_q=1.183e-02,false
0.71,0.75,2.3,1.0,-1.0,0.40295539697539795,0.597044603024602,0.18365497440324285,0.8163450255967573,0.848922859970682,inf,0.8993150975149706,0.8611147792334591,0.8802149383742148,0.4496575487574853,0.9487743219711501,0.7484650072940815,0.05250000000000021,0.07023064487983355,0.0007772727272727358,0.0026370030168651228,6.106226635438361e-16,2.220446049250313e-16,0.0,0.0,analytical (Theorem R2 region: all five margins strictly positive; unique outcome),true
0.71,0.75,2.3,0.0,0.0,0.40295539697539795,0.597044603024602,0.18365497440324285,0.8163450255967573,n/a,n/a,0.8500000000000001,0.8500000000000001,0.8500000000000001,0.42500000000000004,0.92625,0.7484650072940815,0.05250000000000021,0.07023064487983355,0.0007772727272727358,0.0026370030168651228,0.0,2.7755575615628914e-17,0.0,0.05057934782608696,rejected: epsilon_q=5.058e-02,false
0.71,0.76,1.1,0.0,0.0,0.40295539697539795,0.597044603024602,0.17568712386817686,0.8243128761318231,n/a,n/a,0.9640000000000002,0.8860000000000001,0.9250000000000002,0.4820000000000001,0.6323045454545456,0.679681671479414,-0.03745454545454496,0.1390139806945001,0.00028472727272728024,0.0026370030168651228,0.0,6.678685382510707e-17,0.0,0.0,numerical diagnostic (validated candidate; theorem margins not all positive or multiple candidates),true
0.71,0.76,1.1,1.0,-1.0,0.40295539697539795,0.597044603024602,0.17568712386817686,0.8243128761318231,n/a,n/a,0.9173486698291852,0.865322092893871,0.8913353813615281,0.4586743349145926,0.6191917352302022,0.679681671479414,-0.03745454545454496,0.1390139806945001,0.00028472727272728024,0.0026370030168651228,4.296563105299356e-14,1.5265566588595902e-16,0.0,0.0116053054508388,rejected: epsilon_q=1.161e-02,false
0.71,0.76,2.3,1.0,-1.0,0.40295539697539795,0.597044603024602,0.17568712386817686,0.8243128761318231,0.7033697668403196,inf,0.9031016842915867,0.8613926951115727,0.8822471897015797,0.45155084214579333,0.9503755787205714,0.679681671479414,-0.03745454545454496,0.1390139806945001,0.00028472727272728024,0.0026370030168651228,6.661338147750939e-16,2.7755575615628914e-16,0.0,0.0,numerical diagnostic (validated candidate; theorem margins not all positive or multiple candidates),true
0.71,0.76,2.3,0.0,0.0,0.40295539697539795,0.597044603024602,0.17568712386817686,0.8243128761318231,n/a,n/a,0.8500000000000001,0.8500000000000001,0.8500000000000001,0.42500000000000004,0.92625,0.679681671479414,-0.03745454545454496,0.1390139806945001,0.00028472727272728024,0.0026370030168651228,0.0,2.7755575615628914e-17,0.0,0.05057934782608696,rejected: epsilon_q=5.058e-02,false
0.71,0.77,1.1,0.0,0.0,0.40295539697539795,0.597044603024602,0.16777526400459536,0.8322247359954046,n/a,n/a,0.9655000000000002,0.8845000000000002,0.9250000000000003,0.4827500000000001,0.6323079545454546,0.611381681222279,-0.12740909090909014,0.20731397095163473,-0.00020781818181817187,0.0026370030168651228,0.0,6.418476861114186e-17,0.0,0.0,numerical diagnostic (validated candidate; theorem margins not all positive or multiple candidates),true
0.71,0.77,1.1,1.0,-1.0,0.40295539697539795,0.597044603024602,0.16777526400459536,0.8322247359954046,n/a,n/a,0.9205079808557011,0.8653978726667098,0.8929529267612054,0.46025399042785053,0.6198238762051378,0.611381681222279,-0.12740909090909014,0.20731397095163473,-0.00020781818181817187,0.0026370030168651228,4.296563105299356e-14,1.3530843112619095e-16,0.0,0.011367396631380006,rejected: epsilon_q=1.137e-02,false
0.71,0.77,2.3,1.0,-1.0,0.40295539697539795,0.597044603024602,0.16777526400459536,0.8322247359954046,0.5596304619515515,inf,0.9067843756065852,0.8616065064915849,0.8841954410490851,0.4533921878032926,0.9519203155517801,0.611381681222279,-0.12740909090909014,0.20731397095163473,-0.00020781818181817187,0.0026370030168651228,6.661338147750939e-16,4.0245584642661925e-16,0.0,0.0,numerical diagnostic (validated candidate; theorem margins not all positive or multiple candidates),true
0.71,0.77,2.3,0.0,0.0,0.40295539697539795,0.597044603024602,0.16777526400459536,0.8322247359954046,n/a,n/a,0.8500000000000001,0.8500000000000001,0.8500000000000001,0.42500000000000004,0.92625,0.611381681222279,-0.12740909090909014,0.20731397095163473,-0.00020781818181817187,0.0026370030168651228,0.0,2.7755575615628914e-17,0.0,0.05057934782608696,rejected: epsilon_q=5.058e-02,false
0.72,0.73,1.1,0.0,0.0,0.39833422540279784,0.6016657745972022,0.1967024109784321,0.8032975890215679,n/a,n/a,0.8500000000000001,0.8500000000000001,0.8500000000000001,0.42500000000000004,0.6030681818181819,0.8610984217290305,0.23240909090909145,-0.04240276955511657,0.0011320000000000097,0.0034768603033825084,0.0,1.3227266504323154e-16,0.0,0.0,numerical diagnostic (validated candidate; theorem margins not all positive or multiple candidates),true
0.72,0.73,1.1,1.0,-1.0,0.39833422540279784,0.6016657745972022,0.1967024109784321,0.8032975890215679,n/a,n/a,0.9088917291398365,0.8649000293023104,0.8868958792210735,0.45444586456991826,0.6174572527198235,0.8610984217290305,0.23240909090909145,-0.04240276955511657,0.0011320000000000097,0.0034768603033825084,3.5860203695392556e-14,1.3227266504323154e-16,0.0,0.012097349975516777,rejected: epsilon_q=1.210e-02,false
0.72,0.73,2.3,1.0,-1.0,0.39833422540279784,0.6016657745972022,0.1967024109784321,0.8032975890215679,inf,inf,0.8500000000000001,0.8500000000000002,0.8500000000000001,0.42500000000000004,0.92625,0.8610984217290305,0.23240909090909145,-0.04240276955511657,0.0011320000000000097,0.0034768603033825084,8.881784197001252e-16,2.0816681711721685e-16,0.0,0.0,numerical diagnostic (validated candidate; theorem margins not all positive or multiple candidates),true
0.72,0.73,2.3,0.0,0.0,0.39833422540279784,0.6016657745972022,0.1967024109784321,0.8032975890215679,n/a,n/a,0.8500000000000001,0.8500000000000001,0.8500000000000001,0.42500000000000004,0.92625,0.8610984217290305,0.23240909090909145,-0.04240276955511657,0.0011320000000000097,0.0034768603033825084,0.0,2.7755575615628914e-17,0.0,0.05370217391304348,rejected: epsilon_q=5.370e-02,false
0.72,0.74,1.1,0.0,0.0,0.39833422540279784,0.6016657745972022,0.18871534149304003,0.81128465850696,n/a,n/a,0.8500000000000001,0.8500000000000001,0.8500000000000001,0.42500000000000004,0.6030681818181819,0.7921491762366568,0.14245454545454628,0.02654647593725734,0.0006160000000000072,0.0034768603033825084,0.0,1.3227266504323154e-16,0.0,0.0,analytical (Theorem R2 region: all five margins strictly positive; unique outcome),true
0.72,0.74,1.1,1.0,-1.0,0.39833422540279784,0.6016657745972022,0.18871534149304003,0.81128465850696,n/a,n/a,0.9118139034556738,0.8650141712891992,0.8884140373724365,0.4559069517278369,0.6180504551290225,0.7921491762366568,0.14245454545454628,0.02654647593725734,0.0006160000000000072,0.0034768603033825084,3.5860203695392556e-14,1.5785983631388945e-16,0.0,0.011892195360668678,rejected: epsilon_q=1.189e-02,false
0.72,0.74,2.3,1.0,-1.0,0.39833422540279784,0.6016657745972022,0.18871534149304003,0.81128465850696,0.9452753102876824,inf,0.8969140084162883,0.8609156788659968,0.8789148436411426,0.44845700420814416,0.9477538622991534,0.7921491762366568,0.14245454545454628,0.02654647593725734,0.0006160000000000072,0.0034768603033825084,1.1102230246251565e-15,2.3592239273284576e-16,0.0,0.0,analytical (Theorem R2 region: all five margins strictly positive; unique outcome),true
0.72,0.74,2.3,0.0,0.0,0.39833422540279784,0.6016657745972022,0.18871534149304003,0.81128465850696,n/a,n/a,0.8500000000000001,0.8500000000000001,0.8500000000000001,0.42500000000000004,0.92625,0.7921491762366568,0.14245454545454628,0.02654647593725734,0.0006160000000000072,0.0034768603033825084,0.0,2.7755575615628914e-17,0.0,0.05370217391304348,rejected: epsilon_q=5.370e-02,false
0.72,0.75,1.1,0.0,0.0,0.39833422540279784,0.6016657745972022,0.18078723810242686,0.8192127618975731,n/a,n/a,0.8500000000000001,0.8500000000000001,0.8500000000000001,0.42500000000000004,0.6030681818181819,0.72370896196682,0.05250000000000021,0.09498669020709372,0.0001000000000000098,0.0034768603033825084,0.0,1.3227266504323154e-16,0.0,0.0,analytical (Theorem R2 region: all five margins strictly positive; unique outcome),true
0.72,0.75,1.1,1.0,-1.0,0.39833422540279784,0.6016657745972022,0.18078723810242686,0.8192127618975731,n/a,n/a,0.9147618019798264,0.8651013883952509,0.8899315951875386,0.4573809009899132,0.6186434840542305,0.72370896196682,0.05250000000000021,0.09498669020709372,0.0001000000000000098,0.0034768603033825084,3.5860203695392556e-14,1.5352302762394743e-16,0.0,0.011675414687734824,rejected: epsilon_q=1.168e-02,false
0.72,0.75,2.3,1.0,-1.0,0.39833422540279784,0.6016657745972022,0.18078723810242686,0.8192127618975731,0.8058980877923114,inf,0.9006304704855486,0.8612081016118829,0.8809192860487157,0.4503152352427743,0.9493298443391642,0.72370896196682,0.05250000000000021,0.09498669020709372,0.0001000000000000098,0.0034768603033825084,8.881784197001252e-16,2.0816681711721685e-16,0.0,0.0,analytical (Theorem R2 region: all five margins strictly positive; unique outcome),true
0.72,0.75,2.3,0.0,0.0,0.39833422540279784,0.6016657745972022,0.18078723810242686,0.8192127618975731,n/a,n/a,0.8500000000000001,0.8500000000000001,0.8500000000000001,0.42500000000000004,0.92625,0.72370896196682,0.05250000000000021,0.09498669020709372,0.0001000000000000098,0.0034768603033825084,0.0,2.7755575615628914e-17,0.0,0.05370217391304348,rejected: epsilon_q=5.370e-02,false
0.72,0.76,1.1,0.0,0.0,0.39833422540279784,0.6016657745972022,0.17291745021514707,0.827082549784853,n/a,n/a,0.9640000000000002,0.8860000000000001,0.9250000000000002,0.4820000000000001,0.6323045454545456,0.6557721626181503,-0.03745454545454496,0.16292348955576408,-0.00041599999999999276,0.0034768603033825084,0.0,1.1015494072452725e-16,0.0,0.0,numerical diagnostic (validated candidate; theorem margins not all positive or multiple candidates),true
0.72,0.76,1.1,1.0,-1.0,0.39833422540279784,0.6016657745972022,0.17291745021514707,0.827082549784853,n/a,n/a,0.9177549682893024,0.8651669473938435,0.8914609578415729,0.4588774841446512,0.6192411768212653,0.6557721626181503,-0.03745454545454496,0.16292348955576408,-0.00041599999999999276,0.0034768603033825084,3.5860203695392556e-14,2.0556473190325164e-16,0.0,0.011446165657832482,rejected: epsilon_q=1.145e-02,false
0.72,0.76,2.3,1.0,-1.0,0.39833422540279784,0.6016657745972022,0.17291745021514707,0.827082549784853,0.6688947427689517,inf,0.9042301317313981,0.8614350982496098,0.8828326149905039,0.45211506586569905,0.9508437656616444,0.6557721626181503,-0.03745454545454496,0.16292348955576408,-0.00041599999999999276,0.0034768603033825084,8.881784197001252e-16,2.0816681711721685e-16,0.0,0.0,numerical diagnostic (validated candidate; theorem margins not all positive or multiple candidates),true
0.72,0.76,2.3,0.0,0.0,0.39833422540279784,0.6016657745972022,0.17291745021514707,0.827082549784853,n/a,n/a,0.8500000000000001,0.8500000000000001,0.8500000000000001,0.42500000000000004,0.92625,0.6557721626181503,-0.03745454545454496,0.16292348955576408,-0.00041599999999999276,0.0034768603033825084,0.0,2.7755575615628914e-17,0.0,0.05370217391304348,rejected: epsilon_q=5.370e-02,false
0.72,0.77,1.1,0.0,0.0,0.39833422540279784,0.6016657745972022,0.16510533677559083,0.8348946632244092,n/a,n/a,0.9655000000000002,0.8845000000000002,0.9250000000000003,0.4827500000000001,0.6323079545454546,0.5883332442084159,-0.12740909090909014,0.23036240796549912,-0.0009319999999999919,0.0034768603033825084,0.0,1.734723475976807e-17,0.0,0.0,numerical diagnostic (validated candidate; theorem margins not all positive or multiple candidates),true
0.72,0.77,1.1,1.0,-1.0,0.39833422540279784,0.6016657745972022,0.16510533677559083,0.8348946632244092,n/a,n/a,0.9208151480740385,0.8652163624180981,0.8930157552460682,0.46040757403701926,0.619848848954331,0.5883332442084159,-0.12740909090909014,0.23036240796549912,-0.0009319999999999919,0.0034768603033825084,3.5860203695392556e-14,1.3791051634015616e-16,0.0,0.011203446597727923,rejected: epsilon_q=1.120e-02,false
0.72,0.77,2.3,1.0,-1.0,0.39833422540279784,0.6016657745972022,0.16510533677559083,0.8348946632244092,0.5329398784898138,inf,0.907753106097942,0.8616068839958115,0.8846799950468768,0.453876553048971,0.9523142096736649,0.5883332442084159,-0.12740909090909014,0.23036240796549912,-0.0009319999999999919,0.0034768603033825084,8.881784197001252e-16,2.7755575615628914e-16,0.0,0.0,numerical diagnostic (validated candidate; theorem margins not all positive or multiple candidates),true
0.72,0.77,2.3,0.0,0.0,0.39833422540279784,0.6016657745972022,0.16510533677559083,0.8348946632244092,n/a,n/a,0.8500000000000001,0.8500000000000001,0.8500000000000001,0.42500000000000004,0.92625,0.5883332442084159,-0.12740909090909014,0.23036240796549912,-0.0009319999999999919,0.0034768603033825084,0.0,2.7755575615628914e-17,0.0,0.05370217391304348,rejected: epsilon_q=5.370e-02,false
