parameter_set,noise,cost_law,r,experiment,q_H,q_L,e_H,e_L,E,O_H,R_T,W,expected_preparation_cost,tau,x_star,status,accepted
moderate,Laplace,atoms,1.05,feedback,0.0,0.0,0.25000000000000006,0.25000000000000006,0.25000000000000006,0.12500000000000003,0.3572916666666667,0.6046130952380953,0.07500000000000002,0.533492252681764,inf,analytical (unique no-trade outcome: Delta_T < k within the maintained domain),true
moderate,Laplace,atoms,1.05,feedback,1.0,-1.0,0.756769151378591,0.46269113974624576,0.6097301455624184,0.3783845756892955,0.49463337042340855,0.751661279716743,0.3951598295505523,0.533492252681764,0.1341699214757946,rejected: epsilon_q=1.701e-03,false
moderate,Laplace,atoms,1.05,frozen,1.0,-1.0,0.756769151378591,0.46269113974624576,0.6097301455624184,0.3783845756892955,0.49463337042340855,0.751661279716743,0.3951598295505523,0.533492252681764,0.1341699214757946,numerical diagnostic (fixed full-order profile; investor deviation gain 1.701e-03),true
moderate,Laplace,atoms,1.05,price_hidden,0.0,0.0,0.25000000000000006,0.25000000000000006,0.25000000000000006,0.12500000000000003,0.3572916666666667,0.6046130952380953,0.07500000000000002,0.533492252681764,nan,analytical (price hidden; unique no trade: Delta_T < k),true
moderate,Laplace,atoms,1.05,price_hidden,1.0,-1.0,0.25000000000000006,0.25000000000000006,0.25000000000000006,0.12500000000000003,0.3572916666666667,0.6046130952380953,0.07500000000000001,0.533492252681764,nan,rejected: epsilon_q=1.877e-03,false
moderate,Laplace,atoms,1.5,feedback,0.0,0.0,0.25000000000000006,0.25000000000000006,0.25000000000000006,0.12500000000000003,0.44791666666666674,0.8104166666666666,0.07500000000000002,0.6981818181818183,inf,rejected: epsilon_q=8.417e-03,false
moderate,Laplace,atoms,1.5,feedback,1.0,-1.0,0.654064131028145,0.39954519335762495,0.526804662192885,0.3270320655140725,0.5800879480398748,0.8645918532832677,0.3213561493516675,0.6981818181818183,0.8386547642311842,analytical (unique full orders: (1-1/b) rho m Delta_T > k),true
moderate,Laplace,atoms,1.5,frozen,1.0,-1.0,0.654064131028145,0.39954519335762495,0.526804662192885,0.3270320655140725,0.5800879480398748,0.8645918532832677,0.3213561493516675,0.6981818181818183,0.8386547642311842,numerical diagnostic (fixed full-order profile; investor deviation gain 0.000e+00),true
moderate,Laplace,atoms,1.5,price_hidden,0.0,0.0,0.25000000000000006,0.25000000000000006,0.25000000000000006,0.12500000000000003,0.44791666666666674,0.8104166666666666,0.07500000000000002,0.6981818181818183,nan,rejected: epsilon_q=8.417e-03,false
moderate,Laplace,atoms,1.5,price_hidden,1.0,-1.0,0.25000000000000006,0.25000000000000006,0.25000000000000006,0.12500000000000003,0.44791666666666674,0.8104166666666666,0.07500000000000001,0.6981818181818183,nan,analytical (price hidden; unique full orders),true
