rho,cL,k,K,acc,E,eH,eL,OH,worst_acc,worst_E
0.6,2.4,0.02,0.023406929963046327,True,0.5381858444719364,0.7009685152777445,0.37540317366612824,0.35048425763887225,True,0.5097340605973579
0.5,2.3662785114166263,0.02,0.022237690888170823,True,0.5108480501955255,0.6736172340971662,0.3480788662938846,0.3368086170485831,True,0.509515977800586
0.5154,2.3662785114166263,0.02,0.022922611767526482,True,0.515380937134081,0.6780043070036323,0.3527575672645296,0.3390021535018162,True,0.5140078369093775
0.55,2.3662785114166263,0.02,0.024461459976987905,True,0.5255652155804462,0.6878609772999786,0.36326945386091386,0.3439304886499893,True,0.5240999359460129
0.6,2.3662785114166263,0.02,0.026685229065804984,True,0.5402823809653672,0.7021047205027912,0.3784600414279431,0.3510523602513956,True,0.5386838940914398
0.75,2.3662785114166263,0.02,0.03335653633225623,True,0.5844338771201296,0.7448359501112285,0.4240318041290308,0.37241797505561425,True,0.5824357685277206
0.8,2.3662785114166263,0.02,0.035580305421073315,True,0.5991510425050506,0.759079693314041,0.43922239169606003,0.3795398466570205,True,0.5970197266731474
0.5,2.4162,0.02,0.018952560445776513,True,0.5082702405494874,0.67221522335822,0.34432525774075495,0.33610761167911,True,0.47965891839462343
0.5,2.6662,0.02,0.01519979521222665,True,0.4960821336053418,0.6651530898293703,0.32701117738131336,0.33257654491468513,True,0.4297539800960306
0.45,2.4162,0.02,0.01705730440119886,True,0.4938108561291704,0.6581116812293022,0.3295100310290387,0.3290558406146511,True,0.4680606661897928
0.45,2.6662,0.02,0.013679815691003985,True,0.4828415598794393,0.6517557610533373,0.3139273587055412,0.32587788052666866,True,0.42283808118178134
