cL,member,accepted,pool_belief,tauL,pool_prob,regret_H,regret_L,br_H,br_L,E,eH,eL,OH
2.4,min_pool,True,0.26896195904260295,0.27299999999999996,0.3454745234443165,0.0,0.0,1.0,-1.0,0.4363886663986583,0.6019250992393343,0.27085223355798227,0.3009625496196672
2.4,halfline_xbar,True,0.27299999752297094,0.27299999999999996,0.392917211586659,0.0,0.0,1.0,-1.0,0.4245279943630727,0.5947516526568356,0.2543043360693098,0.2973758263284178
2.4,bathtub_E,True,0.2729964479592911,0.27299999999999996,0.3928941632352806,0.0,0.0,1.0,-1.0,0.4245337564509173,0.5947554960581961,0.25431201684363847,0.29737774802909805
2.4,bathtub_eH,True,0.2729963799500254,0.27299999999999996,0.3858406584869215,0.0,0.0,1.0,-1.0,0.4255273999337858,0.5946319899246375,0.2564228099429341,0.29731599496231875
2.6,min_pool,True,0.2698229029667063,0.297,0.3652704329690411,0.0,0.0,1.0,-1.0,0.43143968901747715,0.5991056872559747,0.2637736907789796,0.29955284362798734
2.6,halfline_xbar,True,0.2969999944790165,0.297,0.4834577140628906,0.0,0.0,1.0,-1.0,0.4018928687440148,0.5765913823480227,0.22719435514000694,0.2882956911740113
2.6,bathtub_E,True,0.29697816172433944,0.297,0.4548006775144154,0.0,0.0,1.0,-1.0,0.3981325435043024,0.5652527722430486,0.23101231476555623,0.2826263861215243
2.6,bathtub_eH,True,0.29697664039013516,0.297,0.42498359280370457,0.0,0.0,1.0,-1.0,0.4005773146802831,0.5624003426643461,0.23875428669622006,0.28120017133217307
2.8,min_pool,True,0.2717008024220668,0.32099999999999995,0.38372445306338804,0.0,0.0,1.0,-1.0,0.42682618399389044,0.5962557306486352,0.25739663733914564,0.2981278653243176
2.8,halfline_xbar,True,0.3209999930212001,0.32099999999999995,0.541603945320404,0.0,0.0,1.0,-1.0,0.3873563109296364,0.5614574202177288,0.21325520164154405,0.2807287101088644
2.8,bathtub_E,True,0.32096150518613825,0.32099999999999995,0.49142078303943687,0.0,0.0,1.0,-1.0,0.3711467755947428,0.527895891620785,0.2143976595687006,0.2639479458103925
2.8,bathtub_eH,True,0.3209593186312334,0.32099999999999995,0.4650044154698173,0.0,0.0,1.0,-1.0,0.3731598550513413,0.5254231204963887,0.22089658960629385,0.26271156024819436
2.95,min_pool,True,0.2736276619729776,0.339,0.39685502841173825,0.0,0.0,1.0,-1.0,0.42354354015680284,0.5940895947685191,0.25299748554508666,0.29704479738425954
2.95,halfline_xbar,True,0.3389999922216711,0.339,0.57930610594637,0.0,0.0,1.0,-1.0,0.37793077077314496,0.5501924688468879,0.20566907269940204,0.27509623442344394
2.95,bathtub_E,True,0.3389501445281959,0.339,0.5203627070622598,0.0,0.0,1.0,-1.0,0.3484581643792438,0.4959766745267994,0.20093965423168825,0.2479883372633997
2.95,bathtub_eH,True,0.33894780960545046,0.339,0.4970806142958872,0.0,0.0,1.0,-1.0,0.3501449611577078,0.49387899689120107,0.20641092542421458,0.24693949844560054
2.98,min_pool,True,0.2740587268642253,0.34259999999999996,0.3994183021850505,0.0,0.0,1.0,-1.0,0.42290272171347487,0.5936528158602282,0.25215262756672147,0.2968264079301141
2.98,halfline_xbar,True,0.3425999920806546,0.34259999999999996,0.5865161331054106,0.0,0.0,1.0,-1.0,0.37612826398338484,0.547914640273236,0.20434188769353365,0.273957320136618
2.98,bathtub_E,True,0.34254799804419306,0.34259999999999996,0.5264511217640246,0.0,0.0,1.0,-1.0,0.3436331143683803,0.48916849848899424,0.1980977302477664,0.24458424924449712
2.98,bathtub_eH,True,0.3425456502645365,0.34259999999999996,0.5037107481742163,0.0,0.0,1.0,-1.0,0.34526370051597993,0.4871357598996565,0.20339164113230337,0.24356787994982826
3.0,min_pool,True,0.27435396757627734,0.345,0.40111640116736913,0.0,0.0,1.0,-1.0,0.4224781969678952,0.5933609134916882,0.2515954804441022,0.2966804567458441
3.0,halfline_xbar,True,0.34499999198956177,0.345,0.5912773930661639,0.0,0.0,1.0,-1.0,0.37493794899319643,0.5463895036160631,0.20348639437032984,0.27319475180803154
3.0,bathtub_E,True,0.34494659453423443,0.345,0.5305968371287653,0.0,0.0,1.0,-1.0,0.3403599212781374,0.48455168999879267,0.1961681525574822,0.24227584499939633
3.0,bathtub_eH,True,0.344944233530454,0.345,0.5081335976698299,0.0,0.0,1.0,-1.0,0.34196000440745683,0.48255513586953136,0.2013648729453823,0.24127756793476568
3.2,min_pool,True,0.27762564579674376,0.369,0.4176684680696147,0.0,0.0,1.0,-1.0,0.41834018024233377,0.5904071124633992,0.24627324802126838,0.2952035562316996
3.2,halfline_xbar,True,0.3689999911868784,0.369,0.6374916187025993,0.0,0.0,1.0,-1.0,0.36250838129739993,0.5295311966340633,0.19548556596073652,0.26476559831703167
3.2,bathtub_E,True,0.3689335495746405,0.369,0.5743156858994353,0.0,0.0,1.0,-1.0,0.3049383181881754,0.4343132998355833,0.17556333654076756,0.21715664991779166
3.2,bathtub_eH,True,0.36893125818674377,0.369,0.5551683162618867,0.0,0.0,1.0,-1.0,0.30621239080849605,0.43270990843316404,0.17971487318382806,0.21635495421658202
3.5,min_pool,True,0.2834768061945605,0.40499999999999997,0.4413105047831002,0.0,0.0,1.0,-1.0,0.41242967106396244,0.5858342053337696,0.2390251367941552,0.2929171026668848
3.5,halfline_xbar,True,0.4049999932970318,0.40499999999999997,0.7086412964530476,0.0,0.0,1.0,-1.0,0.2913587035469516,0.42600055937303083,0.15671684772087235,0.21300027968651541
3.5,bathtub_E,True,0.40491759164541624,0.40499999999999997,0.6507608314544369,0.0,0.0,1.0,-1.0,0.2408906556508389,0.34280096126643284,0.13898035003524492,0.17140048063321642
3.5,bathtub_eH,True,0.4049156613797147,0.40499999999999997,0.6358721829788954,0.0,0.0,1.0,-1.0,0.2417661476547669,0.3416537475932129,0.1418785477163209,0.17082687379660644
4.0,min_pool,True,0.29529866555009987,0.46499999999999997,0.47871922498538594,0.0,0.0,1.0,-1.0,0.40307749101339096,0.5777022773960996,0.2284527046306823,0.2888511386980498
4.0,halfline_xbar,False,0.4649999979849157,0.46499999999999997,0.8684500160445003,0.0,0.00014280097345792733,1.0,-0.8978528076559068,0.13154998395549883,0.19234148857861388,0.07075847933238377,0.09617074428930694
4.0,bathtub_E,False,0.4649009448668411,0.46499999999999997,0.8201322173803509,0.0,0.00124878835663109,1.0,-0.6701530766950388,0.09193579002869408,0.12803383182765044,0.05583774822973772,0.06401691591382522
4.0,bathtub_eH,False,0.46489977742964056,0.46499999999999997,0.8105654628424395,0.0,0.0011799521172805756,1.0,-0.6805444409332291,0.09239619097028638,0.1274343327104068,0.057358049230165964,0.0637171663552034
