parameter_set,noise,cost_law,r,environment,mean_financial_price,seller_revenue,external_dividend,preparation_probability,high_value_ownership_probability,net_acquisition_surplus,role,status,accepted
base,Laplace,atoms,3,feedback,0.8723920450946406,0.8723920450946406,0,0.5227572972597381,0.3241924257758909,2.382300868169776,equilibrium outcome,analytical (unique full orders: (1-1/b) rho m Delta_T > k),true
base,Laplace,atoms,3,price_hidden,0.6145833333333334,0.6145833333333334,0,0.25000000000000006,0.12500000000000003,2.302083333333334,equilibrium outcome,analytical (price hidden; unique full orders),true
base,Laplace,atoms,3,matched_dividend,0.87239204509464066,0.6145833333333334,0.25780871176130726,0.25000000000000006,0.12500000000000003,2.302083333333334,analytical invariance diagnostic (control),"numerical diagnostic (level-matching dividend; residuals, orders and entry unchanged)",true
base,Laplace,uniform_mixture,3,feedback,0.8723429174307866,0.8723429174307866,0,0.5227147163813063,0.324148008634032,2.3824172498233196,equilibrium outcome,analytical (unique full orders: (1-1/b) rho m Delta_T > k),true
base,Laplace,uniform_mixture,3,price_hidden,0.6145833333333334,0.6145833333333334,0,0.25000000000000006,0.12500000000000003,2.302083333333334,equilibrium outcome,analytical (price hidden; unique full orders),true
base,Laplace,uniform_mixture,3,matched_dividend,0.87234291743078665,0.6145833333333334,0.25775958409745325,0.25000000000000006,0.12500000000000003,2.302083333333334,analytical invariance diagnostic (control),"numerical diagnostic (level-matching dividend; residuals, orders and entry unchanged)",true
base,logistic,atoms,3,feedback,0.6628544172984223,0.6628544172984223,0,0.3015088516350811,0.1619942904485151,2.312046988017781,equilibrium outcome,analytical (unique full orders: (1-1/b) rho m Delta_T > k),true
base,logistic,atoms,3,price_hidden,0.6145833333333334,0.6145833333333334,0,0.25,0.125,2.3020833333333335,equilibrium outcome,analytical (price hidden; unique full orders),true
base,logistic,atoms,3,matched_dividend,0.662854417298422346,0.6145833333333334,0.048271083965088946,0.25,0.125,2.3020833333333335,analytical invariance diagnostic (control),"numerical diagnostic (level-matching dividend; residuals, orders and entry unchanged)",true
base,logistic,uniform_mixture,3,feedback,0.6626989796586633,0.6626989796586633,0,0.30137412771940725,0.16185375668090243,2.312415214147812,equilibrium outcome,analytical (unique full orders: (1-1/b) rho m Delta_T > k),true
base,logistic,uniform_mixture,3,price_hidden,0.6145833333333334,0.6145833333333334,0,0.25,0.125,2.3020833333333335,equilibrium outcome,analytical (price hidden; unique full orders),true
base,logistic,uniform_mixture,3,matched_dividend,0.66269897965866334,0.6145833333333334,0.04811564632532994,0.25,0.125,2.3020833333333335,analytical invariance diagnostic (control),"numerical diagnostic (level-matching dividend; residuals, orders and entry unchanged)",true
