name,lo,hi,statement,holds,status
J(3) closed form (ES.1),0.0955028924240038,0.0955028924240039,J(3) = Delta_T(3) [m/2 + (e^{-1/b}/2)(atan e^{1/b} - atan sqrt(tau/(1-tau)))],True,computer-assisted
J(3) monotone Riemann enclosure of (F.3),0.0955028513087985,0.095502933538583,independent quadrature enclosure; contains the closed-form enclosure,True,computer-assisted
(1-1/b) J(3) - k,0.0277514462120019,0.027751446212002,> 0: Proposition F.3(ii) at the benchmark,True,computer-assisted
(1-1/b) Delta_T(3) m/2 - k,0.0248235702283325,0.0248235702283326,> 0: the tail-only lower bound J >= Delta_T m/2 already suffices,True,analytical (m/6 - 1/50 > 1/24 - 1/50 > 0 since e < 3)
Delta_T(1.2),0.0166666666666666,0.0166666666666667,< k = 0.02,True,computer-assisted
B_1.2(1/2),4.8041666666666666,4.8041666666666667,< c = 6,True,computer-assisted
B_3(1/2),4.2916666666666666,4.2916666666666667,< c = 6,True,computer-assisted
B_3(M),6.2171548219167073,6.2171548219167074,> c = 6,True,computer-assisted
B_3.6(M),5.9973110977340948,5.9973110977340949,< c = 6,True,computer-assisted
frak_r(k),1.2209975124224178,1.2209975124224179,Delta_T(r) = k; 1.2 lies below it,True,computer-assisted
r_C,3.5926585187946618,3.5926585187946619,B_r(M) = c; 3 < r_C < 3.6,True,computer-assisted
lim_{r->ell} B_r(1/2),4.875,4.875,= 4.875 = sup_r B_r(1/2) < c,True,computer-assisted
tau(ell),0.625,0.625,= 0.625 > 1/(1+e^{-1/b}); tau increases in r,True,computer-assisted
1/(1+e^{-1/b}),0.6224593312018545,0.6224593312018546,posterior bound on x <= 0 (Proposition ES.2(a)),True,computer-assisted
tau(3),0.7049999999999999,0.7050000000000001,= 141/200,True,computer-assisted
x*(3),0.8712224464724488,0.8712224464724489,"(b/2) log(tau/(1-tau)) in (0,1]",True,computer-assisted
r_J: (1-1/b) J(r_J) = k,2.0155164410601003,2.0155164410601075,lower edge of the minimal-pool full-order equilibrium (Proposition ES.3),True,computer-assisted
"sign of (1-1/b)J(r) - k on (ell, r_C]",1,3.5926585187946619,"< 0 below r_J and > 0 above r_J: the existence region is exactly [r_J, r_C]",True,computer-assisted (36 boxes)
r_e: plateau-edge equation (ES.4),1.6585908245511404,1.6585908245511462,Delta_T (1-tau)/2 (1 + 1/b - logit tau) = k,True,computer-assisted
n(r_e) = b logit tau(r_e) - 1,0.2469019413668952,0.2469019413668985,"the low type's order magnitude at the edge; in (0, 1)",True,computer-assisted
"sign of G on (ell, r_C]",1,3.5926585187946619,"< 0 below r_e and > 0 above r_e: plateau equilibria exist exactly on [r_e, r_C] (Proposition ES.5)",True,computer-assisted (39 boxes)
entry at r_e: 1/(4 tau(r_e)),0.384022801668302,0.3840228016683023,entry of the edge equilibrium; the jump of entry at r_e,True,computer-assisted
U_H at r_e: k n/(b - n),0.0028167499262352,0.0028167499262353,high type's profit at the edge > 0,True,computer-assisted
"Psi(z, r) < 0 for n(r) <= z <= 1, ell < r <= r_e - 1e-5",1,1.6585808245511404,no fixed point of the low type's best response when q_H = 1 (Proposition ES.4(b)),True,"computer-assisted (78 boxes, 0 unresolved)"
"dPsi/dz < 0 for n(r) <= z <= 1, 1.3 <= r <= r_C",1.3,3.5926585187946619,"Psi decreases in z: with G < 0 below r_e this closes (1.3, r_e); supported z form [n(r), z_U(r)]",True,"computer-assisted (30 boxes, 0 unresolved)"
