name,value,note
J(3) quadrature,0.09550289242400385,"note: [0.0955028924240038, 0.0955028924240039]"
(1-1/b)J(3)-k,0.027751446212001925,
r_J (quadrature root),2.015516441060108,note: 2.01551644106010
r_C (root of B_r(M)=c),3.592658518794668,note: 3.5926585
frak_r(k) root of Delta_T=k,1.2209975124224175,note: 1.2209975
G closed - Psi_quad(n) at r=1.62,-4.0419056990259605e-15,
G closed - Psi_quad(n) at r=1.66,-4.4200754167889045e-15,
G closed - Psi_quad(n) at r=2.0,-7.702172233337023e-15,
G closed - Psi_quad(n) at r=3.0,-1.491862189340054e-14,
"r_e (quadrature root of Psi(n(r), r))",1.6585908245509768,note: 1.6585908245511
n(r_e),0.24690194136684096,note: 0.2469019
1/(4 tau(r_e)),0.3840228016683059,note: 0.3840228
U_H at r_e: k n/(b-n),0.0028167499262345135,note: 0.0028167
"edge eq: high BR, value","(1.0, 0.0028167499262264604)",
"edge eq: low BR (should be n), value","(0.2469019437583259, 0.0006954610251302198)",
"edge eq: E, O_H","(0.3840228016683059, 0.25)",
"below edge r=1.250000: max Psi, argmax z, n","(-0.015685704319416925, 0.10829661150657888, 0.10829661150657888)",
"below edge r=1.400000: max Psi, argmax z, n","(-0.010558612562551065, 0.15919200218499174, 0.15919200218499174)",
"below edge r=1.550000: max Psi, argmax z, n","(-0.004576469903565189, 0.20998533270206554, 0.20998533270206554)",
"below edge r=1.620000: max Psi, argmax z, n","(-0.0016386137591031455, 0.23375991506509686, 0.23375991506509686)",
"below edge r=1.650000: max Psi, argmax z, n","(-0.0003655266544198392, 0.24397386150258593, 0.24397386150258593)",
"below edge r=1.658491: max Psi, argmax z, n","(-4.25682542962505e-06, 0.2468678489546725, 0.2468678489546725)",
max finite difference of Psi in z on grid (should be < 0),-8.103993032193557e-10,
slope of n at r_e,0.3409252478769886,note: about 0.34
slope of z_U at r_e (right difference),3.636029759757075,note: about 3.6
"slope of z_U at r_e (difference over [r_e+h, r_e+2h])",3.6358783914613997,
"plateau eq r=2.0: H BR, L BR, -n","(1.0, 0.3649037831128857, -0.36490378288639436)",
"plateau eq r=2.0: E, pi/(4tau), O_H, pi/4, mubar<tau","(0.21939258137393336, 0.21939258137393333, 0.14573935762697, 0.14573935762697, True)",
"plateau eq r=3.0: H BR, L BR, -n","(1.0, 0.7424449021638555, -0.7424448929448972)",
"plateau eq r=3.0: E, pi/(4tau), O_H, pi/4, mubar<tau","(0.11470519735822471, 0.1147051973582247, 0.08086716413754841, 0.08086716413754841, True)",
"r=3 least-entry y, entry","(1.9588923353071563, 0.15195389999674053)","note: 1.9589, 0.15195"
"r=3 cutoff-family end x', entry","(2.614003697363736, 0.1525848380889147)","note: 2.614, 0.15258"
"r=3 least-entry set: H BR, L BR","(1.0, 1.0)",
"band r=1.7: [n, z_U], least E, minimal-pool E","(0.26103775935698703, 0.38560590875946027, 0.35200590788137653, 0.3866639296765564)",
"band r=2.0: [n, z_U], least E, minimal-pool E","(0.36490378288639436, 0.980593440745384, 0.21939258137393333, 0.3939850198037972)",
"band r=2.5: [n, z_U], least E, minimal-pool E","(0.5463797764669638, 1.0, 0.1415073912483516, 0.3798168711130681)",
"band r=3.0: [n, z_U], least E, minimal-pool E","(0.7424448929448972, 1.0, 0.1147051973582247, 0.36367639634639726)",
"band r=3.5: [n, z_U], least E, minimal-pool E","(0.9576221777109803, 1.0, 0.10824277964299579, 0.34558404362966155)",
"branch r=1.7: q_L, x*, E, O_H, U_H, U_L","(-0.38560590875946027, 0.9377159252983217, 0.3866639296765564, 0.25766552972178614, 0.004777097622590425, 0.0018420770699916365)",
"branch r=1.8: q_L, x*, E, O_H, U_H, U_L","(-0.6458541590811255, 0.8247470688588247, 0.3908145814410646, 0.27097424779125645, 0.009538915817854602, 0.006160748454086126)",
"branch r=1.9: q_L, x*, E, O_H, U_H, U_L","(-0.8358487747483077, 0.7470519162186486, 0.3929975042947637, 0.2797007441361741, 0.014359797191598845, 0.012002618888232083)",
"branch r=2.0: q_L, x*, E, O_H, U_H, U_L","(-0.980593440745384, 0.6921551710700568, 0.3939850198037972, 0.28566536612496995, 0.01923851542533508, 0.018865162035762464)",
"branch r=2.5: q_L, x*, E, O_H, U_H, U_L","(-1.0, 0.7731898882330184, 0.3798168711130681, 0.27680276063846637, 0.047544841682936656, 0.047544841682936656)",
"branch r=3.0: q_L, x*, E, O_H, U_H, U_L","(-1.0, 0.8712224464719671, 0.36367639634639726, 0.2655899010345774, 0.07550289242402602, 0.07550289242402602)",
"branch r=3.59: q_L, x*, E, O_H, U_H, U_L","(-1.0, 0.9993860703056549, 0.3420748255750255, 0.25007672943457104, 0.10567129379758088, 0.10567129379758088)",
