r1,B_m,B_half,B_M,ceiling,DeltaT,a3_right,k002_in_a3,supK,r0_max,a4_entry,a4_own
2.000000,2.540737,4.562500,6.584263,False,0.250000,0.008404,False,0.004202,1.095974,3.771925,4.050426
2.300000,2.484710,4.479348,6.473986,False,0.367391,0.012351,False,0.006175,1.117481,3.678947,3.957570
2.500000,2.449449,4.425000,6.400551,False,0.450000,0.015128,False,0.007564,1.130792,3.617150,3.895975
2.700000,2.415428,4.371296,6.327164,False,0.535185,0.017992,False,0.008996,1.143430,3.555059,3.834242
2.900000,2.382390,4.318103,6.253817,False,0.622414,0.020924,True,0.010462,1.155492,3.492353,3.772097
3.000000,2.366179,4.291667,6.217155,False,0.666667,0.022412,True,0.011206,1.161330,3.460678,3.740793
3.100000,2.350145,4.265323,6.180500,False,0.711290,0.023912,True,0.011956,1.167052,3.428738,3.709295
3.300000,2.318549,4.212879,6.107209,False,0.801515,0.026945,True,0.013473,1.178174,3.363923,3.645596
3.500000,2.287489,4.160714,6.033939,False,0.892857,0.030016,True,0.015008,1.188907,3.297604,3.580756
3.600000,2.272133,4.134722,5.997311,True,0.938889,0.031563,True,0.015782,1.194142,nan,nan
