c_L,K_force,k_pure,worst_qH,worst_qL,worst_cut
2.37,0.0106834,0.0596149,1,-1,-inf
2.45,0.00904343,0.0572444,1,-0.9,-inf
2.55,0.00822066,0.0537829,1,-0.85,-0.45
2.57,0.00809682,0.0537178,1,-0.9,-0.3
2.58,0.00803813,0.0529636,1,-0.8,-0.45
2.59,0.00798137,0.0529636,1,-0.8,-0.45
2.6,0.0079264,0.0528742,1,-0.85,-0.3
2.62,0.00782135,0.052116,1,-0.75,-0.45
2.65,0.00767452,0.0191906,1,-0.7,-0.45
2.75,0.0072552,0.0174645,1,-0.7,-0.15
2.85,0.00691041,0.0156995,1,-0.7,0.15
2.95,0.00661494,0.014695,1,-0.65,0.3
3.05,0.00635457,0.0137026,1,-0.6,0.45
