eta,r,t_0_eta,t_H_eta,t_L_eta,Delta_eta,G_H_eta,G_L_eta,spread_strength_difference,profit_H_strength_difference,profit_L_strength_difference,transfer_feasibility_error,integration_error,status
0,1.2,0.0,0.6,0.5833333333333334,0.016666666666666607,9.4,0.4166666666666667,0.65,-0.9000000000000004,-0.25,0.0,1.1102230246251565e-16,"analytical (Lemma 3; acquisition-stage comparison, no entry prediction)"
0,3,0.0,1.5,0.8333333333333334,0.6666666666666666,8.5,0.16666666666666666,0.65,-0.9000000000000004,-0.25,0.0,0.0,"analytical (Lemma 3; acquisition-stage comparison, no entry prediction)"
0.01,1.2,0.006,0.694,0.5876666666666667,0.10633333333333328,9.306000000000003,0.4125,0.637,-0.8910000000000036,-0.2475,0.0,1.7763568394002505e-15,"analytical (Lemma 3; acquisition-stage comparison, no entry prediction)"
0.01,3,0.015,1.585,0.8416666666666667,0.7433333333333333,8.415,0.16499999999999998,0.637,-0.8910000000000036,-0.2475,0.0,1.1102230246251565e-16,"analytical (Lemma 3; acquisition-stage comparison, no entry prediction)"
0.02,1.2,0.012,0.7879999999999998,0.592,0.19599999999999984,9.212,0.4083333333333333,0.6239999999999999,-0.8819999999999997,-0.245,0.0,2.220446049250313e-16,"analytical (Lemma 3; acquisition-stage comparison, no entry prediction)"
0.02,3,0.03,1.6699999999999997,0.85,0.8199999999999997,8.33,0.16333333333333333,0.6239999999999999,-0.8819999999999997,-0.245,0.0,3.3306690738754696e-16,"analytical (Lemma 3; acquisition-stage comparison, no entry prediction)"
0.03,1.2,0.018,0.882,0.5963333333333334,0.2856666666666666,9.118,0.4041666666666667,0.6110000000000001,-0.8730000000000011,-0.24250000000000002,0.0,1.1102230246251565e-16,"analytical (Lemma 3; acquisition-stage comparison, no entry prediction)"
0.03,3,0.045000000000000005,1.7550000000000001,0.8583333333333334,0.8966666666666667,8.245,0.16166666666666665,0.6110000000000001,-0.8730000000000011,-0.24250000000000002,0.0,1.1102230246251565e-16,"analytical (Lemma 3; acquisition-stage comparison, no entry prediction)"
0.04,1.2,0.024,0.9760000000000001,0.6006666666666667,0.3753333333333334,9.024000000000001,0.4,0.5979999999999998,-0.8640000000000008,-0.24000000000000002,0.0,1.7763568394002505e-15,"analytical (Lemma 3; acquisition-stage comparison, no entry prediction)"
0.04,3,0.06,1.8399999999999999,0.8666666666666667,0.9733333333333332,8.16,0.16,0.5979999999999998,-0.8640000000000008,-0.24000000000000002,0.0,2.220446049250313e-16,"analytical (Lemma 3; acquisition-stage comparison, no entry prediction)"
0.05,1.2,0.03,1.07,0.6049999999999999,0.4650000000000002,8.93,0.39583333333333326,0.5849999999999996,-0.8550000000000004,-0.23749999999999996,0.0,2.220446049250313e-16,"analytical (Lemma 3; acquisition-stage comparison, no entry prediction)"
0.05,3,0.075,1.9249999999999996,0.8749999999999999,1.0499999999999998,8.075,0.1583333333333333,0.5849999999999996,-0.8550000000000004,-0.23749999999999996,0.0,2.220446049250313e-16,"analytical (Lemma 3; acquisition-stage comparison, no entry prediction)"
0.06,1.2,0.036,1.164,0.6093333333333333,0.5546666666666666,8.836,0.39166666666666666,0.5719999999999994,-0.846000000000001,-0.23500000000000001,0.0,1.1102230246251565e-16,"analytical (Lemma 3; acquisition-stage comparison, no entry prediction)"
0.06,3,0.09000000000000001,2.0099999999999993,0.8833333333333333,1.126666666666666,7.989999999999999,0.15666666666666665,0.5719999999999994,-0.846000000000001,-0.23500000000000001,0.0,6.661338147750939e-16,"analytical (Lemma 3; acquisition-stage comparison, no entry prediction)"
0.07,1.2,0.042,1.258,0.6136666666666667,0.6443333333333333,8.741999999999999,0.3875,0.5589999999999998,-0.8370000000000006,-0.2325,0.0,1.1102230246251565e-16,"analytical (Lemma 3; acquisition-stage comparison, no entry prediction)"
0.07,3,0.10500000000000002,2.0949999999999998,0.8916666666666666,1.2033333333333331,7.9049999999999985,0.155,0.5589999999999998,-0.8370000000000006,-0.2325,0.0,8.881784197001252e-16,"analytical (Lemma 3; acquisition-stage comparison, no entry prediction)"
0.08,1.2,0.048,1.3519999999999999,0.6179999999999999,0.734,8.648,0.3833333333333333,0.5460000000000003,-0.8279999999999985,-0.22999999999999998,0.0,1.7763568394002505e-15,"analytical (Lemma 3; acquisition-stage comparison, no entry prediction)"
0.08,3,0.12,2.18,0.8999999999999999,1.2800000000000002,7.820000000000001,0.15333333333333332,0.5460000000000003,-0.8279999999999985,-0.22999999999999998,0.0,8.881784197001252e-16,"analytical (Lemma 3; acquisition-stage comparison, no entry prediction)"
0.09,1.2,0.053999999999999986,1.4459999999999997,0.6223333333333333,0.8236666666666664,8.554,0.37916666666666665,0.533,-0.819,-0.2275,0.0,2.220446049250313e-16,"analytical (Lemma 3; acquisition-stage comparison, no entry prediction)"
0.09,3,0.13499999999999998,2.2649999999999997,0.9083333333333333,1.3566666666666665,7.735,0.15166666666666664,0.533,-0.819,-0.2275,0.0,2.220446049250313e-16,"analytical (Lemma 3; acquisition-stage comparison, no entry prediction)"
0.1,1.2,0.06,1.54,0.6266666666666667,0.9133333333333333,8.46,0.375,0.5200000000000002,-0.8099999999999996,-0.225,0.0,1.1102230246251565e-16,"analytical (Lemma 3; acquisition-stage comparison, no entry prediction)"
0.1,3,0.15,2.35,0.9166666666666666,1.4333333333333336,7.650000000000001,0.15,0.5200000000000002,-0.8099999999999996,-0.225,0.0,8.881784197001252e-16,"analytical (Lemma 3; acquisition-stage comparison, no entry prediction)"
0.11,1.2,0.066,1.6339999999999997,0.6310000000000001,1.0029999999999997,8.366,0.3708333333333334,0.5070000000000006,-0.8009999999999993,-0.22250000000000006,0.0,4.440892098500626e-16,"analytical (Lemma 3; acquisition-stage comparison, no entry prediction)"
0.11,3,0.16499999999999998,2.435,0.9249999999999999,1.5100000000000002,7.565,0.14833333333333334,0.5070000000000006,-0.8009999999999993,-0.22250000000000006,0.0,2.220446049250313e-16,"analytical (Lemma 3; acquisition-stage comparison, no entry prediction)"
0.12,1.2,0.072,1.728,0.6353333333333333,1.0926666666666667,8.272,0.3666666666666667,0.4939999999999998,-0.7919999999999998,-0.22000000000000003,0.0,0.0,"analytical (Lemma 3; acquisition-stage comparison, no entry prediction)"
0.12,3,0.18000000000000002,2.52,0.9333333333333335,1.5866666666666664,7.48,0.14666666666666667,0.4939999999999998,-0.7919999999999998,-0.22000000000000003,0.0,4.440892098500626e-16,"analytical (Lemma 3; acquisition-stage comparison, no entry prediction)"
0.13,1.2,0.07800000000000001,1.822,0.6396666666666666,1.1823333333333335,8.178,0.3625,0.48100000000000054,-0.7830000000000021,-0.2175,0.0,2.220446049250313e-16,"analytical (Lemma 3; acquisition-stage comparison, no entry prediction)"
0.13,3,0.19499999999999998,2.6050000000000004,0.9416666666666665,1.663333333333334,7.394999999999999,0.145,0.48100000000000054,-0.7830000000000021,-0.2175,0.0,8.881784197001252e-16,"analytical (Lemma 3; acquisition-stage comparison, no entry prediction)"
0.14,1.2,0.084,1.916,0.644,1.2719999999999998,8.083999999999998,0.35833333333333334,0.46799999999999997,-0.7739999999999982,-0.215,0.0,1.7763568394002505e-15,"analytical (Lemma 3; acquisition-stage comparison, no entry prediction)"
0.14,3,0.21000000000000005,2.69,0.9500000000000002,1.7399999999999998,7.31,0.14333333333333334,0.46799999999999997,-0.7739999999999982,-0.215,0.0,4.440892098500626e-16,"analytical (Lemma 3; acquisition-stage comparison, no entry prediction)"
0.15,1.2,0.09000000000000001,2.0099999999999993,0.6483333333333334,1.361666666666666,7.989999999999999,0.3541666666666667,0.45500000000000096,-0.7650000000000006,-0.21250000000000002,0.0,8.881784197001252e-16,"analytical (Lemma 3; acquisition-stage comparison, no entry prediction)"
0.15,3,0.22499999999999998,2.7750000000000004,0.9583333333333335,1.8166666666666669,7.224999999999999,0.14166666666666666,0.45500000000000096,-0.7650000000000006,-0.21250000000000002,0.0,8.881784197001252e-16,"analytical (Lemma 3; acquisition-stage comparison, no entry prediction)"
0.16,1.2,0.096,2.104,0.6526666666666667,1.4513333333333334,7.896,0.35,0.4420000000000006,-0.756000000000002,-0.21,0.0,1.1102230246251565e-16,"analytical (Lemma 3; acquisition-stage comparison, no entry prediction)"
0.16,3,0.24,2.8600000000000008,0.9666666666666668,1.893333333333334,7.139999999999998,0.13999999999999999,0.4420000000000006,-0.756000000000002,-0.21,0.0,1.7763568394002505e-15,"analytical (Lemma 3; acquisition-stage comparison, no entry prediction)"
0.17,1.2,0.10200000000000001,2.198,0.6569999999999999,1.541,7.802,0.3458333333333334,0.42900000000000027,-0.7469999999999999,-0.20750000000000005,0.0,5.551115123125783e-17,"analytical (Lemma 3; acquisition-stage comparison, no entry prediction)"
0.17,3,0.255,2.9450000000000003,0.975,1.9700000000000002,7.055,0.13833333333333334,0.42900000000000027,-0.7469999999999999,-0.20750000000000005,0.0,2.220446049250313e-16,"analytical (Lemma 3; acquisition-stage comparison, no entry prediction)"
0.18,1.2,0.10799999999999997,2.292,0.6613333333333334,1.6306666666666665,7.707999999999999,0.34166666666666673,0.4159999999999999,-0.7379999999999995,-0.20500000000000004,0.0,1.7763568394002505e-15,"analytical (Lemma 3; acquisition-stage comparison, no entry prediction)"
0.18,3,0.26999999999999996,3.03,0.9833333333333334,2.0466666666666664,6.97,0.1366666666666667,0.4159999999999999,-0.7379999999999995,-0.20500000000000004,0.0,8.881784197001252e-16,"analytical (Lemma 3; acquisition-stage comparison, no entry prediction)"
0.19,1.2,0.11399999999999999,2.386,0.6656666666666666,1.7203333333333335,7.614,0.3375,0.403,-0.7289999999999992,-0.2025,0.0,8.881784197001252e-16,"analytical (Lemma 3; acquisition-stage comparison, no entry prediction)"
0.19,3,0.28500000000000003,3.115,0.9916666666666666,2.1233333333333335,6.885000000000001,0.135,0.403,-0.7289999999999992,-0.2025,0.0,4.440892098500626e-16,"analytical (Lemma 3; acquisition-stage comparison, no entry prediction)"
0.2,1.2,0.12,2.4800000000000004,0.6699999999999999,1.8100000000000005,7.520000000000001,0.3333333333333334,0.3900000000000001,-0.7200000000000006,-0.20000000000000007,0.0,8.881784197001252e-16,"analytical (Lemma 3; acquisition-stage comparison, no entry prediction)"
0.2,3,0.3,3.2000000000000006,1.0,2.2000000000000006,6.800000000000001,0.13333333333333336,0.3900000000000001,-0.7200000000000006,-0.20000000000000007,0.0,4.440892098500626e-16,"analytical (Lemma 3; acquisition-stage comparison, no entry prediction)"
0.21,1.2,0.126,2.574,0.6743333333333335,1.8996666666666664,7.425999999999999,0.3291666666666667,0.3770000000000009,-0.7110000000000003,-0.19750000000000004,0.0,1.7763568394002505e-15,"analytical (Lemma 3; acquisition-stage comparison, no entry prediction)"
0.21,3,0.315,3.2850000000000006,1.0083333333333335,2.2766666666666673,6.714999999999999,0.13166666666666668,0.3770000000000009,-0.7110000000000003,-0.19750000000000004,0.0,8.881784197001252e-16,"analytical (Lemma 3; acquisition-stage comparison, no entry prediction)"
0.22,1.2,0.132,2.6680000000000006,0.6786666666666668,1.9893333333333338,7.332,0.325,0.3639999999999992,-0.702,-0.195,0.0,8.881784197001252e-16,"analytical (Lemma 3; acquisition-stage comparison, no entry prediction)"
0.22,3,0.32999999999999996,3.3699999999999997,1.0166666666666666,2.353333333333333,6.63,0.13,0.3639999999999992,-0.702,-0.195,0.0,4.440892098500626e-16,"analytical (Lemma 3; acquisition-stage comparison, no entry prediction)"
0.23,1.2,0.138,2.7620000000000005,0.683,2.0790000000000006,7.238000000000001,0.32083333333333336,0.3509999999999991,-0.6930000000000005,-0.19250000000000003,0.0,8.881784197001252e-16,"analytical (Lemma 3; acquisition-stage comparison, no entry prediction)"
0.23,3,0.345,3.455,1.0250000000000001,2.4299999999999997,6.545000000000001,0.12833333333333333,0.3509999999999991,-0.6930000000000005,-0.19250000000000003,0.0,8.881784197001252e-16,"analytical (Lemma 3; acquisition-stage comparison, no entry prediction)"
0.24,1.2,0.144,2.856,0.6873333333333335,2.1686666666666663,7.143999999999999,0.31666666666666665,0.3380000000000005,-0.6839999999999993,-0.19,0.0,8.881784197001252e-16,"analytical (Lemma 3; acquisition-stage comparison, no entry prediction)"
0.24,3,0.36000000000000004,3.5400000000000005,1.0333333333333334,2.506666666666667,6.46,0.12666666666666665,0.3380000000000005,-0.6839999999999993,-0.19,0.0,4.440892098500626e-16,"analytical (Lemma 3; acquisition-stage comparison, no entry prediction)"
0.25,1.2,0.15,2.95,0.6916666666666667,2.2583333333333337,7.05,0.3125,0.3250000000000002,-0.6749999999999998,-0.1875,0.0,8.881784197001252e-16,"analytical (Lemma 3; acquisition-stage comparison, no entry prediction)"
0.25,3,0.375,3.6250000000000004,1.0416666666666667,2.583333333333334,6.375,0.125,0.3250000000000002,-0.6749999999999998,-0.1875,0.0,4.440892098500626e-16,"analytical (Lemma 3; acquisition-stage comparison, no entry prediction)"
0.26,1.2,0.15600000000000003,3.0440000000000005,0.696,2.3480000000000008,6.9559999999999995,0.30833333333333335,0.3119999999999985,-0.6660000000000004,-0.185,0.0,8.881784197001252e-16,"analytical (Lemma 3; acquisition-stage comparison, no entry prediction)"
0.26,3,0.38999999999999996,3.7099999999999995,1.05,2.6599999999999993,6.289999999999999,0.12333333333333334,0.3119999999999985,-0.6660000000000004,-0.185,0.0,8.881784197001252e-16,"analytical (Lemma 3; acquisition-stage comparison, no entry prediction)"
0.27,1.2,0.16199999999999998,3.138,0.7003333333333333,2.437666666666667,6.861999999999999,0.30416666666666664,0.29899999999999993,-0.6569999999999983,-0.1825,0.0,8.881784197001252e-16,"analytical (Lemma 3; acquisition-stage comparison, no entry prediction)"
0.27,3,0.405,3.795,1.0583333333333331,2.736666666666667,6.205000000000001,0.12166666666666665,0.29899999999999993,-0.6569999999999983,-0.1825,0.0,8.881784197001252e-16,"analytical (Lemma 3; acquisition-stage comparison, no entry prediction)"
0.28,1.2,0.168,3.232,0.7046666666666667,2.5273333333333334,6.768,0.30000000000000004,0.2860000000000005,-0.6480000000000015,-0.18000000000000005,0.0,4.440892098500626e-16,"analytical (Lemma 3; acquisition-stage comparison, no entry prediction)"
0.28,3,0.4200000000000001,3.8800000000000003,1.0666666666666664,2.813333333333334,6.119999999999998,0.12000000000000001,0.2860000000000005,-0.6480000000000015,-0.18000000000000005,0.0,1.7763568394002505e-15,"analytical (Lemma 3; acquisition-stage comparison, no entry prediction)"
0.29,1.2,0.174,3.3260000000000005,0.7090000000000001,2.6170000000000004,6.6739999999999995,0.29583333333333334,0.27299999999999924,-0.6389999999999993,-0.1775,0.0,4.440892098500626e-16,"analytical (Lemma 3; acquisition-stage comparison, no entry prediction)"
0.29,3,0.435,3.965,1.075,2.8899999999999997,6.035,0.11833333333333333,0.27299999999999924,-0.6389999999999993,-0.1775,0.0,5.551115123125783e-17,"analytical (Lemma 3; acquisition-stage comparison, no entry prediction)"
0.3,1.2,0.18000000000000002,3.4200000000000004,0.7133333333333334,2.706666666666667,6.58,0.2916666666666667,0.2599999999999998,-0.6300000000000008,-0.17500000000000004,0.0,4.440892098500626e-16,"analytical (Lemma 3; acquisition-stage comparison, no entry prediction)"
0.3,3,0.44999999999999996,4.05,1.0833333333333333,2.966666666666667,5.949999999999999,0.11666666666666665,0.2599999999999998,-0.6300000000000008,-0.17500000000000004,0.0,4.440892098500626e-16,"analytical (Lemma 3; acquisition-stage comparison, no entry prediction)"
0.31,1.2,0.186,3.5140000000000002,0.7176666666666667,2.7963333333333336,6.485999999999999,0.2875,0.24699999999999944,-0.6209999999999996,-0.1725,0.0,8.881784197001252e-16,"analytical (Lemma 3; acquisition-stage comparison, no entry prediction)"
0.31,3,0.4650000000000001,4.135,1.0916666666666666,3.043333333333333,5.864999999999999,0.11499999999999999,0.24699999999999944,-0.6209999999999996,-0.1725,0.0,4.440892098500626e-16,"analytical (Lemma 3; acquisition-stage comparison, no entry prediction)"
0.32,1.2,0.192,3.608,0.7219999999999999,2.886,6.3919999999999995,0.2833333333333333,0.23400000000000087,-0.612000000000001,-0.16999999999999998,0.0,4.440892098500626e-16,"analytical (Lemma 3; acquisition-stage comparison, no entry prediction)"
0.32,3,0.48,4.220000000000001,1.0999999999999999,3.120000000000001,5.7799999999999985,0.11333333333333333,0.23400000000000087,-0.612000000000001,-0.16999999999999998,0.0,8.881784197001252e-16,"analytical (Lemma 3; acquisition-stage comparison, no entry prediction)"
0.33,1.2,0.198,3.7020000000000004,0.7263333333333333,2.975666666666667,6.297999999999999,0.2791666666666667,0.2209999999999992,-0.6029999999999998,-0.16750000000000004,0.0,4.440892098500626e-16,"analytical (Lemma 3; acquisition-stage comparison, no entry prediction)"
0.33,3,0.49499999999999994,4.305,1.1083333333333334,3.1966666666666663,5.694999999999999,0.11166666666666665,0.2209999999999992,-0.6029999999999998,-0.16750000000000004,0.0,4.440892098500626e-16,"analytical (Lemma 3; acquisition-stage comparison, no entry prediction)"
0.34,1.2,0.20400000000000001,3.7960000000000003,0.7306666666666666,3.0653333333333337,6.203999999999999,0.27499999999999997,0.20800000000000063,-0.5939999999999985,-0.16499999999999998,0.0,8.881784197001252e-16,"analytical (Lemma 3; acquisition-stage comparison, no entry prediction)"
0.34,3,0.51,4.390000000000001,1.1166666666666665,3.2733333333333343,5.61,0.10999999999999999,0.20800000000000063,-0.5939999999999985,-0.16499999999999998,0.0,8.881784197001252e-16,"analytical (Lemma 3; acquisition-stage comparison, no entry prediction)"
0.35,1.2,0.20999999999999996,3.89,0.735,3.1550000000000002,6.11,0.27083333333333337,0.1949999999999994,-0.5849999999999991,-0.16250000000000003,0.0,4.440892098500626e-16,"analytical (Lemma 3; acquisition-stage comparison, no entry prediction)"
0.35,3,0.5249999999999999,4.475,1.125,3.3499999999999996,5.525000000000001,0.10833333333333334,0.1949999999999994,-0.5849999999999991,-0.16250000000000003,0.0,8.881784197001252e-16,"analytical (Lemma 3; acquisition-stage comparison, no entry prediction)"
0.36,1.2,0.21599999999999994,3.9839999999999987,0.7393333333333333,3.2446666666666655,6.015999999999999,0.26666666666666666,0.18200000000000216,-0.5759999999999987,-0.16000000000000003,0.0,8.881784197001252e-16,"analytical (Lemma 3; acquisition-stage comparison, no entry prediction)"
0.36,3,0.5399999999999999,4.5600000000000005,1.133333333333333,3.4266666666666676,5.44,0.10666666666666665,0.18200000000000216,-0.5759999999999987,-0.16000000000000003,0.0,1.3322676295501878e-15,"analytical (Lemma 3; acquisition-stage comparison, no entry prediction)"
0.37,1.2,0.22199999999999995,4.077999999999999,0.7436666666666666,3.334333333333333,5.922000000000001,0.2625,0.16900000000000004,-0.5670000000000002,-0.15750000000000003,0.0,8.881784197001252e-16,"analytical (Lemma 3; acquisition-stage comparison, no entry prediction)"
0.37,3,0.5549999999999999,4.645,1.1416666666666668,3.503333333333333,5.355,0.105,0.16900000000000004,-0.5670000000000002,-0.15750000000000003,0.0,8.881784197001252e-16,"analytical (Lemma 3; acquisition-stage comparison, no entry prediction)"
0.38,1.2,0.22799999999999998,4.172,0.748,3.4239999999999995,5.827999999999999,0.2583333333333334,0.15600000000000103,-0.5579999999999998,-0.15500000000000008,0.0,8.881784197001252e-16,"analytical (Lemma 3; acquisition-stage comparison, no entry prediction)"
0.38,3,0.5700000000000001,4.73,1.15,3.5800000000000005,5.27,0.10333333333333335,0.15600000000000103,-0.5579999999999998,-0.15500000000000008,0.0,8.881784197001252e-16,"analytical (Lemma 3; acquisition-stage comparison, no entry prediction)"
0.39,1.2,0.234,4.266,0.7523333333333334,3.5136666666666665,5.734,0.25416666666666665,0.1429999999999998,-0.5489999999999995,-0.15249999999999997,0.0,4.440892098500626e-16,"analytical (Lemma 3; acquisition-stage comparison, no entry prediction)"
0.39,3,0.585,4.8149999999999995,1.1583333333333332,3.6566666666666663,5.1850000000000005,0.10166666666666667,0.1429999999999998,-0.5489999999999995,-0.15249999999999997,0.0,8.881784197001252e-16,"analytical (Lemma 3; acquisition-stage comparison, no entry prediction)"
0.4,1.2,0.24,4.36,0.7566666666666666,3.6033333333333335,5.64,0.25,0.1299999999999999,-0.5399999999999991,-0.15000000000000002,0.0,0.0,"analytical (Lemma 3; acquisition-stage comparison, no entry prediction)"
0.4,3,0.6,4.9,1.1666666666666667,3.7333333333333334,5.1000000000000005,0.09999999999999999,0.1299999999999999,-0.5399999999999991,-0.15000000000000002,0.0,8.881784197001252e-16,"analytical (Lemma 3; acquisition-stage comparison, no entry prediction)"
0.41,1.2,0.24599999999999994,4.454,0.761,3.6929999999999996,5.546000000000001,0.24583333333333338,0.11699999999999999,-0.5310000000000006,-0.14750000000000002,0.0,4.440892098500626e-16,"analytical (Lemma 3; acquisition-stage comparison, no entry prediction)"
0.41,3,0.615,4.984999999999999,1.175,3.8099999999999996,5.015000000000001,0.09833333333333334,0.11699999999999999,-0.5310000000000006,-0.14750000000000002,0.0,4.440892098500626e-16,"analytical (Lemma 3; acquisition-stage comparison, no entry prediction)"
0.42,1.2,0.252,4.548,0.7653333333333333,3.7826666666666666,5.452,0.24166666666666675,0.10400000000000009,-0.5220000000000002,-0.14500000000000007,0.0,8.881784197001252e-16,"analytical (Lemma 3; acquisition-stage comparison, no entry prediction)"
0.42,3,0.63,5.07,1.1833333333333333,3.8866666666666667,4.93,0.09666666666666669,0.10400000000000009,-0.5220000000000002,-0.14500000000000007,0.0,8.881784197001252e-16,"analytical (Lemma 3; acquisition-stage comparison, no entry prediction)"
0.43,1.2,0.258,4.641999999999999,0.7696666666666667,3.872333333333332,5.3580000000000005,0.23750000000000004,0.09100000000000019,-0.5129999999999999,-0.14250000000000002,0.0,1.7763568394002505e-15,"analytical (Lemma 3; acquisition-stage comparison, no entry prediction)"
0.43,3,0.645,5.1549999999999985,1.1916666666666667,3.963333333333332,4.845000000000001,0.09500000000000001,0.09100000000000019,-0.5129999999999999,-0.14250000000000002,0.0,1.7763568394002505e-15,"analytical (Lemma 3; acquisition-stage comparison, no entry prediction)"
0.44,1.2,0.264,4.736000000000001,0.7740000000000001,3.9620000000000006,5.264000000000001,0.23333333333333336,0.0779999999999994,-0.5040000000000013,-0.14,0.0,8.881784197001252e-16,"analytical (Lemma 3; acquisition-stage comparison, no entry prediction)"
0.44,3,0.6599999999999999,5.24,1.2000000000000002,4.04,4.76,0.09333333333333334,0.0779999999999994,-0.5040000000000013,-0.14,0.0,8.881784197001252e-16,"analytical (Lemma 3; acquisition-stage comparison, no entry prediction)"
0.45,1.2,0.26999999999999996,4.83,0.7783333333333334,4.051666666666667,5.170000000000002,0.22916666666666669,0.06499999999999861,-0.495000000000001,-0.1375,0.0,8.881784197001252e-16,"analytical (Lemma 3; acquisition-stage comparison, no entry prediction)"
0.45,3,0.6750000000000002,5.324999999999999,1.2083333333333335,4.116666666666665,4.675000000000001,0.09166666666666667,0.06499999999999861,-0.495000000000001,-0.1375,0.0,8.881784197001252e-16,"analytical (Lemma 3; acquisition-stage comparison, no entry prediction)"
0.46,1.2,0.276,4.924000000000001,0.7826666666666665,4.141333333333335,5.0760000000000005,0.22499999999999998,0.0519999999999996,-0.48600000000000065,-0.135,0.0,8.881784197001252e-16,"analytical (Lemma 3; acquisition-stage comparison, no entry prediction)"
0.46,3,0.69,5.410000000000001,1.2166666666666666,4.193333333333334,4.59,0.08999999999999998,0.0519999999999996,-0.48600000000000065,-0.135,0.0,8.881784197001252e-16,"analytical (Lemma 3; acquisition-stage comparison, no entry prediction)"
0.47,1.2,0.282,5.018,0.7869999999999999,4.231,4.982,0.22083333333333335,0.03900000000000059,-0.4769999999999994,-0.1325,0.0,8.881784197001252e-16,"analytical (Lemma 3; acquisition-stage comparison, no entry prediction)"
0.47,3,0.705,5.495,1.2249999999999999,4.2700000000000005,4.505000000000001,0.08833333333333333,0.03900000000000059,-0.4769999999999994,-0.1325,0.0,8.881784197001252e-16,"analytical (Lemma 3; acquisition-stage comparison, no entry prediction)"
0.48,1.2,0.288,5.112,0.7913333333333333,4.320666666666667,4.888,0.21666666666666667,0.02600000000000069,-0.46799999999999997,-0.13,0.0,8.881784197001252e-16,"analytical (Lemma 3; acquisition-stage comparison, no entry prediction)"
0.48,3,0.7200000000000001,5.580000000000001,1.2333333333333334,4.346666666666668,4.42,0.08666666666666667,0.02600000000000069,-0.46799999999999997,-0.13,0.0,8.881784197001252e-16,"analytical (Lemma 3; acquisition-stage comparison, no entry prediction)"
0.49,1.2,0.294,5.2059999999999995,0.7956666666666666,4.410333333333333,4.794,0.21250000000000002,0.013000000000000789,-0.45899999999999874,-0.1275,0.0,8.881784197001252e-16,"analytical (Lemma 3; acquisition-stage comparison, no entry prediction)"
0.49,3,0.735,5.665,1.2416666666666667,4.423333333333334,4.335000000000001,0.085,0.013000000000000789,-0.45899999999999874,-0.1275,0.0,8.881784197001252e-16,"analytical (Lemma 3; acquisition-stage comparison, no entry prediction)"
0.5,1.2,0.3,5.300000000000001,0.8,4.500000000000001,4.7,0.20833333333333334,-8.881784197001252e-16,-0.4500000000000002,-0.125,0.0,8.881784197001252e-16,"analytical (Lemma 3; acquisition-stage comparison, no entry prediction)"
0.5,3,0.75,5.75,1.25,4.5,4.25,0.08333333333333333,-8.881784197001252e-16,-0.4500000000000002,-0.125,0.0,0.0,"analytical (Lemma 3; acquisition-stage comparison, no entry prediction)"
0.51,1.2,0.306,5.393999999999999,0.8043333333333335,4.589666666666666,4.606,0.20416666666666666,-0.0129999999999999,-0.44099999999999984,-0.1225,0.0,2.220446049250313e-16,"analytical (Lemma 3; acquisition-stage comparison, no entry prediction)"
0.51,3,0.765,5.835,1.2583333333333333,4.576666666666666,4.165,0.08166666666666667,-0.0129999999999999,-0.44099999999999984,-0.1225,0.0,0.0,"analytical (Lemma 3; acquisition-stage comparison, no entry prediction)"
0.52,1.2,0.31200000000000006,5.4879999999999995,0.8086666666666666,4.679333333333333,4.5120000000000005,0.2,-0.02600000000000069,-0.4320000000000004,-0.12000000000000001,0.0,8.881784197001252e-16,"analytical (Lemma 3; acquisition-stage comparison, no entry prediction)"
0.52,3,0.7799999999999999,5.919999999999999,1.2666666666666664,4.653333333333332,4.08,0.08,-0.02600000000000069,-0.4320000000000004,-0.12000000000000001,0.0,8.881784197001252e-16,"analytical (Lemma 3; acquisition-stage comparison, no entry prediction)"
0.53,1.2,0.31800000000000006,5.582000000000001,0.8129999999999998,4.769000000000001,4.418,0.19583333333333333,-0.03900000000000059,-0.4230000000000005,-0.11750000000000001,0.0,8.881784197001252e-16,"analytical (Lemma 3; acquisition-stage comparison, no entry prediction)"
0.53,3,0.7950000000000003,6.005,1.2749999999999997,4.73,3.9949999999999997,0.07833333333333332,-0.03900000000000059,-0.4230000000000005,-0.11750000000000001,0.0,8.881784197001252e-16,"analytical (Lemma 3; acquisition-stage comparison, no entry prediction)"
0.54,1.2,0.32399999999999995,5.676,0.8173333333333334,4.858666666666667,4.324,0.19166666666666665,-0.05200000000000138,-0.4139999999999997,-0.11499999999999999,0.0,1.1102230246251565e-16,"analytical (Lemma 3; acquisition-stage comparison, no entry prediction)"
0.54,3,0.81,6.089999999999999,1.2833333333333334,4.806666666666666,3.91,0.07666666666666666,-0.05200000000000138,-0.4139999999999997,-0.11499999999999999,0.0,8.881784197001252e-16,"analytical (Lemma 3; acquisition-stage comparison, no entry prediction)"
0.55,1.2,0.32999999999999996,5.769999999999999,0.8216666666666667,4.948333333333332,4.2299999999999995,0.18749999999999997,-0.0649999999999995,-0.4049999999999998,-0.11249999999999999,0.0,8.881784197001252e-16,"analytical (Lemma 3; acquisition-stage comparison, no entry prediction)"
0.55,3,0.8250000000000001,6.175,1.2916666666666667,4.883333333333333,3.8249999999999997,0.07499999999999998,-0.0649999999999995,-0.4049999999999998,-0.11249999999999999,0.0,8.881784197001252e-16,"analytical (Lemma 3; acquisition-stage comparison, no entry prediction)"
0.56,1.2,0.336,5.864000000000001,0.826,5.038000000000001,4.135999999999999,0.18333333333333332,-0.07800000000000029,-0.39600000000000035,-0.11,0.0,0.0,"analytical (Lemma 3; acquisition-stage comparison, no entry prediction)"
0.56,3,0.8400000000000002,6.260000000000001,1.3,4.960000000000001,3.739999999999999,0.07333333333333332,-0.07800000000000029,-0.39600000000000035,-0.11,0.0,4.440892098500626e-16,"analytical (Lemma 3; acquisition-stage comparison, no entry prediction)"
0.57,1.2,0.34199999999999997,5.957999999999999,0.8303333333333331,5.127666666666666,4.042,0.17916666666666672,-0.09100000000000108,-0.387,-0.10750000000000004,0.0,8.881784197001252e-16,"analytical (Lemma 3; acquisition-stage comparison, no entry prediction)"
0.57,3,0.855,6.344999999999998,1.3083333333333331,5.036666666666665,3.655,0.07166666666666668,-0.09100000000000108,-0.387,-0.10750000000000004,0.0,1.7763568394002505e-15,"analytical (Lemma 3; acquisition-stage comparison, no entry prediction)"
0.58,1.2,0.348,6.052,0.8346666666666669,5.2173333333333325,3.948,0.17500000000000004,-0.10400000000000009,-0.37799999999999967,-0.10500000000000002,0.0,8.881784197001252e-16,"analytical (Lemma 3; acquisition-stage comparison, no entry prediction)"
0.58,3,0.87,6.429999999999999,1.3166666666666667,5.113333333333332,3.5700000000000003,0.07000000000000002,-0.10400000000000009,-0.37799999999999967,-0.10500000000000002,0.0,8.881784197001252e-16,"analytical (Lemma 3; acquisition-stage comparison, no entry prediction)"
0.59,1.2,0.3539999999999999,6.145999999999999,0.8390000000000002,5.306999999999999,3.8539999999999996,0.17083333333333336,-0.11700000000000088,-0.3689999999999998,-0.10250000000000002,0.0,8.881784197001252e-16,"analytical (Lemma 3; acquisition-stage comparison, no entry prediction)"
0.59,3,0.8850000000000001,6.514999999999998,1.3250000000000002,5.189999999999998,3.485,0.06833333333333334,-0.11700000000000088,-0.3689999999999998,-0.10250000000000002,0.0,1.7763568394002505e-15,"analytical (Lemma 3; acquisition-stage comparison, no entry prediction)"
0.6,1.2,0.36000000000000004,6.24,0.8433333333333334,5.3966666666666665,3.7600000000000007,0.1666666666666667,-0.13000000000000167,-0.3600000000000003,-0.10000000000000003,0.0,4.440892098500626e-16,"analytical (Lemma 3; acquisition-stage comparison, no entry prediction)"
0.6,3,0.8999999999999999,6.599999999999999,1.3333333333333337,5.266666666666665,3.4000000000000004,0.06666666666666668,-0.13000000000000167,-0.3600000000000003,-0.10000000000000003,0.0,8.881784197001252e-16,"analytical (Lemma 3; acquisition-stage comparison, no entry prediction)"
0.61,1.2,0.36600000000000005,6.334,0.8476666666666666,5.486333333333333,3.666,0.1625,-0.14300000000000068,-0.351,-0.0975,0.0,8.881784197001252e-16,"analytical (Lemma 3; acquisition-stage comparison, no entry prediction)"
0.61,3,0.915,6.684999999999999,1.3416666666666666,5.343333333333332,3.315,0.065,-0.14300000000000068,-0.351,-0.0975,0.0,1.7763568394002505e-15,"analytical (Lemma 3; acquisition-stage comparison, no entry prediction)"
0.62,1.2,0.372,6.428000000000001,0.852,5.5760000000000005,3.5719999999999996,0.15833333333333333,-0.1559999999999997,-0.34199999999999964,-0.095,0.0,8.881784197001252e-16,"analytical (Lemma 3; acquisition-stage comparison, no entry prediction)"
0.62,3,0.9300000000000002,6.7700000000000005,1.3499999999999999,5.420000000000001,3.23,0.06333333333333332,-0.1559999999999997,-0.34199999999999964,-0.095,0.0,8.881784197001252e-16,"analytical (Lemma 3; acquisition-stage comparison, no entry prediction)"
0.63,1.2,0.37799999999999995,6.521999999999999,0.8563333333333334,5.665666666666666,3.4779999999999998,0.15416666666666667,-0.1689999999999987,-0.3330000000000002,-0.0925,0.0,8.881784197001252e-16,"analytical (Lemma 3; acquisition-stage comparison, no entry prediction)"
0.63,3,0.945,6.855,1.3583333333333334,5.496666666666667,3.1449999999999996,0.06166666666666667,-0.1689999999999987,-0.3330000000000002,-0.0925,0.0,8.881784197001252e-16,"analytical (Lemma 3; acquisition-stage comparison, no entry prediction)"
0.64,1.2,0.384,6.616000000000001,0.8606666666666667,5.7553333333333345,3.384,0.15000000000000002,-0.18200000000000127,-0.32400000000000073,-0.09000000000000002,0.0,1.7763568394002505e-15,"analytical (Lemma 3; acquisition-stage comparison, no entry prediction)"
0.64,3,0.96,6.94,1.366666666666667,5.573333333333333,3.059999999999999,0.060000000000000005,-0.18200000000000127,-0.32400000000000073,-0.09000000000000002,0.0,8.881784197001252e-16,"analytical (Lemma 3; acquisition-stage comparison, no entry prediction)"
0.65,1.2,0.38999999999999996,6.710000000000002,0.8649999999999999,5.8450000000000015,3.29,0.14583333333333334,-0.19500000000000028,-0.3150000000000004,-0.08750000000000002,0.0,1.7763568394002505e-15,"analytical (Lemma 3; acquisition-stage comparison, no entry prediction)"
0.65,3,0.9750000000000002,7.025000000000001,1.375,5.650000000000001,2.9749999999999996,0.05833333333333333,-0.19500000000000028,-0.3150000000000004,-0.08750000000000002,0.0,8.881784197001252e-16,"analytical (Lemma 3; acquisition-stage comparison, no entry prediction)"
0.66,1.2,0.396,6.804,0.8693333333333335,5.934666666666667,3.1959999999999997,0.14166666666666666,-0.20800000000000107,-0.3060000000000005,-0.08499999999999999,0.0,2.220446049250313e-16,"analytical (Lemma 3; acquisition-stage comparison, no entry prediction)"
0.66,3,0.9899999999999999,7.109999999999999,1.3833333333333335,5.726666666666666,2.8899999999999992,0.056666666666666664,-0.20800000000000107,-0.3060000000000005,-0.08499999999999999,0.0,8.881784197001252e-16,"analytical (Lemma 3; acquisition-stage comparison, no entry prediction)"
0.67,1.2,0.40199999999999997,6.898,0.8736666666666665,6.024333333333333,3.1019999999999994,0.13749999999999998,-0.2209999999999983,-0.29699999999999926,-0.08249999999999999,0.0,8.881784197001252e-16,"analytical (Lemma 3; acquisition-stage comparison, no entry prediction)"
0.67,3,1.0050000000000001,7.195000000000001,1.3916666666666664,5.803333333333335,2.805,0.05499999999999999,-0.2209999999999983,-0.29699999999999926,-0.08249999999999999,0.0,8.881784197001252e-16,"analytical (Lemma 3; acquisition-stage comparison, no entry prediction)"
0.68,1.2,0.40800000000000003,6.992000000000002,0.8780000000000001,6.114000000000002,3.007999999999999,0.1333333333333333,-0.23400000000000087,-0.2879999999999989,-0.07999999999999999,0.0,1.7763568394002505e-15,"analytical (Lemma 3; acquisition-stage comparison, no entry prediction)"
0.68,3,1.02,7.280000000000001,1.4000000000000004,5.880000000000001,2.72,0.053333333333333316,-0.23400000000000087,-0.2879999999999989,-0.07999999999999999,0.0,8.881784197001252e-16,"analytical (Lemma 3; acquisition-stage comparison, no entry prediction)"
0.69,1.2,0.4139999999999999,7.086,0.8823333333333333,6.203666666666667,2.914,0.1291666666666667,-0.24700000000000077,-0.27899999999999947,-0.07750000000000001,0.0,8.881784197001252e-16,"analytical (Lemma 3; acquisition-stage comparison, no entry prediction)"
0.69,3,1.035,7.364999999999999,1.4083333333333332,5.956666666666666,2.6350000000000007,0.05166666666666669,-0.24700000000000077,-0.27899999999999947,-0.07750000000000001,0.0,1.3877787807814457e-17,"analytical (Lemma 3; acquisition-stage comparison, no entry prediction)"
0.7,1.2,0.41999999999999993,7.18,0.8866666666666667,6.293333333333333,2.82,0.12500000000000003,-0.2599999999999998,-0.26999999999999913,-0.07500000000000001,0.0,8.881784197001252e-16,"analytical (Lemma 3; acquisition-stage comparison, no entry prediction)"
0.7,3,1.0499999999999998,7.45,1.4166666666666667,6.033333333333333,2.5500000000000007,0.05000000000000001,-0.2599999999999998,-0.26999999999999913,-0.07500000000000001,0.0,4.440892098500626e-16,"analytical (Lemma 3; acquisition-stage comparison, no entry prediction)"
0.71,1.2,0.42599999999999993,7.273999999999998,0.891,6.382999999999998,2.726,0.12083333333333338,-0.2729999999999979,-0.2610000000000001,-0.07250000000000004,0.0,1.7763568394002505e-15,"analytical (Lemma 3; acquisition-stage comparison, no entry prediction)"
0.71,3,1.065,7.535,1.425,6.11,2.465,0.048333333333333346,-0.2729999999999979,-0.2610000000000001,-0.07250000000000004,0.0,8.881784197001252e-16,"analytical (Lemma 3; acquisition-stage comparison, no entry prediction)"
0.72,1.2,0.4319999999999999,7.368,0.8953333333333332,6.472666666666667,2.6320000000000006,0.11666666666666668,-0.2860000000000005,-0.25200000000000067,-0.07,0.0,8.881784197001252e-16,"analytical (Lemma 3; acquisition-stage comparison, no entry prediction)"
0.72,3,1.0799999999999998,7.62,1.4333333333333336,6.1866666666666665,2.38,0.04666666666666667,-0.2860000000000005,-0.25200000000000067,-0.07,0.0,8.881784197001252e-16,"analytical (Lemma 3; acquisition-stage comparison, no entry prediction)"
0.73,1.2,0.438,7.462,0.8996666666666666,6.562333333333333,2.5380000000000003,0.11249999999999999,-0.2989999999999986,-0.24300000000000033,-0.0675,0.0,8.881784197001252e-16,"analytical (Lemma 3; acquisition-stage comparison, no entry prediction)"
0.73,3,1.095,7.705000000000001,1.4416666666666664,6.2633333333333345,2.295,0.04499999999999999,-0.2989999999999986,-0.24300000000000033,-0.0675,0.0,8.881784197001252e-16,"analytical (Lemma 3; acquisition-stage comparison, no entry prediction)"
0.74,1.2,0.4439999999999999,7.556000000000002,0.904,6.652000000000002,2.444,0.10833333333333334,-0.3120000000000003,-0.23399999999999999,-0.065,0.0,1.7763568394002505e-15,"analytical (Lemma 3; acquisition-stage comparison, no entry prediction)"
0.74,3,1.1099999999999999,7.790000000000002,1.4500000000000002,6.340000000000002,2.21,0.043333333333333335,-0.3120000000000003,-0.23399999999999999,-0.065,0.0,1.7763568394002505e-15,"analytical (Lemma 3; acquisition-stage comparison, no entry prediction)"
0.75,1.2,0.44999999999999984,7.65,0.9083333333333334,6.741666666666667,2.35,0.10416666666666667,-0.32500000000000107,-0.2250000000000001,-0.0625,0.0,8.881784197001252e-16,"analytical (Lemma 3; acquisition-stage comparison, no entry prediction)"
0.75,3,1.125,7.874999999999999,1.4583333333333333,6.416666666666666,2.125,0.041666666666666664,-0.32500000000000107,-0.2250000000000001,-0.0625,0.0,8.881784197001252e-16,"analytical (Lemma 3; acquisition-stage comparison, no entry prediction)"
0.76,1.2,0.45599999999999996,7.744,0.9126666666666666,6.831333333333333,2.2560000000000002,0.1,-0.3380000000000001,-0.2160000000000002,-0.060000000000000005,0.0,4.440892098500626e-16,"analytical (Lemma 3; acquisition-stage comparison, no entry prediction)"
0.76,3,1.1400000000000001,7.96,1.4666666666666666,6.493333333333333,2.04,0.04,-0.3380000000000001,-0.2160000000000002,-0.060000000000000005,0.0,2.220446049250313e-16,"analytical (Lemma 3; acquisition-stage comparison, no entry prediction)"
0.77,1.2,0.462,7.838,0.917,6.921,2.162,0.09583333333333333,-0.351,-0.20699999999999985,-0.057499999999999996,0.0,8.881784197001252e-16,"analytical (Lemma 3; acquisition-stage comparison, no entry prediction)"
0.77,3,1.155,8.045,1.4749999999999999,6.57,1.955,0.03833333333333333,-0.351,-0.20699999999999985,-0.057499999999999996,0.0,8.881784197001252e-16,"analytical (Lemma 3; acquisition-stage comparison, no entry prediction)"
0.78,1.2,0.468,7.932,0.9213333333333334,7.010666666666667,2.0679999999999996,0.09166666666666666,-0.36400000000000166,-0.19800000000000018,-0.055,0.0,2.220446049250313e-16,"analytical (Lemma 3; acquisition-stage comparison, no entry prediction)"
0.78,3,1.17,8.129999999999999,1.4833333333333336,6.646666666666666,1.8699999999999994,0.03666666666666666,-0.36400000000000166,-0.19800000000000018,-0.055,0.0,1.7763568394002505e-15,"analytical (Lemma 3; acquisition-stage comparison, no entry prediction)"
0.79,1.2,0.474,8.026,0.9256666666666665,7.100333333333333,1.9739999999999995,0.0875,-0.3769999999999998,-0.18900000000000006,-0.0525,0.0,2.220446049250313e-16,"analytical (Lemma 3; acquisition-stage comparison, no entry prediction)"
0.79,3,1.185,8.215,1.4916666666666665,6.723333333333334,1.7849999999999995,0.034999999999999996,-0.3769999999999998,-0.18900000000000006,-0.0525,0.0,4.440892098500626e-16,"analytical (Lemma 3; acquisition-stage comparison, no entry prediction)"
0.8,1.2,0.48,8.120000000000001,0.9299999999999999,7.190000000000001,1.8799999999999994,0.08333333333333331,-0.39000000000000057,-0.1799999999999995,-0.04999999999999999,0.0,1.7763568394002505e-15,"analytical (Lemma 3; acquisition-stage comparison, no entry prediction)"
0.8,3,1.2,8.3,1.4999999999999998,6.800000000000001,1.7,0.033333333333333326,-0.39000000000000057,-0.1799999999999995,-0.04999999999999999,0.0,8.881784197001252e-16,"analytical (Lemma 3; acquisition-stage comparison, no entry prediction)"
0.81,1.2,0.48600000000000004,8.214000000000002,0.9343333333333333,7.279666666666669,1.7859999999999996,0.07916666666666665,-0.40300000000000136,-0.17100000000000026,-0.047499999999999994,0.0,1.7763568394002505e-15,"analytical (Lemma 3; acquisition-stage comparison, no entry prediction)"
0.81,3,1.215,8.385000000000002,1.5083333333333335,6.876666666666668,1.6149999999999993,0.031666666666666655,-0.40300000000000136,-0.17100000000000026,-0.047499999999999994,0.0,2.220446049250313e-16,"analytical (Lemma 3; acquisition-stage comparison, no entry prediction)"
0.82,1.2,0.4919999999999999,8.307999999999998,0.9386666666666665,7.369333333333332,1.6920000000000006,0.07500000000000002,-0.41600000000000126,-0.16200000000000014,-0.04500000000000001,0.0,1.7763568394002505e-15,"analytical (Lemma 3; acquisition-stage comparison, no entry prediction)"
0.82,3,1.23,8.469999999999997,1.5166666666666666,6.9533333333333305,1.5300000000000005,0.03000000000000001,-0.41600000000000126,-0.16200000000000014,-0.04500000000000001,0.0,2.6645352591003757e-15,"analytical (Lemma 3; acquisition-stage comparison, no entry prediction)"
0.83,1.2,0.49799999999999994,8.401999999999997,0.943,7.458999999999998,1.5980000000000003,0.07083333333333336,-0.4289999999999967,-0.1530000000000007,-0.042500000000000024,0.0,1.7763568394002505e-15,"analytical (Lemma 3; acquisition-stage comparison, no entry prediction)"
0.83,3,1.245,8.555000000000001,1.5250000000000001,7.030000000000001,1.4449999999999996,0.02833333333333334,-0.4289999999999967,-0.1530000000000007,-0.042500000000000024,0.0,1.7763568394002505e-15,"analytical (Lemma 3; acquisition-stage comparison, no entry prediction)"
0.84,1.2,0.504,8.496,0.9473333333333332,7.5486666666666675,1.5040000000000002,0.06666666666666668,-0.44200000000000195,-0.1439999999999999,-0.04000000000000001,0.0,8.881784197001252e-16,"analytical (Lemma 3; acquisition-stage comparison, no entry prediction)"
0.84,3,1.26,8.639999999999999,1.5333333333333332,7.106666666666666,1.3600000000000003,0.026666666666666672,-0.44200000000000195,-0.1439999999999999,-0.04000000000000001,0.0,1.7763568394002505e-15,"analytical (Lemma 3; acquisition-stage comparison, no entry prediction)"
0.85,1.2,0.51,8.59,0.9516666666666667,7.638333333333334,1.41,0.06250000000000001,-0.4549999999999992,-0.13499999999999956,-0.037500000000000006,0.0,8.881784197001252e-16,"analytical (Lemma 3; acquisition-stage comparison, no entry prediction)"
0.85,3,1.2750000000000001,8.725000000000001,1.5416666666666667,7.1833333333333345,1.2750000000000004,0.025000000000000005,-0.4549999999999992,-0.13499999999999956,-0.037500000000000006,0.0,1.7763568394002505e-15,"analytical (Lemma 3; acquisition-stage comparison, no entry prediction)"
0.86,1.2,0.516,8.684,0.9560000000000001,7.727999999999999,1.3160000000000003,0.05833333333333334,-0.46799999999999997,-0.12600000000000033,-0.035,0.0,1.7763568394002505e-15,"analytical (Lemma 3; acquisition-stage comparison, no entry prediction)"
0.86,3,1.29,8.809999999999999,1.55,7.259999999999999,1.19,0.023333333333333334,-0.46799999999999997,-0.12600000000000033,-0.035,0.0,1.7763568394002505e-15,"analytical (Lemma 3; acquisition-stage comparison, no entry prediction)"
0.87,1.2,0.522,8.777999999999999,0.9603333333333335,7.817666666666665,1.222,0.05416666666666667,-0.480999999999999,-0.11699999999999999,-0.0325,0.0,1.7763568394002505e-15,"analytical (Lemma 3; acquisition-stage comparison, no entry prediction)"
0.87,3,1.3049999999999997,8.895,1.5583333333333336,7.336666666666666,1.105,0.021666666666666667,-0.480999999999999,-0.11699999999999999,-0.0325,0.0,8.881784197001252e-16,"analytical (Lemma 3; acquisition-stage comparison, no entry prediction)"
0.88,1.2,0.528,8.872000000000002,0.9646666666666667,7.907333333333335,1.1280000000000001,0.05,-0.49400000000000066,-0.1080000000000001,-0.030000000000000002,0.0,1.7763568394002505e-15,"analytical (Lemma 3; acquisition-stage comparison, no entry prediction)"
0.88,3,1.3199999999999998,8.98,1.5666666666666667,7.413333333333334,1.02,0.02,-0.49400000000000066,-0.1080000000000001,-0.030000000000000002,0.0,8.881784197001252e-16,"analytical (Lemma 3; acquisition-stage comparison, no entry prediction)"
0.89,1.2,0.5339999999999999,8.966000000000001,0.9689999999999999,7.997000000000002,1.0339999999999998,0.04583333333333333,-0.5070000000000006,-0.09900000000000009,-0.0275,0.0,1.7763568394002505e-15,"analytical (Lemma 3; acquisition-stage comparison, no entry prediction)"
0.89,3,1.3350000000000002,9.065000000000001,1.575,7.490000000000001,0.9349999999999997,0.01833333333333333,-0.5070000000000006,-0.09900000000000009,-0.0275,0.0,1.7763568394002505e-15,"analytical (Lemma 3; acquisition-stage comparison, no entry prediction)"
0.9,1.2,0.5399999999999999,9.059999999999999,0.9733333333333332,8.086666666666666,0.9399999999999997,0.04166666666666666,-0.5200000000000005,-0.08999999999999975,-0.024999999999999994,0.0,1.7763568394002505e-15,"analytical (Lemma 3; acquisition-stage comparison, no entry prediction)"
0.9,3,1.3500000000000003,9.149999999999999,1.583333333333333,7.5666666666666655,0.85,0.016666666666666663,-0.5200000000000005,-0.08999999999999975,-0.024999999999999994,0.0,1.7763568394002505e-15,"analytical (Lemma 3; acquisition-stage comparison, no entry prediction)"
0.91,1.2,0.546,9.154,0.9776666666666667,8.176333333333334,0.8459999999999998,0.037499999999999985,-0.5330000000000013,-0.08100000000000018,-0.022499999999999992,0.0,1.7763568394002505e-15,"analytical (Lemma 3; acquisition-stage comparison, no entry prediction)"
0.91,3,1.3650000000000002,9.235,1.5916666666666668,7.643333333333333,0.7649999999999996,0.014999999999999993,-0.5330000000000013,-0.08100000000000018,-0.022499999999999992,0.0,2.220446049250313e-16,"analytical (Lemma 3; acquisition-stage comparison, no entry prediction)"
0.92,1.2,0.552,9.248000000000001,0.982,8.266000000000002,0.7519999999999998,0.033333333333333326,-0.5460000000000012,-0.07200000000000006,-0.019999999999999997,0.0,1.1102230246251565e-16,"analytical (Lemma 3; acquisition-stage comparison, no entry prediction)"
0.92,3,1.38,9.32,1.5999999999999999,7.720000000000001,0.6799999999999997,0.013333333333333329,-0.5460000000000012,-0.07200000000000006,-0.019999999999999997,0.0,2.220446049250313e-16,"analytical (Lemma 3; acquisition-stage comparison, no entry prediction)"
0.93,1.2,0.558,9.342000000000002,0.9863333333333334,8.35566666666667,0.6579999999999994,0.029166666666666646,-0.5590000000000019,-0.06299999999999983,-0.017499999999999988,0.0,1.7763568394002505e-15,"analytical (Lemma 3; acquisition-stage comparison, no entry prediction)"
0.93,3,1.3950000000000002,9.405000000000001,1.6083333333333334,7.796666666666668,0.5949999999999995,0.011666666666666659,-0.5590000000000019,-0.06299999999999983,-0.017499999999999988,0.0,2.220446049250313e-16,"analytical (Lemma 3; acquisition-stage comparison, no entry prediction)"
0.94,1.2,0.564,9.436,0.9906666666666668,8.445333333333334,0.5640000000000005,0.025000000000000022,-0.5720000000000018,-0.05400000000000005,-0.015000000000000013,0.0,1.7763568394002505e-15,"analytical (Lemma 3; acquisition-stage comparison, no entry prediction)"
0.94,3,1.41,9.489999999999998,1.6166666666666665,7.873333333333332,0.5100000000000005,0.010000000000000009,-0.5720000000000018,-0.05400000000000005,-0.015000000000000013,0.0,2.220446049250313e-16,"analytical (Lemma 3; acquisition-stage comparison, no entry prediction)"
0.95,1.2,0.5700000000000001,9.530000000000001,0.995,8.535000000000002,0.4700000000000004,0.02083333333333335,-0.5850000000000009,-0.044999999999999984,-0.01250000000000001,0.0,3.552713678800501e-15,"analytical (Lemma 3; acquisition-stage comparison, no entry prediction)"
0.95,3,1.4249999999999998,9.575000000000001,1.625,7.950000000000001,0.42500000000000043,0.00833333333333334,-0.5850000000000009,-0.044999999999999984,-0.01250000000000001,0.0,1.7763568394002505e-15,"analytical (Lemma 3; acquisition-stage comparison, no entry prediction)"
0.96,1.2,0.576,9.623999999999999,0.9993333333333332,8.624666666666666,0.37600000000000033,0.01666666666666668,-0.597999999999999,-0.035999999999999976,-0.010000000000000009,0.0,1.7763568394002505e-15,"analytical (Lemma 3; acquisition-stage comparison, no entry prediction)"
0.96,3,1.4400000000000002,9.66,1.6333333333333335,8.026666666666667,0.34000000000000036,0.006666666666666671,-0.597999999999999,-0.035999999999999976,-0.010000000000000009,0.0,2.220446049250313e-16,"analytical (Lemma 3; acquisition-stage comparison, no entry prediction)"
0.97,1.2,0.582,9.718,1.0036666666666667,8.714333333333332,0.28200000000000025,0.012500000000000011,-0.6109999999999971,-0.027000000000000024,-0.007500000000000007,0.0,1.7763568394002505e-15,"analytical (Lemma 3; acquisition-stage comparison, no entry prediction)"
0.97,3,1.455,9.745000000000001,1.6416666666666666,8.103333333333335,0.2550000000000002,0.0050000000000000044,-0.6109999999999971,-0.027000000000000024,-0.007500000000000007,0.0,1.7763568394002505e-15,"analytical (Lemma 3; acquisition-stage comparison, no entry prediction)"
0.98,1.2,0.588,9.812000000000001,1.0079999999999998,8.804000000000002,0.18800000000000017,0.00833333333333334,-0.6240000000000006,-0.017999999999999988,-0.0050000000000000044,0.0,1.7763568394002505e-15,"analytical (Lemma 3; acquisition-stage comparison, no entry prediction)"
0.98,3,1.47,9.830000000000002,1.6499999999999997,8.180000000000001,0.17000000000000018,0.0033333333333333357,-0.6240000000000006,-0.017999999999999988,-0.0050000000000000044,0.0,1.7763568394002505e-15,"analytical (Lemma 3; acquisition-stage comparison, no entry prediction)"
0.99,1.2,0.594,9.906,1.0123333333333333,8.893666666666668,0.09400000000000008,0.00416666666666667,-0.6370000000000022,-0.008999999999999994,-0.0025000000000000022,0.0,1.7763568394002505e-15,"analytical (Lemma 3; acquisition-stage comparison, no entry prediction)"
0.99,3,1.485,9.915,1.6583333333333332,8.256666666666666,0.08500000000000009,0.0016666666666666679,-0.6370000000000022,-0.008999999999999994,-0.0025000000000000022,0.0,1.7763568394002505e-15,"analytical (Lemma 3; acquisition-stage comparison, no entry prediction)"
1,1.2,0.6,10.0,1.0166666666666666,8.983333333333334,0.0,0.0,-0.6500000000000004,0.0,0.0,0.0,1.7763568394002505e-15,payment-stage limit (eta = 1: buyer rents extinguished; not a positive-cost entry equilibrium)
1,3,1.5,10.0,1.6666666666666667,8.333333333333334,0.0,0.0,-0.6500000000000004,0.0,0.0,0.0,0.0,payment-stage limit (eta = 1: buyer rents extinguished; not a positive-cost entry equilibrium)
