r,x_prime,branch,Delta_T,tau,x_star,e_H,e_L,E,mat_H,mat_L,mat,J,J_quad_abs_err,resid_H,suff_margin,prob_H_s0,prob_H_s05,prob_H_s1,prob_L_s0,prob_L_s05,prob_L_s1,mat_bench,floor_bench,disclosure_spread,region,status
1.2,0.545611739851,live_minimal_pool,0.0166666666667,0.633116883117,0.545611739851,0.601616954492,0.230857867397,0.416237410945,0.0100269492415,0.00384763112328,0.00693729018241,0.00277416081006,4.48e-44,0.27667047506,-0.018612919595,0.380620276485,0.488726109114,0.601616954492,0.380620276485,0.29642736938,0.230857867397,0.00936963430347,0.00416666666667,0.4125,trading_impossible,closed form of a hypothetical profile; no live equilibrium exists here (Prop F.1 iv)
1.25,0.554148305753,live_minimal_pool,0.025,0.635097493036,0.554148305753,0.599912908844,0.22987460062,0.414893754732,0.0149978227211,0.00574686501551,0.0103723438683,0.00414565380986,0.0,0.276417043124,-0.0179271730951,0.378999143636,0.486644533332,0.599912908844,0.378999143636,0.295164829847,0.22987460062,0.0140292579012,0.00625,0.425,live_candidate,closed form; sufficient test fails (existence open)
1.3,0.562650691631,live_minimal_pool,0.0346153846154,0.637065637066,0.562650691631,0.598208440983,0.228899433622,0.413553937302,0.0207072152648,0.00792344193306,0.0143153285989,0.00571866462531,0.0,0.276167729566,-0.0171406676873,0.377391365063,0.48458010478,0.598208440983,0.377391365063,0.293912690636,0.228899433622,0.019390342603,0.00865384615385,0.438461538462,live_candidate,closed form; sufficient test fails (existence open)
1.35,0.571130043347,live_minimal_pool,0.0453703703704,0.639023885844,0.571130043347,0.59650135883,0.227931028531,0.412216193681,0.0270634875766,0.0103413151834,0.01870240138,0.00746741767729,0.0,0.275922223851,-0.0162662911614,0.375794734992,0.482529991187,0.59650135883,0.375794734992,0.292669233886,0.227931028531,0.0253693936276,0.0113425925926,0.452777777778,live_candidate,closed form; sufficient test fails (existence open)
1.4,0.579596001092,live_minimal_pool,0.0571428571429,0.640974440895,0.579596001092,0.594789737534,0.226968240472,0.410878989003,0.033987985002,0.0129696137412,0.0234787993716,0.00936981703984,0.0,0.275680274641,-0.0153150914801,0.374207365839,0.480491768849,0.594789737534,0.374207365839,0.291432989546,0.226968240472,0.0318948138144,0.0142857142857,0.467857142857,live_candidate,closed form; sufficient test fails (existence open)
1.45,0.588056971702,live_minimal_pool,0.0698275862069,0.642919200695,0.588056971702,0.59307187033,0.22601008283,0.40954097658,0.0414127771523,0.0157817385425,0.0285972578474,0.0114068049057,0.0,0.27544167984,-0.0142965975472,0.372627630955,0.478463349107,0.59307187033,0.372627630955,0.290202690782,0.22601008283,0.0389048399373,0.0174568965517,0.483620689655,live_candidate,closed form; sufficient test fails (existence open)
1.5,0.596520344871,live_minimal_pool,0.0833333333333,0.644859813084,0.596520344871,0.591346229412,0.225055699744,0.408200964578,0.049278852451,0.0187546416454,0.0340167470482,0.0135618496043,0.0,0.275206278755,-0.0132190751978,0.371054119261,0.476442920097,0.591346229412,0.371054119261,0.288977238642,0.225055699744,0.0463458936195,0.0208333333333,0.5,live_candidate,closed form; sufficient test fails (existence open)
1.55,0.604992666351,live_minimal_pool,0.0975806451613,0.646797717185,0.604992666351,0.589611434512,0.224104344095,0.406857889303,0.0575346641741,0.0218682464802,0.0397014553272,0.0158205336324,0.0,0.274973945872,-0.0120897331838,0.369485598966,0.474428900172,0.589611434512,0.369485598966,0.287755673808,0.224104344095,0.0541712527857,0.0243951612903,0.516935483871,live_candidate,closed form; sufficient test fails (existence open)
1.6,0.613479777826,live_minimal_pool,0.1125,0.648734177215,0.613479777826,0.587866227437,0.223155359778,0.405510793608,0.0661349505867,0.025104977975,0.0456199642809,0.0181702196122,3.59e-43,0.274744585897,-0.0109148901939,0.367920988337,0.472419900357,0.587866227437,0.367920988337,0.286537153825,0.223155359778,0.0623399732106,0.028125,0.534375,live_candidate,closed form; sufficient test fails (existence open)
1.65,0.621986930751,live_minimal_pool,0.12803030303,0.650670309965,0.621986930751,0.586109451281,0.222208167298,0.404158809289,0.0750397706564,0.028449378995,0.0517445748257,0.0205997774984,0.0,0.274518129762,-0.00970011125082,0.366359331947,0.470414693861,0.586109451281,0.366359331947,0.285320934606,0.222208167298,0.0708160068768,0.0320075757576,0.552272727273,live_candidate,closed form; sufficient test fails (existence open)
1.66,0.623691192541,live_minimal_pool,0.131204819277,0.651057586502,0.623691192541,0.585756612046,0.222018897506,0.403887754776,0.0768540904238,0.0291299493234,0.0529920198736,0.0210943867921,3.59e-43,0.27447318257,-0.00945280660393,0.366047278816,0.470014009709,0.585756612046,0.366047278816,0.285077907383,0.222018897506,0.0725452197245,0.0328012048193,0.555903614458,live_candidate,closed form; sufficient test fails (existence open)
1.7,0.630518879678,live_minimal_pool,0.144117647059,0.652607107273,0.630518879678,0.584340033307,0.22126225199,0.402801142649,0.0842137106824,0.0318877951398,0.0580507529111,0.0230993603111,0.0,0.274294531424,-0.00845031984444,0.36479978126,0.46841219114,0.584340033307,0.36479978126,0.284106355309,0.22126225199,0.079567476448,0.0360294117647,0.570588235294,live_candidate,closed form; sufficient test fails (existence open)
1.75,0.63907995929,live_minimal_pool,0.160714285714,0.654545454545,0.63907995929,0.582556970761,0.220317154321,0.401437062541,0.0936252274437,0.0354081140872,0.0645166707655,0.0256602186096,0.0,0.274073765269,-0.00716989069518,0.363241578628,0.466411419357,0.582556970761,0.363241578628,0.28289282588,0.220317154321,0.0885660745027,0.0401785714286,0.589285714286,live_candidate,closed form; sufficient test fails (existence open)
1.8,0.6476741484,live_minimal_pool,0.177777777778,0.656486146096,0.6476741484,0.580759319019,0.219372461846,0.400065890433,0.103246101159,0.0389995487727,0.0711228249659,0.0282745461093,0.0,0.273855824016,-0.00586272694535,0.361684044052,0.464411505373,0.580759319019,0.361684044052,0.281679816732,0.219372461846,0.0977865631688,0.0444444444444,0.608333333333,live_candidate,closed form; sufficient test fails (existence open)
1.85,0.656305123466,live_minimal_pool,0.19527027027,0.658429897936,0.656305123466,0.578946181615,0.218427802521,0.398686992068,0.113050977356,0.0426524560328,0.0778517166944,0.0309353505044,7.17e-43,0.273640717028,-0.00453232474781,0.360126564129,0.462411661566,0.578946181615,0.360126564129,0.280466850148,0.218427802521,0.107206355088,0.0488175675676,0.627702702703,live_candidate,closed form; sufficient test fails (existence open)
1.9,0.664976303593,live_minimal_pool,0.213157894737,0.660377358491,0.664976303593,0.577116701793,0.217482839078,0.397299770435,0.123016981172,0.0463581841193,0.0846875826454,0.0336363448164,7.17e-43,0.273428468949,-0.00318182759178,0.3585685828,0.460411173941,0.577116701793,0.3585685828,0.27925349307,0.217482839078,0.116805160668,0.0532894736842,0.647368421053,live_candidate,closed form; sufficient test fails (existence open)
1.95,0.673690888606,live_minimal_pool,0.23141025641,0.662329117626,0.673690888606,0.575270055298,0.216537264302,0.3959036598,0.133123391002,0.0501089438545,0.0916161674281,0.0363718555564,7.17e-43,0.273219118614,-0.00181407222181,0.357009593554,0.458409392125,0.575270055298,0.357009593554,0.278039351024,0.216537264302,0.126564689674,0.0578525641026,0.667307692308,live_candidate,closed form; sufficient test fails (existence open)
2.0,0.682451891443,live_minimal_pool,0.25,0.664285714286,0.682451891443,0.573405444189,0.215590797023,0.394498120606,0.143351361047,0.0538976992557,0.0986245301515,0.0391367447357,7.17e-43,0.273012718189,-0.000431627632168,0.355449132819,0.456405720879,0.573405444189,0.355449132819,0.276824062981,0.215590797023,0.136468397614,0.0625,0.6875,live_candidate,closed form; sufficient test fails (existence open)
2.05,0.691262165864,live_minimal_pool,0.268902439024,0.666247642992,0.691262165864,0.571522091469,0.214643178707,0.393082635088,0.153683684352,0.0577180742743,0.105700879313,0.0419263433448,7.17e-43,0.272809332503,0.000963171672416,0.353886774345,0.454399612889,0.571522091469,0.353886774345,0.275607296979,0.214643178707,0.146501269241,0.0672256097561,0.707926829268,live_candidate,closed form; sufficient test holds
2.1,0.70012443029,live_minimal_pool,0.288095238095,0.668215359388,0.70012443029,0.569619236419,0.213694170547,0.391656703483,0.16410458954,0.0615642729433,0.112834431242,0.0447363943743,1.43e-42,0.272609038539,0.00236819718714,0.352322124405,0.452390562598,0.569619236419,0.352322124405,0.27438874638,0.213694170547,0.156649632955,0.0720238095238,0.728571428571,live_candidate,closed form; sufficient test holds
2.15,0.709041288415,live_minimal_pool,0.307558139535,0.670189284998,0.709041288415,0.567696130484,0.212743550956,0.39021984072,0.174599565713,0.0654310107301,0.120015288222,0.0475630038126,0.0,0.272411925072,0.00378150190629,0.350754817666,0.450378100909,0.567696130484,0.350754817666,0.273168126664,0.212743550956,0.16690100105,0.0768895348837,0.749418604651,live_candidate,closed form; sufficient test holds
2.2,0.718015247138,live_minimal_pool,0.327272727273,0.672169811321,0.718015247138,0.565752033644,0.211791113416,0.38877157353,0.185155211011,0.0693134552996,0.127234333155,0.0504025983443,0.0,0.272218092427,0.00520129917214,0.349184513633,0.448361790619,0.565752033644,0.349184513633,0.271945172654,0.211791113416,0.177243931685,0.0818181818182,0.770454545455,live_candidate,closed form; sufficient test holds
2.25,0.727048732236,live_minimal_pool,0.347222222222,0.674157303371,0.727048732236,0.563786211163,0.210836664604,0.387311437884,0.195759101098,0.0732071752099,0.134483138154,0.0532518886972,7.17e-43,0.272027652346,0.00662594434858,0.347610893577,0.44634122247,0.563786211163,0.347610893577,0.270719636122,0.210836664604,0.187667909171,0.0868055555556,0.791666666667,live_candidate,closed form; sufficient test holds
2.3,0.736144102145,live_minimal_pool,0.367391304348,0.676152102745,0.736144102145,0.561797930669,0.209880022778,0.385838976724,0.206399674528,0.0771080953251,0.141753884927,0.0561078377734,7.17e-43,0.271840727955,0.00805391888668,0.34603365785,0.444316011709,0.561797930669,0.34603365785,0.269491283703,0.209880022778,0.198163239782,0.091847826087,0.813043478261,live_candidate,closed form; sufficient test holds
2.35,0.745303660154,live_minimal_pool,0.387765957447,0.678154530295,0.745303660154,0.559786459501,0.208921016352,0.384353737926,0.217066132434,0.0810124579364,0.149039295185,0.0589676328462,0.0,0.271657453814,0.00948381642312,0.344452523555,0.442285795087,0.559786459501,0.344452523555,0.268259895076,0.208921016352,0.208720960751,0.0969414893617,0.834574468085,live_candidate,closed form; sufficient test holds
2.4,0.754529665239,live_minimal_pool,0.408333333333,0.680164888458,0.754529665239,0.557751062282,0.207959482656,0.382855272469,0.227748350432,0.0849167887511,0.156332569592,0.0618286612258,0.0,0.271477976058,0.0109143306129,0.342867222498,0.440250228237,0.557751062282,0.342867222498,0.267025261371,0.207959482656,0.219332760527,0.102083333333,0.85625,live_candidate,closed form; sufficient test holds
2.45,0.763824341769,live_minimal_pool,0.429081632653,0.682183463301,0.763824341769,0.555690998673,0.206995266849,0.381343132761,0.238436800961,0.0888178670508,0.163627334006,0.0646884888928,0.0,0.271302452608,0.0123442444464,0.341277499387,0.438208983357,0.555690998673,0.341277499387,0.265787183768,0.206995266849,0.229990908668,0.107270408163,0.87806122449,live_candidate,closed form; sufficient test holds
2.5,0.773189888233,live_minimal_pool,0.45,0.684210526316,0.773189888233,0.553605521277,0.206028220949,0.379816871113,0.249122484575,0.0927126994271,0.170917592001,0.0675448416829,0.0,0.271131053459,0.0137724208415,0.339683110243,0.436161747172,0.553605521277,0.339683110243,0.264545472254,0.206028220949,0.240688194001,0.1125,0.9,live_candidate,closed form; sufficient test holds
2.55,0.782628485165,live_minimal_pool,0.471078431373,0.686246335996,0.782628485165,0.55149387367,0.205058202985,0.378276038327,0.25979686892,0.0965984966021,0.178197682761,0.0703955886677,1.43e-42,0.270963961037,0.0151977943338,0.338083820992,0.434108219125,0.55149387367,0.338083820992,0.263299944533,0.205058202985,0.251417869914,0.117769607843,0.922058823529,live_candidate,closed form; sufficient test holds
2.6,0.792142302351,live_minimal_pool,0.492307692308,0.688291139241,0.792142302351,0.549355288529,0.204085076229,0.376720182379,0.270451834353,0.100472652913,0.185462243633,0.0732387274332,0.0,0.270801370634,0.0166193637166,0.336479406212,0.432048109768,0.549355288529,0.336479406212,0.262050425045,0.204085076229,0.262173605802,0.123076923077,0.944230769231,live_candidate,closed form; sufficient test holds
2.65,0.801733505467,live_minimal_pool,0.513679245283,0.690345172586,0.801733505467,0.547188985838,0.203108708526,0.375148847182,0.281079625273,0.104332728106,0.192706176689,0.0760723710043,0.0,0.270643490899,0.0180361855022,0.334869648012,0.429981139324,0.547188985838,0.334869648012,0.260796744098,0.203108708526,0.272949443838,0.128419811321,0.966509433962,live_candidate,closed form; sufficient test holds
2.7,0.811404262208,live_minimal_pool,0.535185185185,0.692408663312,0.811404262208,0.544994171151,0.202128971678,0.373561571415,0.291672806412,0.108176431139,0.199924618776,0.0788947361974,0.0,0.270490544414,0.0194473680987,0.333254335031,0.427907036401,0.544994171151,0.333254335031,0.259538737084,0.202128971678,0.283739760378,0.133796296296,0.988888888889,live_candidate,closed form; sufficient test holds
2.75,0.821156748,live_minimal_pool,0.556818181818,0.694481830417,0.821156748,0.542770033901,0.2011457409,0.3719578874,0.302224223422,0.112001605729,0.207112914575,0.0817041332184,0.0,0.270342768337,0.0208520666092,0.331633261533,0.425825536827,0.542770033901,0.331633261533,0.258276243774,0.2011457409,0.294539231386,0.139204545455,1.01136363636,live_candidate,closed form; sufficient test holds
2.8,0.830993151362,live_minimal_pool,0.578571428571,0.696564885496,0.830993151362,0.540515745735,0.200158894324,0.370337320029,0.312726967175,0.11580621743,0.214266592303,0.0844989563485,1.43e-42,0.270200415115,0.0222494781743,0.330006226591,0.423736382608,0.540515745735,0.330006226591,0.257009107688,0.200158894324,0.30534280137,0.144642857143,1.03392857143,live_candidate,closed form; sufficient test holds
2.85,0.840915678971,live_minimal_pool,0.600438596491,0.698658033523,0.840915678971,0.538230458867,0.199168312547,0.368699385707,0.323174341311,0.119588342051,0.221381341681,0.0872776755802,0.0,0.270063753286,0.0236388377901,0.328373033345,0.42163932097,0.538230458867,0.328373033345,0.255737175509,0.199168312547,0.316145655384,0.150109649123,1.05657894737,live_candidate,closed form; sufficient test holds
2.9,0.85092656049,live_minimal_pool,0.622413793103,0.700761473554,0.85092656049,0.535913304433,0.198173878224,0.367043591329,0.333559832587,0.12334615524,0.228452993913,0.0900388290886,0.0,0.26993306835,0.0250194145443,0.326733488326,0.419534103493,0.535913304433,0.326733488326,0.254460296564,0.198173878224,0.326943193711,0.155603448276,1.07931034483,live_candidate,closed form; sufficient test holds
2.95,0.861028053199,live_minimal_pool,0.644491525424,0.702875399361,0.861028053199,0.533563390834,0.197175475693,0.365369433263,0.343877083669,0.127077923105,0.235477503387,0.0927810164364,1.43e-42,0.269808663743,0.0263905082182,0.325087400835,0.417420485317,0.533563390834,0.325087400835,0.253178322337,0.197175475693,0.337731008896,0.161122881356,1.10211864407,live_candidate,closed form; sufficient test holds
3.0,0.871222446472,live_minimal_pool,0.666666666667,0.705,0.871222446472,0.531179802069,0.196172990624,0.363676396346,0.354119868046,0.130781993749,0.242450930898,0.095502892424,1.43e-42,0.269690861885,0.027751446212,0.323434582378,0.415298224409,0.531179802069,0.323434582378,0.251891106028,0.196172990624,0.34850486484,0.166666666667,1.125,live_candidate,closed form; sufficient test holds
3.05,0.881512066138,live_minimal_pool,0.68893442623,0.707135460328,0.881512066138,0.528761596034,0.195166309704,0.361963952869,0.364282066776,0.134456789595,0.249369428186,0.0982031615092,0.0,0.269580005347,0.0291015807546,0.321774846133,0.413167080886,0.528761596034,0.321774846133,0.250598502141,0.195166309704,0.359260677697,0.172233606557,1.14795081967,live_candidate,closed form; sufficient test holds
3.1,0.89189927875,live_minimal_pool,0.711290322581,0.709281961471,0.89189927875,0.526307802785,0.19415532034,0.360231561562,0.37435764682,0.138100800435,0.256229223627,0.10088057273,0.0,0.269476458108,0.0304402863652,0.320108006464,0.411026816385,0.526307802785,0.320108006464,0.249300366102,0.19415532034,0.369994498366,0.177822580645,1.17096774194,live_candidate,closed form; sufficient test holds
3.15,0.902386495811,live_minimal_pool,0.73373015873,0.711439681244,0.902386495811,0.523817422756,0.193139910379,0.358478666567,0.384340640744,0.141712577099,0.263026608922,0.103533915075,0.0,0.269380606938,0.0317669575373,0.318433878463,0.40887719348,0.523817422756,0.318433878463,0.247996553903,0.193139910379,0.380702496374,0.183432539683,1.19404761905,live_candidate,closed form; sufficient test holds
3.2,0.912976177961,live_minimal_pool,0.75625,0.713608794541,0.912976177961,0.521289424919,0.192119967848,0.356704696384,0.394225127595,0.145290725685,0.26975792664,0.106162013239,1.43e-42,0.269292862904,0.0330810066195,0.316752277517,0.406717975125,0.521289424919,0.316752277517,0.24668692177,0.192119967848,0.39138094498,0.1890625,1.2171875,live_candidate,closed form; sufficient test holds
3.25,0.923670839172,live_minimal_pool,0.778846153846,0.715789473684,0.923670839172,0.518722744883,0.191095380708,0.354909062796,0.404005214765,0.148833902282,0.276419558523,0.108763723743,1.43e-42,0.269213663012,0.0343818618713,0.315063018906,0.404548924134,0.518722744883,0.315063018906,0.245371325841,0.191095380708,0.402026207354,0.194711538462,1.24038461538,live_candidate,closed form; sufficient test holds
3.3,0.934473050957,live_minimal_pool,0.801515151515,0.717981888745,0.934473050957,0.516116282912,0.190066036622,0.353091159767,0.413675020698,0.152340808141,0.283007914419,0.111337931348,0.0,0.269143471994,0.0356689656739,0.313365917416,0.402369802686,0.516116282912,0.313365917416,0.244049621872,0.190066036622,0.412634723693,0.200378787879,1.26363636364,live_candidate,closed form; sufficient test holds
3.35,0.945385446637,live_minimal_pool,0.824253731343,0.720186207841,0.945385446637,0.51346890187,0.189031822727,0.351250362299,0.423228658295,0.155810185225,0.28951942176,0.113883545755,0.0,0.269082784266,0.0369417728777,0.311660786969,0.400180371854,0.51346890187,0.311660786969,0.242721664944,0.189031822727,0.423202999156,0.206063432836,1.28694029851,live_candidate,closed form; sufficient test holds
3.4,0.956410725664,live_minimal_pool,0.847058823529,0.722402597403,0.956410725664,0.510779425067,0.187992625424,0.349386025245,0.43266021888,0.159240812124,0.295950515502,0.116399498546,0.0,0.269032126058,0.0381997492731,0.309947440271,0.397980391145,0.510779425067,0.309947440271,0.241387309194,0.187992625424,0.433727592509,0.211764705882,1.31029411765,live_candidate,closed form; sufficient test holds
3.45,0.967551658041,live_minimal_pool,0.869927536232,0.724631222425,0.967551658041,0.508046634002,0.186948330166,0.347497482084,0.441963756608,0.162631500264,0.302297628436,0.118884740338,1.43e-42,0.268992057742,0.0394423701688,0.308225688467,0.395769618067,0.508046634002,0.308225688467,0.240046407541,0.186948330166,0.444205105385,0.217481884058,1.33369565217,live_candidate,closed form; sufficient test holds
3.5,0.978811088855,live_minimal_pool,0.892857142857,0.726872246696,0.978811088855,0.505269265998,0.185898821261,0.34558404363,0.451133273212,0.165981090412,0.308557181812,0.121338238132,1.43e-42,0.268963176377,0.0406691190662,0.306495340812,0.393547807699,0.505269265998,0.306495340812,0.238698811432,0.185898821261,0.454632172073,0.223214285714,1.35714285714,live_candidate,closed form; sufficient test holds
3.55,0.99019194294,live_minimal_pool,0.915845070423,0.729125833007,0.99019194294,0.502446011707,0.184843981672,0.34364499669,0.460162702976,0.169288449412,0.314725576194,0.123758972839,2.87e-42,0.26894611849,0.0418794864195,0.304756204344,0.391314712271,0.502446011707,0.304756204344,0.237344370589,0.184843981672,0.465005449751,0.228961267606,1.38063380282,live_candidate,closed form; sufficient test holds
3.59,0.999386070306,live_minimal_pool,0.934275766017,0.730937855605,0.999386070306,0.500153458869,0.183996192281,0.342074825575,0.467281255911,0.171903183487,0.319592219699,0.125671293798,0.0,0.268941439889,0.0428356468988,0.303358435941,0.389519942115,0.500153458869,0.303358435941,0.236255787462,0.183996192281,0.473263106278,0.233568941504,1.39945682451,live_candidate,closed form; sufficient test holds
3.5926,0.999986482435,live_minimal_pool,0.935474970773,0.731055920907,0.999986482435,0.50000337938,0.183940963798,0.341972171589,0.467740646712,0.172072167733,0.319906407223,0.125794834363,0.0,0.268941421379,0.0428974171817,0.303267379568,0.389403023417,0.50000337938,0.303267379568,0.236184872687,0.183940963798,0.47379854811,0.233868742693,1.40068122808,live_candidate,closed form; sufficient test holds
3.5927,inf,dead,0.935521096947,0.731060462575,inf,0,0,0,0,0,0,0,0,nan,-0.02,0,0,0,0,0,0,0.233880274237,0.233880274237,1.40072832271,above_ceiling,analytical (Prop F.1)
3.6,inf,dead,0.938888888889,0.731392143349,inf,0,0,0,0,0,0,0,0,nan,-0.02,0,0,0,0,0,0,0.234722222222,0.234722222222,1.40416666667,above_ceiling,analytical (Prop F.1)
